date,temperature,rainfall,aqi,water_quality,humidity,population_density,traffic_density,industrial_emission,respiratory_cases,water_stress_index,urban_expansion_rate,forest_cover_ha,day_of_week,health_risk_label,traffic_status_label
2020-01-01,21.6,1.9,0.0,83.43357076505616,52.70736400639072,1000.0,0.0,0.0,0.9895833367103775,27.36642923494384,0.11046299189579303,100000.0,2,0,0
2020-01-02,22.4,1.0,0.0,79.80867849414408,81.25674378307096,1000.1369863013699,0.0,0.0,0.0,31.391321505855924,2.319162652972434,100010.27397260275,3,0,0
2020-01-03,23.0,0.0,0.0,83.23844269050346,64.26278020736206,1000.2739726027397,0.0,0.9175248444837286,0.0,28.26155730949654,0.3700099197714196,100020.54794520549,4,0,0
2020-01-04,23.4,0.0,0.0,87.61514928204012,67.1702926099132,1000.4109589041096,0.0,2.5224039642667737,0.0,24.084850717959878,0.3277221523541791,100030.82191780822,5,0,0
2020-01-05,23.3,0.2,0.0,78.92923312638331,55.238045639866286,1000.5479452054794,11.771568088412192,0.0,0.0,32.72076687361669,0.8992183193253861,100041.09589041096,6,0,0
2020-01-06,22.4,0.0,0.0,78.8293152152541,49.09042328334749,1000.6849315068494,33.39809008702812,2.1471318317052637,0.7291823510769195,32.370684784745904,0.9965590864937934,100051.36986301371,0,0,0
2020-01-07,22.0,0.0,0.0,87.89606407753696,44.295519410141026,1000.8219178082192,7.893430596459622,15.781180575621844,2.9264971825816906,23.103935922463037,0.6143201735749086,100061.64383561644,1,0,0
2020-01-08,22.5,0.0,0.0,83.83717364576455,75.7059570462458,1000.9589041095891,0.0,9.854496856152185,2.5744179803818614,27.41282635423545,1.5042919862250994,100071.91780821918,2,0,0
2020-01-09,22.8,0.0,0.0,77.65262807032524,49.81171408439278,1001.0958904109589,8.892053364402814,8.691545924968965,4.099626263176171,33.74737192967476,1.1629938353007125,100082.19178082192,3,0,0
2020-01-10,21.7,0.0,0.0,82.71280021792982,74.50376770943988,1001.2328767123288,23.93262973291302,0.0,1.621701050074341,28.137199782070176,0.1820214136986098,100092.46575342467,4,0,0
2020-01-11,20.9,0.0,0.0,77.68291153593769,59.518822302347694,1001.3698630136986,0.0,0.0,0.0,32.76708846406231,0.8671649494127215,100102.7397260274,5,0,0
2020-01-12,20.6,0.0,0.0,77.67135123214871,60.78874004948257,1001.5068493150685,0.0,9.553005582377528,4.198319322155944,32.62864876785129,2.045038992575609,100113.01369863014,6,0,0
2020-01-13,22.2,0.0,0.0,81.20981135783018,63.45887480463858,1001.6438356164383,0.29376389458394186,8.760467925297942,0.0,29.890188642169825,1.7552836836684846,100123.28767123287,0,0,0
2020-01-14,22.0,0.0,0.0,70.43359877671101,58.38542540637716,1001.7808219178082,0.0,14.72670675750982,0.0,40.56640122328899,1.8396900485917131,100133.56164383562,1,0,0
2020-01-15,20.7,0.0,0.0,71.37541083743484,45.030998861129504,1001.917808219178,12.965608676877181,0.0,0.0,38.97458916256516,1.7754806178004565,100143.83561643836,2,0,0
2020-01-16,21.0,0.0,0.0,77.18856235379513,55.48159050014229,1002.054794520548,0.0,0.0,5.400280295696551,33.311437646204865,0.8463352513192799,100154.1095890411,3,0,0
2020-01-17,21.7,0.0,0.0,74.93584439832789,73.18671803469692,1002.1917808219179,8.390648878140555,0.0,4.713942570700378,35.914155601672114,0.3391934129842621,100164.38356164383,4,0,0
2020-01-18,22.1,0.1,0.0,81.62123666297637,73.28922007344354,1002.3287671232877,0.0,0.0,2.436526185224974,29.42876333702363,0.7539212416794303,100174.65753424658,5,0,0
2020-01-19,22.7,0.2,0.0,75.55987962239394,54.311215361999714,1002.4657534246576,0.0,9.965705105794472,5.359649326058986,35.790120377606065,2.096284720444382,100184.93150684932,6,0,0
2020-01-20,23.3,0.0,0.0,72.93848149332354,63.0051313278844,1002.6027397260274,14.447627156555427,0.0,0.0,38.71151850667646,2.4531299146793706,100195.20547945205,0,0,0
2020-01-21,22.1,0.0,0.0,87.32824384460777,49.67236140059687,1002.7397260273973,0.0,6.404797952008238,1.742975599304902,23.72175615539223,1.2852328353797473,100205.47945205479,1,0,0
2020-01-22,21.8,0.0,0.0,78.87111849756732,50.51860407649179,1002.8767123287671,34.5392770246681,0.0,0.0,32.028881502432675,0.12328085181530134,100215.75342465754,2,0,0
2020-01-23,22.3,0.0,0.0,80.33764102343962,41.15235442033037,1003.013698630137,0.0,3.2405702822156064,4.23441051942457,30.812358976560382,0.43610754912214966,100226.02739726027,3,0,0
2020-01-24,22.3,0.0,0.0,72.87625906893271,84.83732749538723,1003.1506849315068,4.493694515037719,0.0,0.0,38.27374093106729,0.8729933807590378,100236.30136986301,4,0,0
2020-01-25,22.1,0.0,0.0,77.27808637737408,50.53533325374531,1003.2876712328767,18.6518166374618,0.8520944963390107,0.0,33.77191362262592,1.4886048366230795,100246.57534246575,5,0,0
2020-01-26,22.5,0.0,0.0,80.55461294854933,51.376693846823166,1003.4246575342465,0.0,0.0,2.70454259280495,30.695387051450666,0.28022474993275354,100256.8493150685,6,0,0
2020-01-27,23.1,0.0,0.0,74.24503211288848,53.98007163225659,1003.5616438356165,0.0,0.0,4.380845835956164,37.304967887111516,2.3640575169037157,100267.12328767125,0,0,0
2020-01-28,23.1,0.0,0.0,81.87849009172837,46.37040358477145,1003.6986301369863,0.0,0.0,0.0,29.671509908271634,0.9762008158825617,100277.39726027397,1,0,0
2020-01-29,23.9,0.0,0.0,76.99680655040598,71.96314415906814,1003.8356164383562,25.25168206854364,12.05994516546816,0.0,34.953193449594025,2.2902021230195753,100287.67123287672,2,0,0
2020-01-30,23.9,0.0,0.0,78.54153125103362,43.757147658879326,1003.972602739726,0.0,7.774073527645112,0.0,33.408468748966385,1.9732523266168522,100297.94520547945,3,0,0
2020-01-31,24.3,0.0,0.0,76.99146693885301,46.71012131631751,1004.1095890410959,51.163985713365044,4.66670981966081,0.0,35.15853306114699,1.9130494540373948,100308.2191780822,4,0,0
2020-02-01,23.0,0.0,0.0,89.26139092254469,72.23783632950465,1004.2465753424658,0.0,15.2100622715938,1.002298157068645,22.23860907745531,1.5561269914773568,100318.49315068492,5,0,0
2020-02-02,22.9,0.0,0.0,79.93251387631032,56.98303102407213,1004.3835616438356,3.6910260639407393,0.0,3.04452678127316,31.517486123689675,1.6042811609244272,100328.76712328767,6,0,0
2020-02-03,22.5,0.0,0.0,74.71144535522049,75.39739133505945,1004.5205479452055,30.84219905135751,17.47363197915558,1.3103340454336276,36.53855464477951,1.6312077645189955,100339.04109589041,0,0,0
2020-02-04,22.0,0.0,0.0,84.11272456051594,67.8712372335071,1004.6575342465753,40.12185776318246,9.321915642603848,0.0,26.887275439484057,1.6089313288613971,100349.31506849316,1,0,0
2020-02-05,22.9,0.0,0.0,73.89578175014489,52.80105865307566,1004.7945205479452,41.230071532727955,0.0,0.0,37.55421824985511,1.428947755356067,100359.58904109588,2,0,0
2020-02-06,23.0,0.0,0.0,81.04431797502377,72.5413975244664,1004.931506849315,24.16732461186285,11.356201471829442,0.0,30.455682024976227,2.4673936443589333,100369.86301369863,3,0,0
2020-02-07,23.1,0.0,0.0,70.20164938060113,45.81368401464403,1005.068493150685,20.48125051622925,0.0,6.848505538270924,41.34835061939887,1.8574973618216706,100380.13698630137,4,0,0
2020-02-08,23.8,0.0,0.0,73.35906975550785,66.82051915400152,1005.2054794520548,11.850538984023661,0.0,0.0,38.54093024449215,1.9646713321420508,100390.41095890412,5,0,0
2020-02-09,22.8,0.7,0.0,81.33430617934562,61.85740525225174,1005.3424657534247,15.567221523332755,0.0,6.277018047299482,30.06569382065438,2.193910756200818,100400.68493150684,6,0,0
2020-02-10,22.7,0.0,0.0,83.69233289997705,53.39367914087204,1005.4794520547945,0.0,0.0,4.7293482184207285,27.657667100022955,0.617535430542038,100410.95890410959,0,0,0
2020-02-11,21.9,0.0,0.0,80.85684140594985,70.200249886975,1005.6164383561644,0.0,0.0,0.0,30.09315859405015,0.3011299818281459,100421.23287671233,1,0,0
2020-02-12,22.7,0.0,0.0,79.4217585880588,83.56667961701413,1005.7534246575342,0.0,12.23083067095325,0.0,31.928241411941208,1.258946647836637,100431.50684931508,2,0,0
2020-02-13,23.5,0.0,0.0,78.49448152205356,89.94523498815383,1005.8904109589041,0.0,0.0,1.7518510819316913,33.25551847794644,1.3337936694862556,100441.7808219178,3,0,0
2020-02-14,23.7,0.0,0.0,72.60739004816287,70.38813843717122,1006.027397260274,0.0,3.5250496835687954,0.0,39.24260995183713,2.0900362718798022,100452.05479452055,4,0,0
2020-02-15,23.9,0.0,0.0,76.40077895802645,60.23529371645851,1006.1643835616438,13.927748949134306,0.0,0.5124232107910377,35.54922104197355,1.1650805902776058,100462.32876712328,5,0,0
2020-02-16,23.8,0.0,0.0,77.69680614520107,51.26035501081008,1006.3013698630137,19.106104171410216,0.0,0.0,34.20319385479893,1.4700472613063507,100472.60273972603,6,0,0
2020-02-17,22.8,0.0,0.0,85.28561113109458,52.854804469755585,1006.4383561643835,1.768137725836947,2.700573583914221,0.0,26.114388868905415,1.3649702524323,100482.87671232875,0,0,0
2020-02-18,23.0,0.0,0.0,81.71809144784231,63.97274890748828,1006.5753424657535,29.550601621105237,0.0,0.0,29.781908552157688,0.19168668101773856,100493.1506849315,1,0,0
2020-02-19,23.1,0.0,0.0,71.18479922318633,58.36388506403546,1006.7123287671233,0.0,0.0,1.133421242472986,40.365200776813666,1.5765157518325936,100503.42465753425,2,0,0
2020-02-20,22.8,0.0,0.0,81.62041984697397,85.6907261312472,1006.8493150684932,0.0,0.0,0.0,29.779580153026025,2.0873038858582054,100513.69863013699,3,0,0
2020-02-21,22.8,0.0,0.0,78.07458859791842,58.41477338278548,1006.986301369863,0.0,19.87275999230808,0.0,33.32541140208158,0.47800131538192914,100523.97260273973,4,0,0
2020-02-22,23.3,0.0,0.0,76.6153899984702,58.67222955727178,1007.1232876712329,0.0,9.113627221747217,3.4793191954689267,35.03461000152979,1.52639616142383,100534.24657534246,5,0,0
2020-02-23,23.5,0.0,0.0,83.05838144420434,59.17672562169885,1007.2602739726027,0.0,1.0575379127148041,5.867211383162224,28.691618555795657,1.5246653066713944,100544.52054794521,6,0,0
2020-02-24,23.5,0.0,0.0,85.15499761247976,81.8310105183829,1007.3972602739726,0.0,12.637066776546686,0.0,26.59500238752024,0.494043913735261,100554.79452054795,0,0,0
2020-02-25,24.5,0.0,0.0,84.65640059558099,72.5394160423451,1007.5342465753424,30.268994864842618,0.0,0.0,27.59359940441901,0.3963125769537664,100565.06849315068,1,0,0
2020-02-26,24.6,0.0,0.0,75.80391238388681,70.70844251594463,1007.6712328767123,12.616233691095552,5.43479378670093,2.5007151655694186,36.496087616113186,2.4521246631435636,100575.34246575342,2,0,0
2020-02-27,24.5,0.0,0.0,78.45393812074393,56.707151119193114,1007.8082191780821,0.0,1.9981043371871348,0.0,33.79606187925607,1.0449260071672901,100585.61643835617,3,0,0
2020-02-28,24.1,0.0,0.0,81.65631715701782,80.89520884162198,1007.945205479452,37.08185132668377,2.6402008133367,1.115765273738485,30.393682842982177,0.6458121489364702,100595.8904109589,4,0,0
2020-02-29,24.5,0.0,0.0,84.8777256356118,41.918193067785054,1008.082191780822,24.42067391050706,12.723535001067678,2.75942985911077,27.372274364388204,0.5111789066904999,100606.16438356164,5,0,0
2020-03-01,24.5,0.0,0.0,77.60412881077355,83.53985861690566,1008.2191780821918,11.641954069372316,7.324921027798022,3.401151042088146,34.645871189226455,1.7022441125997643,100616.43835616438,6,0,0
2020-03-02,24.1,0.0,0.0,79.07170511668092,65.63749498969648,1008.3561643835617,0.0,2.887236628250233,0.0,32.97829488331908,1.562668713585469,100626.71232876713,0,0,0
2020-03-03,25.3,0.5,0.0,74.71832512996986,59.91251174317064,1008.4931506849315,0.0,0.0,0.0,37.93167487003014,1.644525095169802,100636.98630136986,1,0,0
2020-03-04,25.4,1.1,0.0,74.56896687959664,64.85836403588428,1008.6301369863014,0.0,0.0,0.0,38.13103312040336,0.3112144660274854,100647.2602739726,2,0,0
2020-03-05,25.1,1.8,0.0,84.962629111971,73.37077652669154,1008.7671232876712,21.77497239408372,0.0,0.4994347720460649,27.587370888029003,2.2444830003962486,100657.53424657533,3,0,0
2020-03-06,24.3,2.7,0.0,88.13120014285411,40.63827132589487,1008.9041095890411,37.69172611869218,0.9337237427665124,2.40372289883992,24.018799857145886,1.034239352341716,100667.80821917808,4,0,0
2020-03-07,24.2,2.2,0.0,80.73994939209832,83.57759282291238,1009.0410958904109,30.86487056544378,0.0,7.483552037229907,31.360050607901677,0.852086575432859,100678.08219178082,5,0,0
2020-03-08,24.7,1.0,0.0,85.51766448946012,62.336976265569646,1009.1780821917808,0.0,24.116766755784212,0.0,26.832335510539885,1.209667473394574,100688.35616438356,6,0,0
2020-03-09,24.7,0.9,0.0,82.25818012523817,57.14832598500391,1009.3150684931506,0.0,15.163940552535728,0.0,30.091819874761832,1.0361585577943078,100698.63013698629,0,0,0
2020-03-10,25.3,0.5,0.0,77.02440122697438,46.912278281702854,1009.4520547945206,2.817724938224079,6.021183203924835,5.748360094393735,35.62559877302562,2.17258480753395,100708.90410958904,1,0,0
2020-03-11,25.7,0.0,0.0,81.80697802754207,61.97326871792211,1009.5890410958904,0.0,0.7203686128374476,1.4828846926515253,31.04302197245793,2.330226340474941,100719.17808219178,2,0,0
2020-03-12,25.8,0.0,0.0,87.69018283232984,64.81613856421895,1009.7260273972603,6.4633542836956295,0.0,6.338257555939869,25.20981716767016,0.8282877194790549,100729.45205479451,3,0,0
2020-03-13,25.4,0.0,0.0,79.82086980445024,60.18233472467389,1009.8630136986301,0.0,0.0,1.4436400150491815,32.87913019554976,2.1734459379038915,100739.72602739725,4,0,0
2020-03-14,25.3,0.0,0.0,87.82321827907003,73.93300469134485,1010.0,0.0,0.7748051851886253,0.0,24.826781720929965,1.9756555108793612,100750.0,5,0,0
2020-03-15,25.6,0.0,0.0,66.90127447955128,61.044826437961305,1010.1369863013699,0.0,2.577525401427507,0.0,45.89872552044872,2.333938413627428,100760.27397260275,6,0,0
2020-03-16,25.5,0.0,0.0,84.10951252187611,88.07087889232866,1010.2739726027397,10.27200213139433,0.0,0.0,28.640487478123887,0.6898007492461308,100770.54794520549,0,0,0
2020-03-17,25.6,0.0,0.0,80.43523534119086,69.96387589117958,1010.4109589041096,0.0,3.3417641724489746,3.3102591737923657,32.364764658809136,1.48470196029035,100780.82191780822,1,0,0
2020-03-18,26.2,0.0,0.0,78.50496324767066,80.37389678259544,1010.5479452054794,0.0,0.0,5.94298411543504,34.59503675232934,0.7589070033770671,100791.09589041096,2,0,0
2020-03-19,26.8,0.0,0.0,80.45880388267751,45.467795155473944,1010.6849315068494,0.0,0.0,9.246810706931905,32.941196117322484,2.077826777162498,100801.36986301371,3,0,0
2020-03-20,25.3,0.4,0.0,70.26215542699553,59.86456464729528,1010.8219178082192,0.0,0.0,4.215526661616201,42.387844573004465,0.11277805737055423,100811.64383561644,4,0,0
2020-03-21,26.9,0.1,0.0,78.95164056081244,56.84238507235764,1010.9589041095891,35.44503193339488,0.0,5.814192887674929,34.49835943918757,1.4555659909273506,100821.91780821918,5,0,0
2020-03-22,26.3,0.1,0.0,81.83556285755873,68.47411940682959,1011.0958904109589,33.2251842909574,18.876876573401905,0.0,31.31443714244127,0.9140882350526032,100832.19178082192,6,0,0
2020-03-23,25.1,0.7,0.0,87.73947022370757,83.05567600307128,1011.2328767123288,0.0,5.565531245337581,0.0,24.81052977629243,0.8744408969867685,100842.46575342467,0,0,0
2020-03-24,26.7,0.0,0.0,77.40864890863176,43.91691088810033,1011.3698630136986,0.0,0.0,4.250396662087766,35.94135109136824,1.6477751772758007,100852.7397260274,1,0,0
2020-03-25,26.1,0.0,0.0,75.95753198553406,43.62873990223554,1011.5068493150685,9.375485121500475,4.86036289417637,2.088403761197003,37.092468014465936,2.1435626783535855,100863.01369863014,2,0,0
2020-03-26,26.2,0.0,0.0,77.49121478207732,82.51588540787995,1011.6438356164383,0.0,0.0,0.5372218717044628,35.60878521792268,1.562068939343983,100873.28767123287,3,0,0
2020-03-27,25.7,0.0,0.0,84.57701058851038,50.64250430191787,1011.7808219178082,6.035837996389319,10.826910538870733,1.9368574031649493,28.272989411489625,2.1476151487521338,100883.56164383562,4,0,0
2020-03-28,25.9,0.0,0.0,81.64375554829843,73.43766272249069,1011.917808219178,15.321605567693805,0.0,1.6159274122910294,31.30624445170157,0.7350330685144719,100893.83561643836,5,0,0
2020-03-29,26.5,0.0,0.0,77.3511989811648,67.14390661804026,1012.054794520548,24.53866447768615,0.0,6.419084299267807,35.8988010188352,1.3468044514359547,100904.1095890411,6,0,0
2020-03-30,26.9,0.0,0.0,82.56633716556678,81.64467974436147,1012.1917808219179,0.0,13.2579664754219,6.4749279240847795,30.88366283443322,1.1812876937609824,100914.38356164383,0,0,0
2020-03-31,26.8,0.0,0.0,80.4853877467402,46.25444549182018,1012.3287671232877,0.0,0.0,2.7211017617017355,32.9146122532598,0.12794775880743092,100924.65753424658,1,0,0
2020-04-01,27.6,0.0,0.0,84.84322495266444,46.489148286130565,1012.4657534246576,0.0,0.0,4.229014362814641,28.956775047335558,1.4363491435377764,100934.93150684932,2,0,0
2020-04-02,28.0,0.0,0.0,76.48973453061323,67.84091801391537,1012.6027397260274,0.0,0.0,2.570312762123879,37.510265469386766,1.6876583779508199,100945.20547945205,3,0,0
2020-04-03,27.9,0.0,0.0,78.36168926701116,87.31893266791855,1012.7397260273973,0.0,10.383788510193167,0.0,35.588310732988845,1.5205945706057682,100955.47945205479,4,0,0
2020-04-04,27.5,0.0,0.0,78.0394592343392,60.74988791853771,1012.8767123287671,7.347310136323562,0.0,3.7828233745657003,35.710540765660795,1.8670717570802116,100965.75342465754,5,0,0
2020-04-05,27.8,0.1,0.0,72.73242525933941,56.347105012734744,1013.013698630137,18.27169252466499,0.0,0.0,41.16757474066059,1.4712148682873851,100976.02739726027,6,0,0
2020-04-06,27.4,0.3,0.0,81.63060138532289,70.33446615989429,1013.1506849315068,0.0,0.0,5.269457761479416,32.06939861467711,0.2602006116418166,100986.30136986301,0,0,0
2020-04-07,25.3,6.1,0.0,84.35527636089944,86.52243002725154,1013.2876712328767,29.853771379190434,5.517407999109204,0.0,28.29472363910056,0.3794692578033074,100996.57534246575,1,0,0
2020-04-08,26.2,0.6,0.0,80.32556728321231,81.84639164223118,1013.4246575342465,0.0,12.002617497388293,1.4290164339736646,32.77443271678769,1.5315389861054858,101006.8493150685,2,0,0
2020-04-09,25.4,3.1,0.0,80.37706433312427,89.77418053666099,1013.5616438356165,0.0,0.0,0.0,32.322935666875736,0.7599500607367364,101017.12328767125,3,0,0
2020-04-10,25.8,0.0,0.0,72.92314628974793,41.128429160118856,1013.6986301369863,0.0,0.0,2.7669449153721337,39.976853710252065,0.291148309683438,101027.39726027397,4,0,0
2020-04-11,26.3,0.0,0.0,77.89677338617321,45.64290723563811,1013.8356164383562,0.0,11.539007342557472,0.0,35.25322661382679,1.1310465842765123,101037.67123287672,5,0,0
2020-04-12,26.5,0.0,0.0,78.28642741736616,70.4733881683311,1013.972602739726,17.680907927220993,0.0,0.0,34.963572582633844,1.430374235400773,101047.94520547945,6,0,0
2020-04-13,27.1,0.0,0.0,75.9886136538919,81.02882196669248,1014.1095890410959,14.736877941848668,0.0,2.103498155092394,37.561386346108094,0.8889903720390557,101058.2191780822,0,0,0
2020-04-14,27.1,0.0,0.0,79.19357144166996,54.26221711533833,1014.2465753424658,0.0,1.9042388992505774,0.0,34.35642855833004,1.8290408853418672,101068.49315068492,1,0,0
2020-04-15,27.0,0.0,0.0,82.02025428407269,51.96055440171094,1014.3835616438356,1.3398143444974384,4.492187212850343,4.405733604066845,31.479745715927308,1.6450494594429872,101078.76712328767,2,0,0
2020-04-16,27.5,0.0,0.0,89.43092950605265,79.34878996906005,1014.5205479452055,10.31878435408199,0.0,0.006628443672036148,24.31907049394735,0.8987640666200126,101089.04109589041,3,0,0
2020-04-17,28.2,0.0,0.0,80.8728890641592,42.81909269266158,1014.6575342465753,0.0,0.3444101170584135,1.9771049269401908,33.227110935840805,1.9116940693805455,101099.31506849316,4,0,0
2020-04-18,28.1,0.0,0.0,81.28775195361382,58.469132379129256,1014.7945205479452,0.0,0.0,0.0,32.762248046386176,1.656868102079285,101109.58904109588,5,0,0
2020-04-19,27.9,0.0,0.0,79.62777042116916,65.29046112961649,1014.931506849315,15.885293592436543,0.0,0.0,34.32222957883084,1.629868908922965,101119.86301369863,6,0,0
2020-04-20,27.4,0.0,0.0,70.4061439235048,68.01743371751617,1015.068493150685,0.0,4.535087125544674,0.0,43.2938560764952,1.4282264818889634,101130.13698630137,0,0,0
2020-04-21,27.4,0.0,0.0,79.86743062275391,76.43075783963884,1015.2054794520548,5.871158643332586,0.0,4.2835124012127785,33.83256937724609,0.12733520341252672,101140.41095890412,1,0,0
2020-04-22,28.0,0.0,0.0,80.30115104970513,57.74228617153291,1015.3424657534247,0.0,0.5898422158959737,8.386885439027447,33.698848950294874,1.7716172403445338,101150.68493150684,2,0,0
2020-04-23,28.7,0.0,0.0,92.31621056242643,70.63421723373037,1015.4794520547945,9.328599648670528,4.46872500802698,0.0,22.033789437573567,1.0025002986619755,101160.95890410959,3,0,0
2020-04-24,27.5,0.0,0.0,79.03819517609439,69.26877113954782,1015.6164383561644,0.0,0.0,5.384240723288402,34.71180482390561,2.3622633043807735,101171.23287671233,4,0,0
2020-04-25,26.4,6.3,0.0,84.65773671166806,67.38080503268736,1015.7534246575342,0.0,1.7046377099657088,0.0,28.542263288331934,2.063163450585293,101181.50684931508,5,0,0
2020-04-26,26.5,2.5,0.0,81.07644115147379,72.02416465711062,1015.8904109589041,23.294787089143426,0.0,0.0,32.17355884852621,1.5104667268751493,101191.7808219178,6,0,0
2020-04-27,26.6,0.2,0.0,74.25660981190234,52.97245855340381,1016.027397260274,0.0,0.0,0.0,39.04339018809766,0.7052367563662466,101202.05479452055,0,0,0
2020-04-28,26.6,0.5,0.0,85.9641140725751,44.23243767923145,1016.1643835616438,0.0,6.102161695892225,0.0,27.3358859274249,0.5889217438663997,101212.32876712328,1,0,0
2020-04-29,23.6,8.1,0.0,87.80966516343386,45.96358360198717,1016.3013698630137,4.011383944618857,1.5697296096843423,0.0,23.990334836566138,0.9169236104261178,101222.60273972603,2,0,0
2020-04-30,26.3,0.2,0.0,84.05515973521523,51.229119132695054,1016.4383561643835,22.972746988574304,0.0,2.0649945606889877,29.09484026478477,1.2437630645920446,101232.87671232875,3,0,0
2020-05-01,27.2,0.0,0.0,75.4530627260263,65.00989677613926,1016.5753424657535,0.0,2.24216404290793,0.0,38.1469372739737,0.810557224093473,101243.1506849315,4,0,0
2020-05-02,27.8,0.1,0.0,87.06397155468049,82.022137527301,1016.7123287671233,1.2335969969594331,7.14609790636618,1.8970269880255486,26.836028445319506,1.3358307889419587,101253.42465753425,5,0,0
2020-05-03,28.0,0.0,0.0,72.9907446860386,75.06466710441921,1016.8493150684932,8.576330006611459,0.0,3.4523634306075652,41.009255313961404,0.49688902123164624,101263.69863013699,6,0,0
2020-05-04,28.1,0.0,0.0,82.93428546900135,79.45203021010235,1016.986301369863,13.86211214526288,11.590740649558978,1.3280849658626672,31.11571453099865,2.4465107507812,101273.97260273973,0,0,0
2020-05-05,28.2,0.0,0.0,90.95227812904989,57.548781196304574,1017.1232876712329,3.5288311055445036,0.0,3.2888158807518684,23.147721870950114,0.35901893191598533,101284.24657534246,1,0,0
2020-05-06,28.4,0.2,0.0,75.14731837434655,60.2326870824275,1017.2602739726027,0.0,4.254899332402303,0.0,39.05268162565345,2.336665935170493,101294.52054794521,2,0,0
2020-05-07,28.0,0.1,0.0,77.21851135198614,59.68409429953064,1017.3972602739726,0.0,11.972469236452278,0.0,36.78148864801386,2.2925872273664676,101304.79452054795,3,0,0
2020-05-08,27.7,0.1,0.0,80.5482568254382,49.59365922022508,1017.5342465753424,1.7228776609274952,0.0,5.289070904103981,33.3017431745618,1.3608651563667953,101315.06849315068,4,0,0
2020-05-09,28.5,0.0,0.0,77.48262172941901,43.0608329071786,1017.6712328767123,0.0,0.0,0.0,36.76737827058099,1.8397846524066026,101325.34246575342,5,0,0
2020-05-10,28.3,0.0,0.0,72.24668284466934,69.54580464136134,1017.8082191780821,0.0,0.0,0.0,41.90331715533066,1.1465159151342108,101335.61643835617,6,0,0
2020-05-11,27.9,0.0,0.0,80.34281487403014,89.4608341710293,1017.945205479452,8.731196083153357,0.0,0.0,33.60718512596986,1.6120829861018517,101345.8904109589,0,0,0
2020-05-12,27.6,0.0,0.0,74.68848143136948,48.34148524751314,1018.0821917808219,18.078696821723906,17.349365758368084,0.0,39.111518568630515,0.9173822498106848,101356.16438356164,1,0,0
2020-05-13,27.4,0.0,0.0,82.36796215317591,42.334240994963686,1018.2191780821918,0.0,0.0,0.0,31.33203784682409,0.8227816474850688,101366.43835616438,2,0,0
2020-05-14,28.7,0.0,0.0,75.40287882883098,78.97658409119666,1018.3561643835617,0.0,0.0,1.7202696078173325,38.94712117116902,1.487751486806833,101376.71232876713,3,0,0
2020-05-15,28.8,0.0,0.0,87.7496720250877,52.629300334236206,1018.4931506849315,12.383085220103956,2.043890316029768,1.7417086962306345,26.650327974912294,1.295511218041553,101386.98630136986,4,0,0
2020-05-16,28.4,0.5,0.0,76.33373353831881,81.48219026764642,1018.6301369863014,41.14990939423397,0.0,0.0,37.86626646168119,1.4908872859599547,101397.2602739726,5,0,0
2020-05-17,27.5,5.7,0.0,81.23969241897161,75.19683335172577,1018.7671232876712,0.4158741535081579,0.0,0.0,32.510307581028385,0.7879853950888551,101407.53424657533,6,0,0
2020-05-18,26.3,5.1,0.0,86.61758608684835,87.28367685254022,1018.9041095890411,0.0,3.1745326125017517,5.371665023851219,26.53241391315165,0.9806987963607886,101417.80821917808,0,0,0
2020-05-19,26.3,0.3,0.0,73.99567841783023,60.446361787833595,1019.0410958904109,0.0,0.0,2.4820005886697056,39.154321582169764,0.3013551055093823,101428.08219178082,1,0,0
2020-05-20,26.7,0.0,0.0,81.13729967302065,73.0984919725317,1019.1780821917808,27.497528382963697,0.0,10.375325196742708,32.21270032697935,0.22546329345329372,101438.35616438356,2,0,0
2020-05-21,27.3,0.0,0.0,86.53571377141213,63.24273904066354,1019.3150684931506,0.0,0.0,5.900640868707638,27.114286228587865,0.708297111215239,101448.63013698629,3,0,0
2020-05-22,28.0,0.0,0.0,71.96258382719387,71.52943486542718,1019.4520547945206,0.0,0.0,5.7214653427996955,42.03741617280613,0.2781924623933098,101458.90410958904,4,0,0
2020-05-23,29.1,0.0,0.0,80.92316929266153,62.479945300386866,1019.5890410958904,0.0,3.2159321133923857,0.0,33.62683070733847,0.34905930072337765,101469.17808219178,5,0,0
2020-05-24,27.9,0.0,0.0,81.29941397124212,49.431612321203744,1019.7260273972603,0.0,17.549330716472415,3.819301758167113,32.650586028757886,2.0510281729454487,101479.45205479451,6,0,0
2020-05-25,28.2,0.0,0.0,83.90911435888655,65.39487080016904,1019.8630136986301,2.4534063198959104,0.18401630783438128,0.0,30.190885641113447,0.1932968728400543,101489.72602739725,0,0,0
2020-05-26,27.5,0.8,0.0,74.2152464456096,66.42921007187212,1020.0,32.493569169391215,2.2526411724754953,0.0,39.534753554390406,1.6814627054433826,101500.0,1,0,0
2020-05-27,26.3,11.0,0.0,78.89771693457863,80.53019241300805,1020.1369863013699,6.461585462320581,6.927227551168595,0.8400767026626426,34.25228306542137,0.7541385971569612,101510.27397260275,2,0,0
2020-05-28,26.6,0.9,0.0,83.0597078280845,76.77603528967906,1020.2739726027397,0.0,0.0,4.726057673057418,30.240292171915502,2.1917096336995034,101520.54794520549,3,0,0
2020-05-29,25.7,8.5,0.0,85.73492336616593,73.1895811970722,1020.4109589041096,0.0,17.025146581296056,2.504157955021058,27.11507663383407,1.263981482985999,101530.82191780822,4,0,0
2020-05-30,25.0,1.7,0.0,82.10246425172937,45.66935477762863,1020.5479452054794,0.0,2.0232879642280204,0.0,30.397535748270627,0.8333835023867817,101541.09589041096,5,0,0
2020-05-31,25.4,0.2,0.0,81.83224104748487,76.03081453318575,1020.6849315068494,17.66219554294318,16.318568990891087,3.7122945679631014,30.86775895251513,1.342333445654643,101551.36986301371,6,0,0
2020-06-01,24.6,4.3,0.0,78.74987639210755,65.01525781772574,1020.8219178082192,0.0,0.0,0.0,33.550123607892445,1.0166992457086452,101561.64383561644,0,0,0
2020-06-02,23.7,1.6,0.0,81.96126848580502,84.70497680530796,1020.9589041095891,0.0,18.180619225578248,1.083415594821431,29.88873151419498,1.4543225552075925,101571.91780821918,1,0,0
2020-06-03,24.0,0.3,0.0,81.61536236649341,85.99354670652714,1021.0958904109589,63.862151356897215,7.751554940347831,0.0,30.384637633506586,0.37487888398323577,101582.19178082192,2,0,0
2020-06-04,24.2,3.4,0.0,78.12824290986816,42.757829530089275,1021.2328767123288,5.975058167313724,5.530400858523584,0.0,33.97175709013184,2.4927772067501226,101592.46575342467,3,0,0
2020-06-05,23.9,9.4,0.0,94.02887255572378,81.03207801772393,1021.3698630136986,0.0,2.3402445435314796,3.831214875202548,17.92112744427622,1.121334106472122,101602.7397260274,4,0,0
2020-06-06,23.8,14.5,0.0,89.61916460455893,41.88486952113353,1021.5068493150685,0.0,0.0,0.0,22.280835395441066,0.9357535352976848,101613.01369863014,5,0,0
2020-06-07,23.5,8.3,0.0,78.19348251398677,58.358481284751136,1021.6438356164383,22.968914183935098,12.005316584738726,9.725975371384665,33.556517486013234,1.8045036359590358,101623.28767123287,6,0,0
2020-06-08,24.8,0.2,0.0,83.38276804316914,67.11499878105396,1021.7808219178082,2.265408210755289,1.4035986984804696,0.0,29.017231956830862,0.9733585755887979,101633.56164383562,0,0,0
2020-06-09,24.9,0.0,0.0,75.1265916488634,47.40503993135637,1021.917808219178,0.0,0.0,0.0,37.32340835113661,2.0998583320690183,101643.83561643836,1,0,0
2020-06-10,23.7,1.2,0.0,84.53542301871225,77.31569062845384,1022.054794520548,18.38457869150407,0.0,1.851059449708705,27.31457698128775,1.1902497384650206,101654.1095890411,2,0,0
2020-06-11,22.7,7.3,0.0,89.44297789503703,40.41773520860693,1022.1917808219179,0.0,0.0,2.9215708321765494,21.90702210496297,1.8269401918370438,101664.38356164383,3,0,0
2020-06-12,22.6,5.1,0.0,78.44658840824144,48.42995242170184,1022.3287671232877,37.46595552435091,3.0999898316555505,0.0,32.85341159175856,0.35788771946052766,101674.65753424658,4,0,0
2020-06-13,23.6,1.3,0.0,85.46688064622161,69.03984149267379,1022.4657534246576,21.60096131429297,0.0,0.0,26.33311935377839,2.1306860453322685,101684.93150684932,5,0,0
2020-06-14,24.0,3.4,0.0,83.76390463468249,75.71937810186462,1022.6027397260274,0.0,12.189707897936632,2.0527504266380827,28.23609536531751,1.8657231682674638,101695.20547945205,6,0,0
2020-06-15,24.8,0.6,0.0,84.41030079997245,85.83215513469581,1022.7397260273973,25.62032723470226,0.0,0.0,27.98969920002755,0.6081202683087176,101705.47945205479,0,0,0
2020-06-16,24.3,0.7,0.0,89.83396491326974,75.27483259673119,1022.8767123287671,1.357110210548066,1.435879365051602,6.965906289674529,22.31603508673026,0.44868642338988796,101715.75342465754,1,0,0
2020-06-17,23.4,0.4,0.0,78.97305941998565,73.5889635127433,1023.013698630137,17.05547350244439,0.0,4.196745571158011,32.72694058001436,0.8591016369414985,101726.02739726027,2,0,0
2020-06-18,23.9,0.1,0.0,76.28131917821256,59.71705731753322,1023.1506849315068,9.694656345889495,7.597122954841684,4.364121755028173,35.66868082178745,2.4425694064765704,101736.30136986301,3,0,0
2020-06-19,24.3,6.2,0.0,78.65242785187237,40.06422127634007,1023.2876712328767,0.0,0.0,0.0,33.497572148127624,0.7163957789609406,101746.57534246575,4,0,0
2020-06-20,24.5,2.4,0.0,77.1209485751728,46.0079629367811,1023.4246575342465,0.0,4.196099720241182,0.0,35.129051424827196,1.19470530147192,101756.8493150685,5,0,0
2020-06-21,23.7,1.8,0.0,80.51449145292949,66.72772723780196,1023.5616438356165,20.599216351623223,0.0,0.0,31.33550854707051,0.17204854172160716,101767.12328767125,6,0,0
2020-06-22,23.3,8.4,0.0,85.90575987408322,73.75649429222099,1023.6986301369863,0.0,12.79464931657751,0.0,25.744240125916782,1.0533460709589582,101777.39726027397,0,0,0
2020-06-23,24.7,0.2,0.0,81.48345399665008,60.87241419482312,1023.8356164383562,0.0,10.417246640588512,1.8008209197288347,30.866546003349917,1.4711680370394467,101787.67123287672,1,0,0
2020-06-24,24.0,14.9,0.0,91.58591624518012,76.53395057641951,1023.972602739726,0.0,5.835443030118876,0.0,20.414083754819885,2.3874990700191163,101797.94520547945,2,0,0
2020-06-25,23.7,27.7,0.0,93.91500945938952,66.09311476660893,1024.109589041096,8.471981311869222,0.0,3.2770191492511853,17.934990540610478,1.3401665078561547,101808.2191780822,3,0,0
2020-06-26,23.5,14.9,0.0,94.71767038578659,43.70880977971561,1024.2465753424658,41.2504983848629,5.798572852951321,0.0,17.03232961421341,2.0658575828264505,101818.49315068492,4,0,0
2020-06-27,23.6,2.5,0.0,79.92671583381022,49.60081254839744,1024.3835616438357,0.0,0.0,8.595203064209105,31.87328416618978,1.4131063421653614,101828.76712328767,5,0,0
2020-06-28,23.5,14.4,0.0,100.0,81.99991116219715,1024.5205479452054,0.4843891334551614,8.555556590207122,0.0,10.949154167051901,0.19788403224524345,101839.04109589041,6,0,0
2020-06-29,23.4,13.8,0.0,90.02833673882503,76.24563733122199,1024.6575342465753,28.244411108308583,16.49480894323921,1.0965116860021804,21.671663261174967,0.8560198604554576,101849.31506849316,0,0,0
2020-06-30,23.3,7.8,0.0,79.61421221791859,84.73809935062475,1024.7945205479452,0.0,10.706105599791861,3.959296551940338,32.03578778208141,1.4813188187946478,101859.58904109588,1,0,0
2020-07-01,23.3,3.3,0.0,76.29553750969444,45.87786245604683,1024.9315068493152,9.047435924994678,0.0,0.0,35.35446249030556,2.3814255182346984,101869.86301369863,2,0,0
2020-07-02,22.1,6.1,0.0,85.46236207621592,89.51112673075369,1025.0684931506848,0.0,3.6141731727310287,4.262343217164753,25.587637923784076,2.16191286340296,101880.13698630137,3,0,0
2020-07-03,22.6,42.8,0.0,100.0,50.47033569749668,1025.2054794520548,8.566141944152971,0.0,0.0,11.017313926629246,0.6480534740292343,101890.41095890412,4,0,0
2020-07-04,22.5,6.2,0.0,86.67000247046046,40.5889938143321,1025.3424657534247,0.0,5.723903111756758,7.260588495912802,24.57999752953954,0.6282635920459924,101900.68493150684,5,0,0
2020-07-05,22.7,2.7,0.0,83.71618812286772,89.8711469526777,1025.4794520547946,19.714599913597258,4.506034128625388,0.07074632482879147,27.63381187713228,0.5828151210733618,101910.95890410959,6,0,0
2020-07-06,22.6,5.3,0.0,82.28585543671564,54.053694272255655,1025.6164383561643,23.747721031295022,0.0,0.0,29.014144563284365,2.3139973511260075,101921.23287671233,0,0,0
2020-07-07,23.0,2.2,0.0,76.86603140965796,73.40097262562799,1025.7534246575342,51.79127284037228,0.0,0.0,34.633968590342036,2.1463987674441296,101931.50684931508,1,0,0
2020-07-08,22.7,10.3,0.0,77.57576387657068,48.83411570881526,1025.890410958904,11.592663464271514,0.0,4.044596346963597,33.774236123429326,1.959720237407077,101941.7808219178,2,0,0
2020-07-09,22.0,13.4,0.0,84.46742523966489,69.01142660995708,1026.027397260274,6.515926331643329,0.0,0.0,26.53257476033511,1.0425642741381462,101952.05479452055,3,0,0
2020-07-10,21.4,10.2,0.0,89.38199397161736,85.20174932272796,1026.164383561644,3.8876860315467203,0.0,0.0,21.318006028382637,1.3105136903170405,101962.32876712328,4,0,0
2020-07-11,22.9,1.3,0.0,81.72046872065103,56.00905837142193,1026.3013698630136,0.0,3.8897872935218376,0.0,29.729531279348972,1.2143961875083669,101972.60273972603,5,0,0
2020-07-12,23.1,3.4,0.0,75.47130610644007,73.51269880221795,1026.4383561643835,6.769676869233823,2.5147360894051207,0.0,36.07869389355993,0.7081554581424943,101982.87671232875,6,0,0
2020-07-13,22.7,11.5,0.0,86.61590462925591,49.395179439920824,1026.5753424657535,0.0,0.0,9.102719539709078,24.734095370744093,1.3120673107570406,101993.1506849315,0,0,0
2020-07-14,22.2,6.8,0.0,85.3265868986442,71.23976993593627,1026.7123287671234,3.369219525392286,0.0,0.0,25.773413101355807,0.17319171484661072,102003.42465753425,1,0,0
2020-07-15,21.9,9.1,0.0,80.13071281899433,56.822517590875506,1026.849315068493,26.351950712159194,10.487071264165635,4.158083930902018,30.819287181005674,0.41634489639390204,102013.69863013699,2,0,0
2020-07-16,21.6,10.2,0.0,85.86862552972764,50.560412929397586,1026.986301369863,0.0,16.554071130882953,1.0473504182388629,24.931374470272363,2.227815030805471,102023.97260273973,3,0,0
2020-07-17,21.4,4.2,0.0,82.39104359222999,55.65910253518176,1027.123287671233,22.797571222580906,0.0,0.0,28.308956407770008,1.9040314408754158,102034.24657534246,4,0,0
2020-07-18,22.4,12.4,0.0,80.48514851084688,48.94205342538997,1027.2602739726028,26.342301346797306,0.0,0.0,30.714851489153116,1.114884181741809,102044.52054794521,5,0,0
2020-07-19,22.8,10.0,0.0,86.78893680174141,85.09580539189415,1027.3972602739725,0.0,4.9120766541199625,3.92001389655374,24.611063198258584,1.3411608694813053,102054.79452054795,6,0,0
2020-07-20,23.0,12.6,0.0,89.10392263184117,59.85934431585645,1027.5342465753424,0.0,0.0,0.0,22.396077368158828,0.9879973263039458,102065.06849315068,0,0,0
2020-07-21,23.9,0.2,0.0,85.51525621587638,52.263965248718364,1027.6712328767123,0.0,0.0,5.9655647292551395,26.434743784123622,1.877871681185614,102075.34246575342,1,0,0
2020-07-22,24.7,0.4,0.0,85.46901026017451,62.42039205079664,1027.8082191780823,25.939890931222184,7.396531517246714,5.107576963909319,26.880989739825488,1.982049230156991,102085.61643835617,2,0,0
2020-07-23,23.4,64.9,0.0,100.0,56.02680834032478,1027.945205479452,0.0,0.0,4.594574273291647,6.138346839785452,1.931884456487582,102095.8904109589,3,0,0
2020-07-24,22.7,50.2,0.0,100.0,77.2209626906663,1028.0821917808219,0.0,13.183023248526693,0.0,10.939125199575619,1.834268139602679,102106.16438356164,4,0,0
2020-07-25,22.8,10.2,0.0,87.6751763360433,88.56099559427471,1028.2191780821918,0.0,0.7268052432934134,0.0,23.724823663956705,0.59081041286271,102116.43835616438,5,0,0
2020-07-26,22.4,2.2,0.0,83.66892975456103,61.90168283488234,1028.3561643835617,16.81240053009106,0.0,0.0,27.531070245438965,0.911127950177149,102126.71232876713,6,0,0
2020-07-27,22.7,1.3,0.0,83.22523843153024,83.05166999861203,1028.4931506849316,10.934671364027587,0.0,0.9812047033336023,28.124761568469758,1.22762904396082,102136.98630136986,0,0,0
2020-07-28,22.7,6.9,0.0,100.0,68.29315367798097,1028.6301369863013,0.0,0.0,2.7289335676617776,8.636342546726388,0.8939031794263734,102147.2602739726,1,0,0
2020-07-29,22.1,13.1,0.0,89.40445255346583,47.861783254711675,1028.7671232876712,0.0,0.0,0.0,21.64554744653417,1.9118564803799896,102157.53424657533,2,0,0
2020-07-30,22.9,4.4,0.0,87.877828200903,74.53113710406708,1028.9041095890411,0.0,14.94938227453236,0.0,23.572171799097003,0.8904484581998912,102167.80821917808,3,0,0
2020-07-31,22.7,5.2,0.0,87.370008817466,65.67172485629101,1029.041095890411,0.0,0.4132563227061847,0.7904461266159222,23.979991182534,0.43175700828480923,102178.08219178082,4,0,0
2020-08-01,22.1,2.7,0.0,84.60695625652899,72.53032616260518,1029.1780821917807,32.307513789388835,4.430021304473752,0.0,26.443043743471012,1.0576970849159297,102188.35616438356,5,0,0
2020-08-02,21.4,20.7,0.0,88.77365377679827,84.48437062858325,1029.3150684931506,0.0,9.515497705740428,6.456369195079395,21.92634622320173,2.451794638677713,102198.63013698629,6,0,0
2020-08-03,22.2,3.0,0.0,85.29484610246634,62.0217285328023,1029.4520547945206,24.343170416509928,0.0,2.1089003712543546,25.805153897533664,0.6421153910405821,102208.90410958904,0,0,0
2020-08-04,22.1,3.1,0.0,77.68587392731214,85.05888116086778,1029.5890410958905,30.426321038449025,4.734718990352285,6.550959540404485,33.36412607268785,1.5691807814637497,102219.17808219178,1,0,0
2020-08-05,22.4,4.9,0.0,81.26590696629995,77.53345071408275,1029.7260273972602,19.966217962959206,0.0,0.0,29.934093033700048,1.1391353196152951,102229.45205479451,2,0,0
2020-08-06,23.0,3.4,0.0,79.27318226085448,64.43024629389924,1029.86301369863,0.0,8.467707752164937,4.687387462534625,32.22681773914552,0.2704589623583839,102239.72602739725,3,0,0
2020-08-07,22.4,4.6,0.0,82.70937069693161,70.16110678289819,1030.0,8.07460180673219,0.0,8.175331972637597,28.490629303068385,1.2709038543953428,102250.0,4,0,0
2020-08-08,22.4,2.3,0.0,92.72329283336755,56.279056625950574,1030.13698630137,0.0,0.0,6.558467246363305,18.476707166632448,1.78519438875595,102260.27397260274,5,0,0
2020-08-09,21.6,13.6,0.0,77.46367403704126,89.17986498693871,1030.2739726027398,0.0,0.0,0.0,33.33632596295874,1.3317279419867651,102270.54794520549,6,0,0
2020-08-10,21.5,6.5,0.0,86.68130095187257,73.36755815251979,1030.4109589041095,6.48718563443206,4.3226295063415545,0.0,24.068699048127428,2.1930545529917946,102280.82191780822,0,0,0
2020-08-11,22.4,3.5,0.0,73.68642064405174,42.1923426248315,1030.5479452054794,0.0,4.7004418736820215,0.0,37.513579355948266,0.7934488399781983,102291.09589041096,1,0,0
2020-08-12,22.5,0.4,0.0,77.84034067105283,56.33109528740044,1030.6849315068494,23.753587769231274,0.0,2.446272675381638,33.40965932894717,0.3069980111295158,102301.36986301371,2,0,0
2020-08-13,23.0,0.0,0.0,85.44475298483682,71.16572168795287,1030.8219178082193,0.0,0.0,3.4317677750726654,26.055247015163175,2.3477574679792146,102311.64383561644,3,0,0
2020-08-14,22.3,0.4,0.0,80.52140009547732,42.81666388996199,1030.958904109589,4.023193117456786,0.0,0.0,30.62859990452268,1.0076712388677256,102321.91780821918,4,0,0
2020-08-15,22.0,0.2,0.0,74.71127611035347,41.19420956595714,1031.0958904109589,5.665757430922843,0.0,0.3391925695846884,36.28872388964653,1.48337332348872,102332.19178082192,5,0,0
2020-08-16,21.8,1.7,0.0,77.27348145370016,62.501211976390124,1031.2328767123288,0.0,8.41983695452127,0.0,33.62651854629984,2.0008075027124703,102342.46575342467,6,0,0
2020-08-17,22.3,7.2,0.0,86.99798874467338,56.6345089846335,1031.3698630136987,11.733876029505495,0.0,7.20972502900945,24.15201125532662,0.8783527933013934,102352.7397260274,0,0,0
2020-08-18,22.0,7.9,0.0,80.29816684141431,61.914930401658296,1031.5068493150684,0.0,0.0,0.0,30.701833158585686,1.8187948916262668,102363.01369863014,1,0,0
2020-08-19,22.5,3.3,0.0,82.73229294790988,53.13466549400026,1031.6438356164383,17.425945949144882,0.0,0.27931969922248484,28.517707052090117,0.42500523956278724,102373.28767123287,2,0,0
2020-08-20,22.2,1.0,0.0,80.72785919951907,48.235887347149045,1031.7808219178082,0.0,0.0,0.0,30.372140800480928,0.7991049932932126,102383.56164383562,3,0,0
2020-08-21,22.6,0.8,0.0,77.14199826197093,74.45716784901688,1031.9178082191781,2.5275915909282363,0.0,5.730137875067075,34.15800173802907,0.4473055267276478,102393.83561643836,4,0,0
2020-08-22,23.0,3.9,0.0,92.66972044662663,65.72855581339002,1032.054794520548,38.77857998116569,0.0,0.0,18.830279553373373,2.0469533401632587,102404.1095890411,5,0,0
2020-08-23,23.1,2.1,0.0,84.21959511159005,50.00771056246834,1032.1917808219177,0.0,1.0940847183297007,0.0,27.330404888409948,0.6343581645442848,102414.38356164383,6,0,0
2020-08-24,22.5,3.4,0.0,71.57428706671197,55.97947131299992,1032.3287671232877,0.0,13.286408282482311,0.0,39.675712933288025,1.8217685329725046,102424.65753424658,0,0,0
2020-08-25,23.7,0.0,0.0,80.93227157384713,69.5903953831663,1032.4657534246576,10.2781569931783,3.1318447386498,0.0,30.91772842615287,2.363916153389566,102434.93150684932,1,0,0
2020-08-26,23.6,0.0,0.0,76.69106767615806,43.61146741362389,1032.6027397260275,3.591635638791959,0.0,8.631132728178162,35.10893232384194,1.3666533017653049,102445.20547945205,2,0,0
2020-08-27,23.1,0.1,0.0,84.31216667398111,47.37265046330898,1032.7397260273972,7.012601985471184,4.559041951707027,0.0,27.23783332601889,1.3960700614256505,102455.47945205479,3,0,0
2020-08-28,23.4,0.0,0.0,76.0373963078365,43.662280205369505,1032.876712328767,9.78374260295327,0.0,3.8589808861783057,35.6626036921635,1.2064805634347489,102465.75342465754,4,0,0
2020-08-29,23.5,0.3,0.0,79.5763177926655,80.61586663570594,1033.013698630137,12.694429371235397,0.0,1.7812639435304178,32.173682207334494,0.8821363441447425,102476.02739726027,5,0,0
2020-08-30,23.6,5.1,0.0,85.07493639490228,77.62046166060045,1033.150684931507,22.193996839124463,0.0,6.3075962626775794,26.72506360509772,1.241572074219801,102486.30136986301,6,0,0
2020-08-31,23.2,4.7,0.0,86.67877597085061,77.66564659396286,1033.2876712328766,8.196373138570252,0.0,0.0,24.921224029149393,1.5467380774402226,102496.57534246575,0,0,0
2020-09-01,22.6,6.6,0.0,77.29851796472111,75.8162671738014,1033.4246575342465,0.0,0.0,0.0,34.00148203527888,2.4663797732095825,102506.8493150685,1,0,0
2020-09-02,22.0,19.9,0.0,88.27749382079526,73.46927118349346,1033.5616438356165,13.451474024054626,1.5805348992013184,5.480349537386992,22.722506179204743,2.350634942363738,102517.12328767125,2,0,0
2020-09-03,22.8,16.8,0.0,86.02527344419522,63.84959576890875,1033.6986301369864,37.997638697904314,0.0,2.1266065416505517,25.374726555804777,2.1691670999034924,102527.39726027397,3,0,0
2020-09-04,23.4,3.1,0.0,78.28335383713144,72.11390817535575,1033.835616438356,0.0,0.0,0.0,33.41664616286856,2.23391328569166,102537.67123287672,4,0,0
2020-09-05,23.4,5.4,0.0,91.52727120140548,41.91807773939873,1033.972602739726,0.0,0.0,0.0,20.172728798594516,1.2228380399009031,102547.94520547945,5,0,0
2020-09-06,23.6,11.1,0.0,87.57490855480478,71.07322113283922,1034.109589041096,22.141613385739454,6.082461916849685,1.931913269240305,24.225091445195222,1.6778663852259157,102558.2191780822,6,0,0
2020-09-07,22.9,6.1,0.0,76.74558022832477,78.89388527684386,1034.2465753424658,0.0,0.0,4.188821107732946,34.704419771675234,2.248160135046914,102568.49315068492,0,0,0
2020-09-08,23.2,12.5,0.0,90.83930973527389,65.01791801921951,1034.3835616438357,0.0,7.760279138434754,0.0,20.760690264726115,1.0430818359792473,102578.76712328767,1,0,0
2020-09-09,22.6,18.1,0.0,99.66078098506316,57.87566642136184,1034.5205479452054,16.94843354300843,0.0,0.0,11.639219014936845,2.408229948029125,102589.04109589041,2,0,0
2020-09-10,22.0,21.8,0.0,96.06232630275574,53.87133674004896,1034.6575342465753,0.0,0.0,2.616115928685166,14.937673697244264,1.0978865489660392,102599.31506849316,3,0,0
2020-09-11,21.7,3.5,0.0,74.15315017022994,72.14010250810412,1034.7945205479452,0.0,0.0,0.0,36.696849829770066,1.5425983969437176,102609.58904109588,4,0,0
2020-09-12,21.2,13.2,0.0,84.17882963566873,74.64005993149544,1034.9315068493152,6.639606611380291,0.0,0.0,26.421170364331267,1.8035313118536926,102619.86301369863,5,0,0
2020-09-13,20.7,22.1,0.0,97.38455574593311,83.54837999312713,1035.0684931506848,3.8099935955813278,9.753124584779789,0.0,12.965444254066886,2.381420831382252,102630.13698630137,6,0,0
2020-09-14,21.0,6.0,0.0,79.4616526719061,57.11670412304954,1035.2054794520548,14.18903634278079,5.156280884439565,4.069904300988706,31.038347328093906,0.6870790577254384,102640.41095890412,0,0,0
2020-09-15,21.7,14.4,0.0,89.41909714073114,78.48861536927927,1035.3424657534247,0.0,9.784221120280352,0.6430872520248326,21.430902859268862,1.8907143477727415,102650.68493150684,1,0,0
2020-09-16,22.1,11.6,0.0,89.67317026714669,68.06779120946689,1035.4794520547946,10.262115963521655,5.2214254593393585,0.0,21.376829732853313,1.3499574067457973,102660.95890410959,2,0,0
2020-09-17,22.5,5.6,0.0,78.16534764210958,84.14182453390396,1035.6164383561643,0.0,0.0,6.945121814813808,33.08465235789042,0.7445371374895385,102671.23287671233,3,0,0
2020-09-18,22.2,10.2,0.0,84.80237321969099,66.39060541478104,1035.7534246575342,14.77620961775006,0.0,3.1866234151153625,26.29762678030901,1.9638564155113374,102681.50684931508,4,0,0
2020-09-19,21.3,11.7,0.0,69.64366329965463,65.88149141989837,1035.890410958904,12.30734968026107,0.0,8.081500213609583,41.006336700345365,1.4253334724172317,102691.7808219178,5,0,0
2020-09-20,20.6,21.9,0.0,85.82806179332856,68.89385407204546,1036.027397260274,0.0,13.305749040390403,0.0,24.471938206671442,1.686337169559222,102702.05479452055,6,0,0
2020-09-21,20.9,9.4,0.0,83.4371592430342,77.46576775712171,1036.1643835616437,21.719642323500643,0.0,0.0,27.012840756965797,0.8749625645869624,102712.32876712328,0,0,0
2020-09-22,22.3,0.4,0.0,73.96108409017576,88.23452394142305,1036.3013698630136,0.0,8.936976893891108,0.0,37.18891590982424,1.255057484386252,102722.60273972603,1,0,0
2020-09-23,22.2,0.0,0.0,88.16205651965818,43.67816771078828,1036.4383561643835,16.161155965622903,8.929538701087692,0.0,22.937943480341822,1.581650202371361,102732.87671232875,2,0,0
2020-09-24,22.4,0.2,0.0,72.94929311019683,42.67173011955086,1036.5753424657535,7.345746268026812,18.296202017160873,0.0,38.25070688980317,1.0717859542476256,102743.1506849315,3,0,0
2020-09-25,22.6,8.8,0.0,82.19977756651508,86.87751687036692,1036.7123287671234,36.76367353590245,0.0,3.133068186315354,29.10022243348492,0.5760940956344831,102753.42465753425,4,0,0
2020-09-26,21.7,2.4,0.0,81.85370288643045,66.49378127591031,1036.849315068493,0.0,7.1232215958016205,0.22781940570949155,28.996297113569547,2.4079371815567296,102763.69863013699,5,0,0
2020-09-27,21.9,1.9,0.0,88.15636644533058,70.7451507283468,1036.986301369863,0.0,22.816518365388426,3.117035691399578,22.793633554669423,1.3275220961022818,102773.97260273973,6,0,0
2020-09-28,22.3,3.8,0.0,74.72068924410281,64.12118007973645,1037.123287671233,0.0,0.0,3.517200665694471,36.429310755897184,1.8614088886904814,102784.24657534246,0,0,0
2020-09-29,22.0,10.7,0.0,91.1658187607748,44.68287263037372,1037.2602739726028,0.0,0.0,10.77464338691571,19.834181239225202,1.0865132645345394,102794.52054794521,1,0,0
2020-09-30,21.0,7.2,0.0,83.65116530509793,78.40446892093333,1037.3972602739725,15.998838038841,0.0,0.0,26.848834694902067,0.9523162336617191,102804.79452054795,2,0,0
2020-10-01,22.1,0.6,0.0,75.39245674476024,77.36123225442935,1037.5342465753424,0.0,7.127120288613313,0.0,35.65754325523976,1.0771943163211,102815.06849315068,3,0,0
2020-10-02,22.6,1.8,0.0,83.21051737131636,55.5851660746406,1037.6712328767123,0.0,0.0,1.230418076582044,28.089482628683644,1.0820719450855596,102825.34246575342,4,0,0
2020-10-03,22.5,5.0,0.0,83.49529847786735,55.31196226142002,1037.8082191780823,0.0,0.0,0.0,27.75470152213265,1.4060322782606887,102835.61643835617,5,0,0
2020-10-04,22.1,2.3,0.0,78.14891561420603,81.89206904527592,1037.945205479452,19.006151839471514,4.373131870389607,7.409803842182679,32.901084385793965,1.4043276879552715,102845.8904109589,6,0,0
2020-10-05,22.2,1.4,0.0,81.0490104249501,43.61786288706633,1038.0821917808219,34.2122674516385,1.8517553682991406,0.0,30.050989575049904,1.293169158118892,102856.16438356164,0,0,0
2020-10-06,23.1,0.8,0.0,78.4734320156912,84.0552574178283,1038.2191780821918,0.0,4.254448641841723,0.0,33.076567984308795,0.42348588380185137,102866.43835616438,1,0,0
2020-10-07,23.2,0.3,0.0,80.71758672625624,52.83308449479572,1038.3561643835617,0.0,2.2228985580085405,0.0,30.882413273743758,1.2905811484012748,102876.71232876713,2,0,0
2020-10-08,23.4,0.7,0.0,83.66065337260522,69.64923738777469,1038.4931506849316,1.4010432622636277,12.788658133133932,3.5920871173582047,28.039346627394774,0.5058493610095636,102886.98630136986,3,0,0
2020-10-09,23.2,4.8,0.0,90.33008408072676,86.79970895008888,1038.6301369863013,23.23756605216381,0.0,0.0,21.269915919273238,0.40272588710983637,102897.2602739726,4,0,0
2020-10-10,22.2,4.6,0.0,76.11092250586574,73.90612507683232,1038.7671232876712,0.0,0.0,0.0,34.98907749413426,2.3383497216188025,102907.53424657533,5,0,0
2020-10-11,21.3,17.1,0.0,99.21516687328133,60.721490623351826,1038.9041095890411,4.767379654695702,0.0,8.326759588117655,11.434833126718667,1.5518800315544903,102917.80821917808,6,0,0
2020-10-12,21.1,9.6,0.0,75.03956100238749,74.47671044527075,1039.041095890411,19.503952595648595,8.301918118626102,0.0,35.51043899761251,1.6827761394990024,102928.08219178082,0,0,0
2020-10-13,21.7,1.5,0.0,79.99107452482208,57.19898181581851,1039.1780821917807,10.021883398796906,9.003985883950635,0.17783037016496764,30.85892547517792,1.064304808800073,102938.35616438356,1,0,0
2020-10-14,21.4,0.5,0.0,83.19158603242288,53.862920817459305,1039.3150684931506,3.791632331974868,4.512253193185082,3.261530758051152,27.508413967577123,2.281554140595674,102948.63013698629,2,0,0
2020-10-15,22.1,0.0,0.0,81.40495933867517,89.83416389673398,1039.4520547945206,20.020921851342823,11.834936668899278,0.0,29.64504066132483,1.6310331749911973,102958.90410958904,3,0,0
2020-10-16,22.3,1.0,0.0,77.38650240089703,77.53951155898939,1039.5890410958905,0.0,0.0,2.4013025070296248,33.76349759910297,1.9460076868566099,102969.17808219178,4,0,0
2020-10-17,22.6,0.0,0.0,78.95938874821363,72.23599886909088,1039.7260273972602,13.557506390618153,16.67224111551137,0.0,32.34061125178637,0.9845499256665131,102979.45205479451,5,0,0
2020-10-18,22.5,0.5,0.0,77.78499532670584,57.76448216096594,1039.86301369863,0.0,15.232386217122581,4.113913904170012,33.46500467329416,2.4040285139659012,102989.72602739725,6,0,0
2020-10-19,22.0,11.4,0.0,82.75317621527894,42.45804145775241,1040.0,0.0,7.356219972457467,0.0,28.24682378472106,2.069107096379956,103000.0,0,0,0
2020-10-20,21.8,8.4,0.0,88.44801048510513,41.55284380175778,1040.13698630137,10.224051990499614,17.8179890877106,3.4638451592443027,22.45198951489487,2.149476311234905,103010.27397260274,1,0,0
2020-10-21,21.7,19.5,0.0,91.53507742982524,67.70906277243995,1040.2739726027398,27.473170903259152,0.0,5.529165331473563,19.314922570174765,0.5132662418218102,103020.54794520549,2,0,0
2020-10-22,21.5,15.3,0.0,84.18545202369674,78.10163605195255,1040.4109589041095,0.0,0.0,4.307182628164025,26.56454797630326,0.7503116988909269,103030.82191780822,3,0,0
2020-10-23,21.8,5.6,0.0,87.29799937716625,66.86895952219275,1040.5479452054794,19.057490944058777,0.0,1.256583241190512,23.60200062283375,0.7855038392405849,103041.09589041096,4,0,0
2020-10-24,20.9,12.2,0.0,87.63649760438304,82.03925359695573,1040.6849315068494,32.24556515977291,7.214793237573432,0.0,22.81350239561696,0.7501821357924907,103051.36986301371,5,0,0
2020-10-25,22.4,2.6,0.0,85.36431059419479,41.67132665466108,1040.8219178082193,26.298289071680948,0.0,0.0,25.83568940580521,2.152979589050291,103061.64383561644,6,0,0
2020-10-26,22.6,0.6,0.0,83.44814420961806,58.33760382129701,1040.958904109589,32.79929058742786,7.574951493374855,7.35517345408552,27.851855790381936,0.17652350850062107,103071.91780821918,0,0,0
2020-10-27,22.1,0.0,0.0,75.85502494538964,51.8535195587089,1041.0958904109589,14.842549821437846,13.705361439967135,0.0,35.19497505461035,0.28263997355385834,103082.19178082192,1,0,0
2020-10-28,21.8,0.0,0.0,77.19909479901516,62.363648407856104,1041.2328767123288,1.508672778031856,6.952029000839993,0.0,33.70090520098484,0.7573956895117688,103092.46575342467,2,0,0
2020-10-29,21.2,0.4,0.0,83.9364680256163,43.618819659706126,1041.3698630136987,0.0,2.837510236615011,3.32684467516415,26.663531974383694,0.5796951391586648,103102.7397260274,3,0,0
2020-10-30,21.6,0.0,0.0,83.05185132716733,87.70658207855362,1041.5068493150684,0.0,0.0,0.0,27.748148672832674,0.656463073318836,103113.01369863014,4,0,0
2020-10-31,22.3,1.6,0.0,80.69549203017925,51.162770053468044,1041.6438356164383,0.0,0.0,0.0,30.454507969820746,2.01506365420792,103123.28767123287,5,0,0
2020-11-01,22.8,0.1,0.0,80.6366369165439,86.11538877417924,1041.7808219178082,43.41885434995628,12.496189052966667,0.0,30.763363083456092,1.4515038253409125,103133.56164383562,6,0,0
2020-11-02,23.5,0.4,0.0,86.58832447894213,61.294657751834094,1041.9178082191781,0.0,7.7934900390533235,0.0,25.161675521057873,0.11384958710312319,103143.83561643836,0,0,0
2020-11-03,23.1,0.4,0.0,77.24214305582085,89.2762066627609,1042.054794520548,2.4640961356897133,0.0,0.0,34.30785694417915,1.1303746376900687,103154.1095890411,1,0,0
2020-11-04,23.0,0.7,0.0,83.08548690585019,67.70291917301054,1042.1917808219177,11.029707520809351,0.0,1.215458638303494,28.41451309414981,1.0789238244408614,103164.38356164383,2,0,0
2020-11-05,22.7,4.8,0.0,81.38903673783054,86.54164320879038,1042.3287671232877,0.8720489274490745,0.0,4.756531221497417,29.960963262169464,0.3734686466669045,103174.65753424658,3,0,0
2020-11-06,22.9,0.0,0.0,78.9115939838639,40.26744943471114,1042.4657534246576,33.90102080861506,0.0,2.6344896183289683,32.53840601613611,1.7227402926434972,103184.93150684932,4,0,0
2020-11-07,22.8,0.8,0.0,85.89388425993596,77.41194030904501,1042.6027397260275,0.0,19.114190871397234,0.0,25.50611574006404,1.7850332521107786,103195.20547945205,5,0,0
2020-11-08,22.6,0.2,0.0,84.22708174494014,85.15253265512577,1042.7397260273972,3.8921491047448544,0.0,0.0,27.072918255059864,1.8301437257250346,103205.47945205479,6,0,0
2020-11-09,21.6,0.0,0.0,84.06754818000319,46.986028348947706,1042.876712328767,0.0,1.8947982122108065,2.5507873445759173,26.732451819996815,1.848330269340621,103215.75342465754,0,0,0
2020-11-10,19.7,0.0,0.0,86.52739403577165,44.806292586607576,1043.013698630137,0.0,10.074439731951985,6.362850814642847,23.32260596422835,0.10012678463751233,103226.02739726027,1,0,0
2020-11-11,20.8,0.0,0.0,80.1050192081638,61.22863035929778,1043.150684931507,0.0,0.0,0.631570997416001,30.294980791836203,2.389409929232133,103236.30136986301,2,0,0
2020-11-12,22.2,1.8,0.0,84.30976485647483,86.68394530664676,1043.2876712328766,0.0,1.847104747810833,0.0,26.790235143525173,2.054101040931191,103246.57534246575,3,0,0
2020-11-13,22.2,2.7,0.0,79.79866621703272,67.11932800952194,1043.4246575342465,0.0,9.379155375106551,0.0,31.301333782967284,2.269556071814285,103256.8493150685,4,0,0
2020-11-14,22.5,0.2,0.0,81.7208317624422,66.3728231860866,1043.5616438356165,0.0,0.12499321907250335,0.0,29.529168237557798,0.13754390873784192,103267.12328767125,5,0,0
2020-11-15,21.4,8.2,0.0,83.44928472816157,47.056305914966096,1043.6986301369864,0.0,28.684030556667683,3.331348360217616,27.250715271838427,2.3412611098857745,103277.39726027397,6,0,0
2020-11-16,21.5,39.5,0.0,100.0,40.03947555466094,1043.835616438356,0.0,0.0,2.889892618197786,10.515020175036412,2.043492468851451,103287.67123287672,0,0,0
2020-11-17,21.9,0.6,0.0,83.27578512718456,80.50700453727306,1043.972602739726,0.0,10.58728529883879,2.8868176255333076,27.674214872815437,2.1093259431008766,103297.94520547945,1,0,0
2020-11-18,21.8,1.0,0.0,76.40889658383264,44.37872814931191,1044.109589041096,15.201119273792052,0.0,0.0,34.491103416167356,0.3238897233327244,103308.2191780822,2,0,0
2020-11-19,21.8,0.2,0.0,90.56193637842729,71.6924909367662,1044.2465753424658,1.6487950586900657,7.719201548366751,7.034673729458754,20.338063621572708,1.8730672694046344,103318.49315068492,3,0,0
2020-11-20,21.7,0.0,0.0,74.96991309250149,85.73082272575957,1044.3835616438357,0.0,4.413071516992458,0.0,35.880086907498516,2.4038000551410184,103328.76712328767,4,0,0
2020-11-21,20.1,0.0,0.0,73.92905693606134,50.43259565792155,1044.5205479452054,0.0,0.0,4.776346186036028,36.120943063938654,1.7285136194035855,103339.04109589041,5,0,0
2020-11-22,19.8,0.0,0.0,85.79055436750033,73.26364181184553,1044.6575342465753,0.0,2.2899639245934025,0.0,24.109445632499664,1.4693473710990557,103349.31506849316,6,0,0
2020-11-23,21.0,0.0,0.0,83.95831346981468,43.93492883537547,1044.7945205479452,6.383490208383609,0.0,0.0,26.541686530185316,2.369511226597593,103359.58904109588,0,0,0
2020-11-24,21.5,0.1,0.0,83.17059908526078,70.18775719188065,1044.9315068493152,26.80900892046289,6.032475005713938,2.962651536588807,27.579400914739225,1.1630490921626464,103369.86301369863,1,0,0
2020-11-25,20.6,1.7,0.0,83.9917275463214,48.19658604766013,1045.0684931506848,0.0,2.9815846599052565,2.0481805934199686,26.3082724536786,1.538304559145149,103380.13698630137,2,0,0
2020-11-26,19.1,24.2,0.0,92.03876613576543,76.7976780257589,1045.2054794520548,2.300521582948343,6.386601686431024,1.7848637963346305,17.511233864234573,1.2432119043864789,103390.41095890412,3,0,0
2020-11-27,19.2,0.0,0.0,75.51372814257084,55.06156473969541,1045.3424657534247,0.0,10.581183250871502,0.40639211028099376,34.08627185742916,2.338830931264718,103400.68493150684,4,0,0
2020-11-28,20.5,1.1,0.0,80.92902279096863,63.169550440232314,1045.4794520547946,13.426801529009314,3.676198402097109,0.0,29.32097720903137,0.28260334423721745,103410.95890410959,5,0,0
2020-11-29,21.4,0.6,0.0,76.91419144243943,69.97152710138108,1045.6164383561643,4.263932564753783,1.480894197982762,11.941859964352194,33.78580855756057,1.3026872819808357,103421.23287671233,6,0,0
2020-11-30,21.4,0.1,0.0,84.92559866708875,48.56367053331198,1045.7534246575342,0.0,0.0,5.921283225980865,25.77440133291125,1.748685859325052,103431.50684931508,0,0,0
2020-12-01,20.0,0.0,0.0,79.2647130924893,77.08189093088104,1045.890410958904,0.0,0.0,3.6141344749275603,30.735286907510698,2.0005756922133684,103441.7808219178,1,0,0
2020-12-02,20.3,0.0,0.0,75.87251401603744,55.13201703184073,1046.027397260274,0.0,11.86734620177331,0.5589957910169413,34.277485983962556,1.4992447538659273,103452.05479452055,2,0,0
2020-12-03,19.6,17.0,0.0,86.89307079173503,73.11859299563767,1046.1643835616437,21.520142771971965,14.363354057059786,5.035786002983346,22.906929208264973,2.2814025858914895,103462.32876712328,3,0,0
2020-12-04,20.5,5.7,0.0,84.91465727137812,47.91415253496868,1046.3013698630136,0.42623297343884436,0.0,2.5899738819572593,25.33534272862188,2.3607794725212923,103472.60273972603,4,0,0
2020-12-05,21.0,3.7,0.0,79.03137723598012,74.40588296031751,1046.4383561643835,38.02381371506015,0.46002747253274123,0.1310237638701783,31.468622764019884,0.2543661356646004,103482.87671232875,5,0,0
2020-12-06,20.9,4.1,0.0,77.93889802216783,46.40940364052309,1046.5753424657535,0.0,0.0,0.0,32.51110197783217,1.0656892948992984,103493.1506849315,6,0,0
2020-12-07,21.2,5.8,0.0,84.11843605745956,61.26782481349918,1046.7123287671234,0.0,11.727568452674449,0.0,26.48156394254044,0.15630165213077066,103503.42465753425,0,0,0
2020-12-08,21.1,9.2,0.0,85.8248328555436,52.36030368694384,1046.849315068493,0.0,6.654168236917787,0.0,24.725167144456396,0.890599977698663,103513.69863013699,1,0,0
2020-12-09,20.9,3.0,0.0,78.96528412314436,77.41876247140914,1046.986301369863,0.0,19.41217436463749,1.0530041964882089,31.484715876855642,1.3884837231294451,103523.97260273973,2,0,0
2020-12-10,20.0,0.0,0.0,77.64480847190839,53.10175022534373,1047.123287671233,0.0,0.0,0.0,32.35519152809161,2.2859078332238774,103534.24657534246,3,0,0
2020-12-11,19.7,0.0,0.0,81.16024968678818,84.08586531976981,1047.2602739726028,5.342533020229668,0.0,7.96334999141442,28.689750313211825,2.131730373916967,103544.52054794521,4,0,0
2020-12-12,19.1,0.0,0.0,72.75957829251338,84.59101057033064,1047.3972602739725,10.174500464598676,2.3144592252557232,0.09672035405877145,36.790421707486615,0.4059993440127657,103554.79452054795,5,0,0
2020-12-13,19.2,0.0,0.0,72.96268112811723,49.82206576113929,1047.5342465753424,0.0,6.464895377257706,0.0,36.637318871882776,0.3232728993781497,103565.06849315068,6,0,0
2020-12-14,19.4,0.0,0.0,76.40777889373783,70.69229725038622,1047.6712328767123,17.90076628152231,0.0,0.0,33.292221106262176,1.514241613016001,103575.34246575342,0,0,0
2020-12-15,19.3,0.0,0.0,78.93276424144076,44.38588208599822,1047.8082191780823,0.0,0.0,0.0,30.717235758559234,1.3770831339010785,103585.61643835617,1,0,0
2020-12-16,20.4,0.5,0.0,81.80453782799002,59.576854980081464,1047.945205479452,2.9358602397109874,8.814075289235712,2.367037078562332,28.39546217200998,0.7393063394320571,103595.8904109589,2,0,0
2020-12-17,21.1,1.1,0.0,87.92678108474776,75.66608647506362,1048.0821917808219,32.24441256510849,7.211353625455816,1.4547368216974268,22.62321891525224,2.2586874029292043,103606.16438356164,3,0,0
2020-12-18,20.7,0.0,0.0,84.2882981160101,72.97116234249582,1048.2191780821918,17.936786317310638,0.0,4.789198155541338,26.061701883989905,2.3256793827077282,103616.43835616438,4,0,0
2020-12-19,20.5,0.0,0.0,79.20030735018287,71.2350334703304,1048.3561643835617,0.0,13.554428011054958,0.0,31.049692649817132,1.0662674520163904,103626.71232876713,5,0,0
2020-12-20,19.9,0.0,0.0,79.90491896048655,54.12704318312218,1048.4931506849316,0.0,11.701987091966037,0.170040481140734,30.045081039513445,2.2367261370724485,103636.98630136986,6,0,0
2020-12-21,18.7,0.0,0.0,74.98735317681096,58.9012474717201,1048.6301369863013,0.0,1.342964972477929,0.0,34.362646823189046,1.0214773462311344,103647.2602739726,0,0,0
2020-12-22,18.9,0.0,0.0,79.90743432003805,45.14730723501431,1048.7671232876712,0.0,0.7959786237603639,3.5074739096235725,29.54256567996195,1.8683603963912805,103657.53424657533,1,0,0
2020-12-23,20.2,0.0,0.0,78.5567068053993,75.95114102168006,1048.9041095890411,0.0,5.540577711159072,2.5943559022006104,31.5432931946007,1.242261322114538,103667.80821917808,2,0,0
2020-12-24,20.4,0.0,0.0,81.61359280169044,65.19443983956367,1049.041095890411,0.0,0.0,2.479025105137854,28.586407198309555,0.3941995756172392,103678.08219178082,3,0,0
2020-12-25,19.9,0.0,0.0,75.86384528223839,75.43828161728273,1049.1780821917807,0.0,0.3003147916408217,0.0080951567847056,34.086154717761616,2.327042082968852,103688.35616438356,4,0,0
2020-12-26,19.4,0.0,0.0,82.59673257120586,52.44717623984364,1049.3150684931506,1.5370376591753643,0.0,2.073864453943955,27.103267428794137,1.189831824106088,103698.63013698629,5,0,0
2020-12-27,19.9,0.0,0.0,87.66369456501289,56.22191143175331,1049.4520547945206,0.0,8.764556455029355,8.021695541542982,22.28630543498711,1.8627688967737688,103708.90410958904,6,0,0
2020-12-28,19.8,0.0,0.0,79.45619925771571,56.71076686300573,1049.5890410958905,0.0,0.0,0.0,30.44380074228429,0.9812171546351012,103719.17808219178,0,0,0
2020-12-29,20.6,0.0,0.0,82.0085586104947,41.28712048736081,1049.7260273972602,3.3730934393345535,15.03419828428999,0.6932259185504225,28.291441389505298,0.14531410858296318,103729.45205479451,1,0,0
2020-12-30,21.6,0.4,0.0,83.65071995855557,57.05239364153118,1049.86301369863,8.838812991388181,0.0,0.0,27.14928004144443,0.3412728608604062,103739.72602739725,2,0,0
2020-12-31,20.3,2.0,0.0,78.99389764057082,80.16522867590167,1050.0,0.0,0.0,0.0,31.156102359429177,1.2909267507758186,103750.0,3,0,0
2021-01-01,19.9,0.0,0.0,81.12046240905208,84.86492478748693,1050.13698630137,28.2186475949254,0.0,0.4890664654665369,28.82953759094792,1.7559144571032699,103760.27397260274,4,0,0
2021-01-02,19.8,0.0,0.0,80.06296200390898,65.91091578179638,1050.2739726027398,0.0,0.0,5.519667733509536,29.83703799609102,0.9033647837902697,103770.54794520549,5,0,0
2021-01-03,21.2,1.3,0.0,81.13838049274416,62.77508476096101,1050.4109589041095,0.3769924588969532,14.185313451480365,0.0,29.46161950725584,1.7691723020263608,103780.82191780822,6,0,0
2021-01-04,20.9,0.2,0.0,76.23495108072267,41.54123093496851,1050.5479452054794,14.164288465131143,0.0,0.0,34.215048919277336,1.7767254146366944,103791.09589041096,0,0,0
2021-01-05,20.9,0.5,0.0,80.37255087129472,83.96021687926913,1050.6849315068494,4.664322625270033,12.769653860881878,0.0,30.07744912870528,1.789446177586794,103801.36986301371,1,0,0
2021-01-06,21.0,12.1,0.0,88.53999145622724,40.65051067129364,1050.8219178082193,19.0627326782649,3.3802348110170817,0.0,21.96000854377276,1.2820524496492203,103811.64383561644,2,0,0
2021-01-07,21.3,3.2,0.0,88.8557180389752,87.23750401051059,1050.958904109589,5.742483304036484,0.0,1.4748572785441079,21.7942819610248,2.2957267602916094,103821.91780821918,3,0,0
2021-01-08,21.6,8.3,0.0,88.94635413042604,64.46081243440453,1051.0958904109589,0.0,0.0,0.0,21.853645869573956,1.2740716431534775,103832.19178082192,4,0,0
2021-01-09,21.2,0.8,0.0,91.16591228755779,57.09672467873633,1051.2328767123288,7.230070504122033,16.763930272082032,6.404697883333638,19.434087712442214,1.1806364643919316,103842.46575342467,5,0,0
2021-01-10,21.4,0.0,0.0,76.16326218555976,86.210921742133,1051.3698630136987,0.0,0.0,0.0,34.536737814440244,0.5785139656255047,103852.7397260274,6,0,0
2021-01-11,21.2,0.0,0.0,84.36160318360339,41.219549655504835,1051.5068493150684,2.171194115530463,0.0,3.609517427190707,26.23839681639661,0.8383722096552075,103863.01369863014,0,0,0
2021-01-12,21.0,0.1,0.0,80.96671002869175,69.07124474345436,1051.6438356164383,0.0,11.373145423647292,0.0,29.53328997130825,0.20160278204392804,103873.28767123287,1,0,0
2021-01-13,20.8,0.0,0.0,90.94901466608836,67.44662622496688,1051.7808219178082,0.0,3.3855287628591424,3.344200652731091,19.45098533391164,1.6204847046788087,103883.56164383562,2,0,0
2021-01-14,20.4,0.6,0.0,76.25850857322423,50.96602006056911,1051.9178082191781,0.0,0.0,3.3597230390724873,33.94149142677577,0.6964857854250228,103893.83561643836,3,0,0
2021-01-15,21.3,0.0,0.0,75.80139078909612,61.44437156751053,1052.054794520548,0.0,2.16624975404619,1.9210103600294826,34.84860921090388,0.8299726107651162,103904.1095890411,4,0,0
2021-01-16,21.3,0.0,0.0,77.0030367727799,72.61320029718851,1052.1917808219177,0.0,0.0,0.0,33.646963227220105,1.9499548519943708,103914.38356164383,5,0,0
2021-01-17,20.9,0.0,0.0,69.38052137845096,76.35655984409638,1052.3287671232877,1.8568980228222942,11.008213984226051,1.2477409479903852,41.06947862154904,0.8853308395874893,103924.65753424658,6,0,0
2021-01-18,19.6,0.0,0.0,77.3712248915962,40.035842935328986,1052.4657534246576,3.197127839948007,10.613709648731335,0.0,32.4287751084038,0.6812701408315411,103934.93150684932,0,0,0
2021-01-19,19.8,0.0,0.0,76.20433669223151,86.84267150455076,1052.6027397260275,0.0,5.320061988219431,0.0,33.69566330776849,0.5057385979208938,103945.20547945205,1,0,0
2021-01-20,21.1,0.0,0.0,80.75196893238103,48.22626861964062,1052.7397260273972,25.314156817294013,3.616610612470166,5.14706550477663,29.798031067618968,1.959660165236694,103955.47945205479,2,0,0
2021-01-21,22.2,0.0,0.0,81.70877987888579,51.67902171111796,1052.876712328767,0.0,17.611881248673736,3.9835096353537103,29.39122012111421,0.4112950191760645,103965.75342465754,3,0,0
2021-01-22,23.0,0.0,0.0,89.38085419607943,53.173672284692415,1053.013698630137,19.389144010534736,0.0,0.07591471270216561,22.119145803920574,1.1890090246008485,103976.02739726027,4,0,0
2021-01-23,22.0,0.0,0.0,84.75211919093024,41.891006827601764,1053.150684931507,8.543887237433697,0.0,0.0,26.247880809069756,1.3166322785852667,103986.30136986301,5,0,0
2021-01-24,21.1,0.0,0.0,77.11548172168798,46.15260617951625,1053.2876712328766,0.0,4.494739128323069,3.227938560870967,33.43451827831201,1.7497357904457151,103996.57534246575,6,0,0
2021-01-25,20.4,0.0,0.0,75.50792664325822,89.3174961472081,1053.4246575342465,35.50621785219024,20.86047049537114,0.09690618849012607,34.69207335674179,1.6198803575991891,104006.8493150685,0,0,0
2021-01-26,20.5,0.0,0.0,82.45959585753253,55.7608368688643,1053.5616438356165,0.0,0.0,0.0,27.790404142467466,2.0457296150684194,104017.12328767125,1,0,0
2021-01-27,20.4,0.0,0.0,73.3988339648968,45.76505451695247,1053.6986301369864,18.38308347220003,0.0,3.913149131582591,36.80116603510321,0.20740344142297157,104027.39726027397,2,0,0
2021-01-28,20.2,0.0,0.0,89.15729382927177,45.349563058731164,1053.835616438356,20.011646360859565,4.164460381014527,0.0,20.942706170728236,0.8114577394705532,104037.67123287672,3,0,0
2021-01-29,21.1,0.0,0.0,85.89720060360644,75.97299838349859,1053.972602739726,0.0,0.0,6.012256239915361,24.652799396393565,0.7723218850609114,104047.94520547945,4,0,0
2021-01-30,22.1,0.0,0.0,77.65412173947648,82.72843320163204,1054.109589041096,27.849306001286575,0.0,0.0,33.39587826052352,0.4504405734210597,104058.2191780822,5,0,0
2021-01-31,22.1,0.0,0.0,71.43432735454562,52.8476149754235,1054.2465753424658,0.0,11.218578562304709,0.0,39.61567264545438,0.7940278092554635,104068.49315068492,6,0,0
2021-02-01,21.5,0.0,0.0,86.76936187082707,41.04547561676175,1054.3835616438357,5.7738725855971404,23.200407220172593,1.3954192917259258,23.98063812917293,0.8434367539429681,104078.76712328767,0,0,0
2021-02-02,21.2,0.0,0.0,79.42730077373692,51.154500922267786,1054.5205479452054,5.2064367754244145,1.9613145902390734,1.4578183834098637,31.172699226263084,1.352522708625948,104089.04109589041,1,0,0
2021-02-03,21.2,0.0,0.0,86.1890815598673,42.82578453983787,1054.6575342465753,0.0,0.0,0.0,24.410918440132697,1.6928907494230145,104099.31506849316,2,0,0
2021-02-04,20.7,0.0,0.0,72.02786170602816,45.169746831502074,1054.7945205479452,16.216165463195644,0.0,0.0,38.32213829397184,1.0146412326683538,104109.58904109588,3,0,0
2021-02-05,20.7,0.0,0.0,77.00312488523113,61.575405992382116,1054.9315068493152,15.86977441104426,2.5797598122118086,13.776088718599508,33.34687511476887,1.8267285551521149,104119.86301369863,4,0,0
2021-02-06,20.8,0.0,0.0,80.02621849859092,51.49591854308163,1055.0684931506848,0.0,11.038773433162577,0.0,30.373781501409077,0.9067968125909919,104130.13698630137,5,0,0
2021-02-07,20.6,0.0,0.0,80.2349029688237,65.79729392627117,1055.2054794520548,26.086804857563052,4.751677464953817,3.6547948818810805,30.065097031176297,0.7966808255554247,104140.41095890412,6,0,0
2021-02-08,20.7,0.0,0.0,77.74967264260378,52.67468766285952,1055.3424657534247,0.0,0.0,0.0,32.60032735739622,1.3988513340568585,104150.68493150684,0,0,0
2021-02-09,20.1,0.0,0.0,83.11424966173749,87.02686505514738,1055.4794520547946,20.650924086833147,0.0,0.0,26.935750338262512,0.15691926473389745,104160.95890410959,1,0,0
2021-02-10,20.1,0.0,0.0,74.66189785308703,85.29719839631323,1055.6164383561643,22.534102736551667,0.0,0.0,35.38810214691297,0.29149389672160086,104171.23287671233,2,0,0
2021-02-11,20.5,0.0,0.0,79.28810257489353,68.3403052505233,1055.7534246575342,0.0,8.347513263248821,0.0,30.96189742510647,1.103126904607665,104181.50684931508,3,0,0
2021-02-12,20.7,0.0,0.0,80.60147815855949,57.72119959936931,1055.890410958904,0.0,9.137716213855857,0.0,29.748521841440514,2.3629905073402155,104191.7808219178,4,0,0
2021-02-13,20.7,0.0,0.0,82.57219417029374,59.057344101736774,1056.027397260274,0.0,0.0,0.0,27.77780582970626,1.8316282716242167,104202.05479452055,5,0,0
2021-02-14,21.3,0.0,0.0,83.55807439044445,60.592614157224844,1056.1643835616437,0.0,15.898389781806838,1.3213413582281828,27.091925609555553,0.3115037668013386,104212.32876712328,6,0,0
2021-02-15,22.7,0.0,0.0,74.37678954081065,76.3789661067472,1056.3013698630136,0.0,5.740712208940013,0.0,36.97321045918935,2.131163230674097,104222.60273972603,0,0,0
2021-02-16,22.6,0.0,0.0,72.32942914632189,62.581949775941894,1056.4383561643835,15.593210645386797,13.995946451457934,0.0,38.97057085367811,1.8575218494596344,104232.87671232875,1,0,0
2021-02-17,22.9,0.0,0.0,86.38838410949255,82.83649732529487,1056.5753424657535,26.206174922392165,0.0,2.4309239578096946,25.06161589050745,1.5662716616863677,104243.1506849315,2,0,0
2021-02-18,22.0,0.3,0.0,81.81157005989796,87.20473929651823,1056.7123287671234,27.91367621579912,0.0,0.0,29.18842994010204,2.0687031054620255,104253.42465753425,3,0,0
2021-02-19,21.5,2.2,0.0,77.35756731721723,56.797307668946694,1056.849315068493,0.0,0.0,0.0,33.39243268278277,1.069863634583097,104263.69863013699,4,0,0
2021-02-20,20.0,10.3,0.0,92.90575987761262,68.034724068784,1056.986301369863,0.0,5.027844268951942,3.6959024735078394,17.094240122387376,0.6316025220492465,104273.97260273971,5,0,0
2021-02-21,19.6,3.9,0.0,82.5283731714643,44.75282684162822,1057.123287671233,0.0,17.963608229269635,2.535101360676784,27.271626828535705,1.3288561338610225,104284.24657534246,6,0,0
2021-02-22,21.2,0.5,0.0,86.14648592031914,50.02345238831795,1057.2602739726028,0.0,7.060789138151316,0.0,24.453514079680865,1.4172202134243372,104294.52054794521,0,0,0
2021-02-23,22.5,0.0,0.0,80.33759240705055,60.673288335508005,1057.3972602739725,19.297032661949153,0.0,0.0,30.91240759294945,1.391983292823789,104304.79452054795,1,0,0
2021-02-24,22.8,0.0,0.0,90.30373962440993,50.31013579508894,1057.5342465753424,32.311656470964635,0.0,0.0,21.09626037559007,1.4561770995522527,104315.06849315068,2,0,0
2021-02-25,23.6,0.0,0.0,88.77670421221602,83.82802453943589,1057.6712328767123,0.0,12.3000057271915,0.0,23.023295787783983,2.376891803774034,104325.34246575342,3,0,0
2021-02-26,24.0,0.0,0.0,78.75517925760464,47.9143128029549,1057.8082191780823,0.0,0.0,0.0,33.24482074239536,2.2653894954309552,104335.61643835617,4,0,0
2021-02-27,24.6,0.0,0.0,84.85785475477178,62.7830410776546,1057.945205479452,0.0,16.284685547723218,0.0,27.44214524522822,2.2017208877414545,104345.8904109589,5,0,0
2021-02-28,24.8,0.0,0.0,83.22687974792574,70.28496202299378,1058.0821917808219,5.603223176392136,0.0,3.261651690883399,29.173120252074263,2.023400346180705,104356.16438356164,6,0,0
2021-03-01,24.0,0.0,0.0,86.84315778766174,74.59319540804222,1058.2191780821918,0.0,15.905820726178504,7.136526821446082,25.156842212338262,2.364227457436685,104366.43835616438,0,0,0
2021-03-02,24.4,0.0,0.0,75.17538269709948,59.15346848632534,1058.3561643835617,8.481220889281794,6.789312900592783,0.0,37.02461730290052,0.3363871400305678,104376.71232876713,1,0,0
2021-03-03,24.3,0.0,0.0,83.43025729999219,83.45495343623642,1058.4931506849316,0.0,0.0,3.782441771580492,28.719742700007806,0.7362958274697747,104386.98630136986,2,0,0
2021-03-04,23.1,0.0,0.0,85.29212243424794,68.41595755389628,1058.6301369863013,0.0,0.0,0.0,26.257877565752057,1.2881342695710039,104397.2602739726,3,0,0
2021-03-05,23.3,0.0,0.0,71.20630256788442,61.97538902237759,1058.7671232876712,10.92568496007399,0.0,3.2972562055680577,40.44369743211558,2.1316827834961725,104407.53424657533,4,0,0
2021-03-06,24.5,0.0,0.0,74.08370743667112,43.36203170260183,1058.9041095890411,0.12844539621875634,4.2831669237523755,0.0,38.16629256332888,1.312397707654558,104417.80821917808,5,0,0
2021-03-07,24.9,0.0,0.0,69.8038391111995,63.23447342225825,1059.041095890411,0.0,0.7715649621771674,1.5367280835398502,42.64616088880051,1.895283374419813,104428.08219178082,6,0,0
2021-03-08,24.4,0.0,0.0,78.65296582777721,81.03679204078651,1059.1780821917807,0.0,0.0,0.0,33.547034172222794,0.4335037725973989,104438.35616438356,0,0,0
2021-03-09,24.3,0.0,0.0,83.58771127897981,70.72705091106577,1059.3150684931506,0.0,0.0,6.60207004891917,28.562288721020188,0.7057931511437444,104448.63013698629,1,0,0
2021-03-10,24.7,0.0,0.0,87.51178526048014,81.60812268645591,1059.4520547945206,0.0,0.785770297191498,0.0,24.838214739519863,1.8562626280904138,104458.90410958904,2,0,0
2021-03-11,24.9,0.0,0.0,80.37047390209888,64.70058352996529,1059.5890410958905,0.0,0.0,3.1380314878091555,32.07952609790112,0.49536162133053774,104469.17808219178,3,0,0
2021-03-12,24.3,0.0,0.0,88.14307772785646,45.92308525472409,1059.7260273972602,31.972943410094338,4.581681147886987,0.0,24.006922272143534,0.9432542431718242,104479.45205479451,4,0,0
2021-03-13,23.9,0.0,0.0,73.09949270892554,40.68199229179405,1059.86301369863,11.218388958824775,0.0,0.0,38.850507291074464,0.7356790187525714,104489.72602739725,5,0,0
2021-03-14,24.3,0.0,0.0,71.48308780322422,55.16097733592956,1060.0,0.0,0.0,0.0,40.666912196775776,0.9396680661339483,104500.0,6,0,0
2021-03-15,24.9,0.0,0.0,79.72226150551691,74.89952357488963,1060.13698630137,13.939088090214714,0.0,0.0,32.72773849448309,1.7999777177871288,104510.27397260274,0,0,0
2021-03-16,25.5,0.0,0.0,81.92032724469654,79.51299519708469,1060.2739726027398,0.0,0.0,0.0,30.829672755303463,0.9828332347427224,104520.54794520549,1,0,0
2021-03-17,25.3,0.0,0.0,79.83652625952953,54.78764173101647,1060.4109589041095,23.462492751732825,0.0,0.0,32.813473740470464,1.4326319742590565,104530.82191780822,2,0,0
2021-03-18,25.3,0.0,0.0,69.66278949980062,64.78269604416235,1060.5479452054794,7.392843843961878,0.0,1.2062012420336465,42.987210500199375,0.33983650493058315,104541.09589041096,3,0,0
2021-03-19,25.0,0.0,0.0,79.55439980243605,61.05594522170408,1060.6849315068494,0.0,19.53259137526568,0.4225257284643129,32.94560019756395,2.0320424637631067,104551.36986301371,4,0,0
2021-03-20,24.9,0.0,0.0,73.47765249747573,60.5261392175714,1060.8219178082193,8.954338516205553,0.0,3.9899727480611813,38.97234750252427,0.9877327015554996,104561.64383561644,5,0,0
2021-03-21,25.8,0.0,0.0,83.3483627441502,51.567435660007526,1060.958904109589,0.0,1.7775010626803134,4.617543080236843,29.551637255849805,1.6564819816800218,104571.91780821918,6,0,0
2021-03-22,26.1,0.0,0.0,81.83299123048424,46.818555251472915,1061.0958904109589,0.0,4.004813865063287,0.0,31.21700876951576,1.8409350439883985,104582.19178082192,0,0,0
2021-03-23,26.2,0.0,0.0,75.30060106836322,49.83442791156065,1061.2328767123288,0.0,1.3106518621584873,4.343862502953855,37.79939893163678,0.603186213068081,104592.46575342467,1,0,0
2021-03-24,26.4,0.0,0.0,77.43066541331653,42.766619358167304,1061.3698630136987,2.858861895274135,0.0,0.0,35.76933458668347,2.22321996388804,104602.7397260274,2,0,0
2021-03-25,26.9,0.0,0.0,74.70393239055524,49.90653709117885,1061.5068493150684,34.650299989701836,0.0,2.9392794406886753,38.746067609444765,1.578938203856687,104613.01369863014,3,0,0
2021-03-26,27.0,0.0,0.0,79.68660451363414,40.46004488126897,1061.6438356164383,44.626002923852646,14.50927548279212,3.0986939235143436,33.81339548636586,1.1289403402035556,104623.28767123287,4,0,0
2021-03-27,27.0,0.0,0.0,84.77571160250619,71.36292003179892,1061.7808219178082,12.761022028815143,18.07196643637885,0.0,28.724288397493808,0.5376044405877269,104633.56164383562,5,0,0
2021-03-28,27.2,0.0,0.0,75.07136976832228,55.81877036938414,1061.9178082191781,10.016889498889139,0.0,0.46489623264704827,38.52863023167772,2.361522250962896,104643.83561643836,6,0,0
2021-03-29,27.4,0.0,0.0,82.52023257758923,88.65723557134544,1062.054794520548,0.0,0.0,0.0,31.179767422410773,1.9121636899159002,104654.1095890411,0,0,0
2021-03-30,27.4,0.0,0.0,77.3487119081378,49.68585253881489,1062.1917808219177,0.0,0.0,0.0,36.3512880918622,0.5992589505597973,104664.38356164383,1,0,0
2021-03-31,28.9,0.0,0.0,76.03563583868828,57.291428515479694,1062.3287671232877,0.0,0.0,6.7542616534950275,38.414364161311724,0.9105058593381388,104674.65753424658,2,0,0
2021-04-01,27.9,0.0,0.0,79.46484820022721,57.89205793207666,1062.4657534246576,0.0,5.059655534558653,0.0,34.485151799772794,2.0432182194113757,104684.93150684932,3,0,0
2021-04-02,27.4,0.0,0.0,74.82378838790314,40.42257480312303,1062.6027397260275,0.0,0.0,0.0,38.87621161209687,1.7696263917168136,104695.20547945205,4,0,0
2021-04-03,27.4,0.0,0.0,77.23175347326409,81.96039765197295,1062.7397260273972,0.0,21.650560678066025,0.37847470002546724,36.46824652673591,1.9378823025177385,104705.47945205479,5,0,0
2021-04-04,27.6,0.0,0.0,74.01061053705575,41.599723007216234,1062.876712328767,0.0,11.905485943435961,3.427948731492082,39.78938946294424,1.158882645311038,104715.75342465754,6,0,0
2021-04-05,27.5,0.0,0.0,89.82362566458195,87.00899173646206,1063.013698630137,14.958205122350677,2.125740306322149,0.0,23.926374335418046,1.8195430303412006,104726.02739726027,0,0,0
2021-04-06,27.4,0.0,0.0,80.17631775985865,84.60371755468103,1063.150684931507,0.0,10.269862633197322,5.831852728346261,33.523682240141355,1.027584934873393,104736.30136986301,1,0,0
2021-04-07,27.3,0.0,0.0,76.50137246003708,66.77609580429818,1063.2876712328766,4.784937282222991,11.059004243573089,2.6548783098204525,37.14862753996292,0.6070310006516714,104746.57534246575,2,0,0
2021-04-08,27.3,0.0,0.0,81.0698995536711,67.1797787455646,1063.4246575342465,41.48165339499947,0.0,0.0,32.58010044632889,1.6184248836192638,104756.8493150685,3,0,0
2021-04-09,27.0,0.0,0.0,79.43835975154585,72.68889614780781,1063.5616438356165,0.0,0.0,0.0,34.061640248454154,2.442433421437106,104767.12328767125,4,0,0
2021-04-10,26.5,0.0,0.0,78.89515200233389,59.35250059674435,1063.6986301369864,0.0,0.7814306296964745,0.0,34.35484799766611,0.845442331348791,104777.39726027397,5,0,0
2021-04-11,26.5,0.0,0.0,83.07083350021712,72.36111416989277,1063.835616438356,0.0,8.61636124497944,2.3968047671471115,30.17916649978288,1.2063270213100952,104787.67123287672,6,0,0
2021-04-12,26.5,0.0,0.0,83.78753855023652,42.238419434424344,1063.972602739726,22.01919269997142,1.3906039865341766,0.0,29.46246144976348,1.7176032905676486,104797.94520547945,0,0,0
2021-04-13,26.7,0.0,0.0,77.34749426194736,42.702381367486325,1064.109589041096,39.166949084411876,0.0,12.745048543588611,36.00250573805264,1.3996150770939708,104808.2191780822,1,0,0
2021-04-14,24.7,4.6,0.0,79.4209087967766,62.86152098097722,1064.2465753424658,0.0,0.0,2.65513047447105,32.9290912032234,2.124226709701718,104818.49315068492,2,0,0
2021-04-15,23.0,22.6,0.0,89.92474151424177,67.48111505530174,1064.3835616438357,9.933984464730434,0.0,0.7443840195884555,21.575258485758226,1.9281824955268383,104828.76712328767,3,0,0
2021-04-16,24.5,0.9,0.0,68.94039417632207,84.39088201679095,1064.5205479452054,0.0,0.0,5.9078385820957315,43.30960582367793,0.23991328926965688,104839.04109589041,4,0,0
2021-04-17,26.5,0.0,0.0,72.42404468900725,45.233031695394814,1064.6575342465753,0.0,19.72542176789808,11.718270264063124,40.825955310992754,2.4962109614170576,104849.31506849316,5,0,0
2021-04-18,26.5,0.2,0.0,86.93437133722261,81.13239635969447,1064.7945205479452,52.886866940340695,0.0,4.353733222942016,26.315628662777385,1.9057658889267213,104859.58904109588,6,0,0
2021-04-19,26.8,0.0,0.0,88.22483856750642,50.50236686460348,1064.9315068493152,0.0,5.055892418358746,4.7440654823581,25.175161432493574,2.173367959105872,104869.86301369863,0,0,0
2021-04-20,25.2,7.9,0.0,82.70481980221811,59.70418242550159,1065.0684931506848,5.074793229891469,14.891131083282897,0.6534501223219116,29.89518019778189,1.6628745090288313,104880.13698630137,1,0,0
2021-04-21,24.9,8.8,0.0,87.28278481527883,55.83012174137065,1065.2054794520548,9.353863435308664,22.71449745422796,0.0,25.16721518472117,2.1550843073122294,104890.41095890412,2,0,0
2021-04-22,25.9,1.1,0.0,82.10625077271767,60.00776364326995,1065.3424657534247,21.715726498786942,0.0,0.0,30.843749227282327,0.3697191398289026,104900.68493150684,3,0,0
2021-04-23,24.4,12.2,0.0,100.0,47.52477490362928,1065.4794520547946,1.9596630694179087,4.9142945272019976,0.0,10.705595957723812,0.9345708053423574,104910.95890410959,4,0,0
2021-04-24,24.0,17.6,0.0,94.39787455717288,65.17850372017774,1065.6164383561643,6.161010790082047,5.69760357198647,0.0,17.602125442827116,2.2034102646507825,104921.23287671233,5,0,0
2021-04-25,25.7,0.1,0.0,79.41041204259616,80.08212949156837,1065.7534246575342,0.0,1.9548173155329083,0.0,33.43958795740384,0.5839725070405414,104931.50684931508,6,0,0
2021-04-26,26.3,0.0,0.0,75.22229779699788,62.07670051894485,1065.890410958904,5.382538824902147,0.0,0.0,37.92770220300212,0.28778103659205456,104941.7808219178,0,0,0
2021-04-27,26.1,0.0,0.0,71.96776839871214,64.53067879490996,1066.027397260274,0.0,4.359753895000459,0.0,41.08223160128786,1.9914854558685255,104952.05479452055,1,0,0
2021-04-28,26.9,0.0,0.0,81.01731817933612,82.4383792640657,1066.1643835616437,12.431437797121017,0.0,0.9545826207185535,32.43268182066389,2.105166773543911,104962.32876712328,2,0,0
2021-04-29,26.3,0.5,0.0,76.46824627357849,75.30290573190155,1066.3013698630136,0.0,6.820694900626313,0.0,36.68175372642151,0.49036532365576146,104972.60273972603,3,0,0
2021-04-30,26.5,0.0,0.0,72.88873145201163,64.52272042598923,1066.4383561643835,7.542007878043729,1.261779036619672,0.734676491933439,40.361268547988374,2.150430358678517,104982.87671232875,4,0,0
2021-05-01,26.8,0.0,0.0,76.76713557878736,52.884782409458985,1066.5753424657535,0.0,0.0,0.0,36.63286442121264,1.7482427094332071,104993.1506849315,5,0,0
2021-05-02,26.7,0.0,0.0,74.59225998192802,84.24633734224832,1066.7123287671234,22.521005015443365,20.46862195719558,15.384301850902517,38.75774001807198,1.3481984397198015,105003.42465753425,6,0,0
2021-05-03,26.4,0.8,0.0,88.83570817536283,68.85102008452792,1066.849315068493,0.0,0.0,6.800579500901565,24.364291824637174,2.092600462675324,105013.69863013699,0,0,0
2021-05-04,25.2,3.3,0.0,86.05819878474726,51.05738050553467,1066.986301369863,0.0,0.0,0.0,26.54180121525274,1.106198198365518,105023.97260273971,1,0,0
2021-05-05,26.8,0.0,0.0,79.96013679341691,53.45598763190052,1067.123287671233,25.238430014279835,19.91553302204734,1.1643404371344912,33.43986320658309,0.5655854949361533,105034.24657534246,2,0,0
2021-05-06,27.1,0.0,0.0,87.39972069445012,80.1566544468123,1067.2602739726028,0.0,0.0,0.0,26.150279305549876,0.7836464238654727,105044.52054794521,3,0,0
2021-05-07,26.3,0.7,0.0,80.73684153823808,42.207278104372776,1067.3972602739725,0.0,0.0,0.0,32.41315846176192,1.3123936439039556,105054.79452054795,4,0,0
2021-05-08,26.8,0.9,0.0,76.14357899335869,89.60460935144101,1067.5342465753424,0.0,0.0,0.0,37.25642100664131,1.375193902415622,105065.06849315068,5,0,0
2021-05-09,27.3,0.1,0.0,87.66562038634828,46.51758398573959,1067.6712328767123,27.488761863416347,8.407344821295492,2.1610834537962695,25.98437961365172,2.0333939834589607,105075.34246575342,6,0,0
2021-05-10,26.3,4.9,0.0,85.14455021842329,79.80342626984687,1067.8082191780823,0.0,2.078025073533134,0.0,28.005449781576708,1.9992465367656027,105085.61643835617,0,0,0
2021-05-11,25.9,14.2,0.0,81.91376922836771,59.73876583858414,1067.945205479452,62.75497067319988,0.0,4.83913012012602,31.036230771632287,1.4952797372909796,105095.8904109589,1,0,0
2021-05-12,25.1,10.0,0.0,84.04830660958196,64.61080916437334,1068.0821917808219,21.121136181321035,0.0,4.968911072652195,28.501693390418044,1.9738851600771432,105106.16438356164,2,0,0
2021-05-13,25.1,2.1,0.0,76.67190873307621,84.0325288732289,1068.2191780821918,4.464778282583193,0.0,6.869571926057247,35.87809126692379,0.5602562999048103,105116.43835616438,3,0,0
2021-05-14,25.7,2.3,0.0,74.23600134517832,60.64555947946066,1068.3561643835617,0.0,0.0,0.0,38.61399865482168,0.2201548650239064,105126.71232876713,4,0,0
2021-05-15,22.9,3.9,0.0,86.58088773765822,66.87468768366173,1068.4931506849316,5.711081497153138,4.258436586298291,2.376828053460051,24.869112262341783,2.1967211743232804,105136.98630136986,5,0,0
2021-05-16,22.6,8.2,0.0,93.64708320235064,42.4649831204585,1068.6301369863013,10.422448567586766,4.182057558879721,3.162271083211504,17.652916797649358,0.28133078503064696,105147.2602739726,6,0,0
2021-05-17,24.3,4.7,0.0,75.35716213090429,40.117373693372656,1068.7671232876712,12.90431171900114,0.0,0.0,36.79283786909571,0.6920522313855935,105157.53424657533,0,0,0
2021-05-18,24.8,0.1,0.0,82.86484618345285,52.23999365008629,1068.9041095890411,11.11208932006897,10.63940987560856,0.0,29.535153816547144,1.768765479098523,105167.80821917808,1,0,0
2021-05-19,24.7,4.5,0.0,78.99678715439086,74.02915464593836,1069.041095890411,1.7916136251049763,2.525688459966235,8.047603328879864,33.35321284560914,1.082675050305542,105178.08219178082,2,0,0
2021-05-20,23.8,22.0,0.0,88.56437308117651,46.06324466795684,1069.1780821917807,0.0,13.845320475939062,1.1374793786602686,23.335626918823486,2.203153527797221,105188.35616438356,3,0,0
2021-05-21,23.1,13.9,0.0,83.98803037880566,45.68809794022747,1069.3150684931506,0.0,4.441983272906719,3.17983875355869,27.56196962119434,0.8151515071894468,105198.63013698629,4,0,0
2021-05-22,23.2,2.4,0.0,76.88004615160092,60.54803040179516,1069.4520547945206,0.0,11.013229577357622,0.0,34.71995384839908,0.1284912320064623,105208.90410958904,5,0,0
2021-05-23,24.8,0.1,0.0,80.29260813972414,72.39185193041132,1069.5890410958905,22.67540193734129,4.665453114501269,0.0,32.10739186027586,0.8215735373457859,105219.17808219178,6,0,0
2021-05-24,24.9,0.0,0.0,75.84524941794481,75.60359961239652,1069.7260273972602,11.871134445617237,13.462257562027482,0.0,36.60475058205519,1.487380118043596,105229.45205479451,0,0,0
2021-05-25,23.7,8.6,0.0,85.6522841288992,48.92253370491874,1069.86301369863,0.0,5.2225063601777855,0.0,26.197715871100804,1.002252100967904,105239.72602739725,1,0,0
2021-05-26,24.0,0.1,0.0,79.79880945275431,43.979407368602125,1070.0,13.118015530595219,0.0,0.0,32.20119054724569,1.3836946138210127,105250.0,2,0,0
2021-05-27,24.3,0.0,0.0,78.80525976566796,87.0198516972772,1070.13698630137,3.894723894375497,22.724347204468817,0.0,33.34474023433204,2.2038354852040447,105260.27397260274,3,0,0
2021-05-28,24.3,0.0,0.0,75.462181689792,53.033319128105084,1070.2739726027398,0.0,8.89037122279892,0.0,36.687818310207994,2.2899641301528844,105270.54794520549,4,0,0
2021-05-29,24.6,0.5,0.0,77.36614334715834,82.66732488043618,1070.4109589041095,0.0,5.737444210044131,0.0,34.933856652841655,0.738337755169869,105280.82191780822,5,0,0
2021-05-30,25.0,0.2,0.0,83.87695612912877,83.17457252314091,1070.5479452054794,22.48225439972027,0.0,3.3545562413843752,28.62304387087123,1.2091371358477618,105291.09589041096,6,0,0
2021-05-31,25.3,0.5,0.0,82.7545859381219,78.62612958812721,1070.6849315068494,18.950529242457158,0.0,3.0189526013894707,29.895414061878093,1.417945636579483,105301.36986301371,0,0,0
2021-06-01,25.5,4.8,0.0,77.51222377600725,48.44168033262851,1070.8219178082193,0.0,2.927154821418534,0.0,35.23777622399275,2.377869896531793,105311.64383561644,1,0,0
2021-06-02,24.8,18.0,0.0,89.49666152714613,81.09007296271002,1070.958904109589,8.141045742490702,1.455211977682408,0.0,22.903338472853868,2.4966815659945234,105321.91780821918,2,0,0
2021-06-03,23.7,20.1,0.0,93.80693561685894,78.46252796207933,1071.0958904109589,0.0,0.0,0.0,18.043064383141065,0.6649773972196639,105332.19178082192,3,0,0
2021-06-04,22.9,18.3,0.0,80.80297359439315,69.83614950531086,1071.2328767123288,0.0,1.4098269961206,0.0,30.647026405606848,1.844751691229957,105342.46575342467,4,0,0
2021-06-05,23.0,7.3,0.0,86.36680096189968,56.86010175844764,1071.3698630136987,0.0,15.886269280435958,3.222592458226457,25.133199038100315,1.0072745493596684,105352.7397260274,5,0,0
2021-06-06,23.4,2.3,0.0,77.83688120527077,53.125430213327206,1071.5068493150684,17.247869447655177,6.954024745502987,4.641228456721623,33.86311879472923,0.11945967252691175,105363.01369863014,6,0,0
2021-06-07,24.3,0.0,0.0,82.8529933429658,46.09446060401795,1071.6438356164383,19.062500907521734,0.0,0.0,29.297006657034196,0.12220605384616566,105373.28767123287,0,0,0
2021-06-08,24.4,0.0,0.0,76.18370421728741,65.48785334504358,1071.7808219178082,10.26170840194586,0.0,0.0,36.01629578271259,1.205358418149414,105383.56164383562,1,0,0
2021-06-09,23.4,1.7,0.0,71.8255894966774,69.26304377549232,1071.9178082191781,14.501915736959942,0.0,1.3392181893316666,39.87441050332261,1.2720037912104032,105393.83561643836,2,0,0
2021-06-10,23.6,0.7,0.0,72.21228781058419,57.96694952578936,1072.054794520548,10.323565742299168,0.0,0.0,39.58771218941581,0.15416727177626238,105404.1095890411,3,0,0
2021-06-11,23.6,0.0,0.0,80.24042473330691,63.76795338404342,1072.1917808219177,0.0,0.0,0.0,31.55957526669309,1.748625800258326,105414.38356164383,4,0,0
2021-06-12,23.1,3.2,0.0,82.8986125086074,58.17572286846334,1072.3287671232877,8.638450893478813,0.0,6.626380452185188,28.6513874913926,0.8056081326278874,105424.65753424658,5,0,0
2021-06-13,22.6,2.0,0.0,76.47841687447796,72.05030286603505,1072.4657534246576,16.008190504553646,0.0,4.13557714282884,34.82158312552204,1.4437434436862786,105434.93150684932,6,0,0
2021-06-14,21.5,4.7,0.0,85.54296229388686,85.06296038982816,1072.6027397260275,15.085826596271485,0.0,0.7898715612572584,25.20703770611314,0.822205775597005,105445.20547945205,0,0,0
2021-06-15,22.5,2.9,0.0,73.1423996886552,48.196013102347244,1072.7397260273972,23.778267429492857,0.0,0.0,38.1076003113448,0.5011223556863372,105455.47945205479,1,0,0
2021-06-16,22.7,3.2,0.0,81.26960100676341,59.07044049515617,1072.876712328767,14.166076944021276,0.0,1.0569828373532946,30.080398993236592,1.0772169726373007,105465.75342465754,2,0,0
2021-06-17,23.3,0.8,0.0,74.34491900118772,47.04343019754307,1073.013698630137,7.0289641508316585,20.52972024501663,5.313286453937632,37.30508099881228,0.6574560754972018,105476.02739726027,3,0,0
2021-06-18,23.3,1.1,0.0,77.2908194609892,71.2471885203916,1073.150684931507,21.40300476632855,10.88769654216672,0.0,34.3591805390108,1.3835223446060034,105486.30136986301,4,0,0
2021-06-19,22.7,0.0,0.0,80.23699335658208,76.44352547442979,1073.2876712328766,0.0,0.0,6.755570449933575,31.113006643417926,0.5771884726875519,105496.57534246575,5,0,0
2021-06-20,23.6,0.3,0.0,75.84793317358024,86.59563662987279,1073.4246575342465,0.0,0.18819049740598423,6.463726447591035,35.95206682641975,1.320174343947105,105506.8493150685,6,0,0
2021-06-21,23.6,0.2,0.0,78.17722227885086,53.943596313048246,1073.5616438356165,0.0,0.0,8.318664160717367,33.622777721149134,0.4777084356852821,105517.12328767125,0,0,0
2021-06-22,24.2,0.0,0.0,85.0314640460722,87.51056029327151,1073.6986301369864,0.0,16.957228778108654,1.5262156326567646,27.0685359539278,1.710339302765884,105527.39726027397,1,0,0
2021-06-23,24.7,0.3,0.0,77.26554065238426,43.16313359103374,1073.835616438356,0.0,18.972886947731116,2.9369584990300615,35.08445934761574,1.9094504426594177,105537.67123287672,2,0,0
2021-06-24,24.4,0.6,0.0,84.4784605603257,70.15069316822941,1073.972602739726,0.0,1.566937282465246,7.07093644165545,27.7215394396743,0.3649461621998411,105547.94520547945,3,0,0
2021-06-25,24.6,0.0,0.0,74.35146572671191,42.8566359671665,1074.109589041096,0.0,10.235306441853446,2.236969685344878,37.94853427328809,1.2227257888896141,105558.2191780822,4,0,0
2021-06-26,23.0,17.2,0.0,91.24902088957641,84.68870938809724,1074.2465753424658,0.0,1.7528677893392386,0.0,20.250979110423586,0.2700920815716966,105568.49315068492,5,0,0
2021-06-27,22.1,2.6,0.0,88.5078431032895,66.4904528535027,1074.3835616438355,0.0,0.0,0.0,22.542156896710498,1.5356378693008057,105578.76712328767,6,0,0
2021-06-28,23.8,0.1,0.0,67.69177749936355,73.46741753813981,1074.5205479452054,4.265874147458772,0.0,1.1927747688686958,44.208222500636445,0.7345703150311489,105589.04109589041,0,0,0
2021-06-29,25.1,0.6,0.0,76.31552372264761,81.57869629552263,1074.6575342465753,0.024109507244484737,1.3192796677195706,0.0,36.234476277352385,1.366298696412899,105599.31506849316,1,0,0
2021-06-30,25.7,0.8,0.0,83.2853606359027,47.51553112419844,1074.7945205479452,0.0,0.0,0.0,29.564639364097296,1.341906422522299,105609.58904109588,2,0,0
2021-07-01,24.6,10.9,0.0,84.43477306978504,41.929578096906695,1074.9315068493152,13.1849133686481,0.0,5.482735591151268,27.865226930214963,2.318450430865121,105619.86301369863,3,0,0
2021-07-02,23.8,4.3,0.0,84.00572936685656,83.94405729564261,1075.0684931506848,18.751402752531167,0.0,0.0,27.894270633143442,1.4177997341649349,105630.13698630137,4,0,0
2021-07-03,23.8,7.8,0.0,80.8800740664209,55.746661372946626,1075.2054794520548,0.0,0.0,7.6724105089725745,31.019925933579096,1.4991963513239577,105640.41095890412,5,0,0
2021-07-04,23.3,6.9,0.0,83.8829489373645,46.44894539635826,1075.3424657534247,0.0,0.5225849049748321,5.611871093515798,27.767051062635495,1.0639675018345127,105650.68493150684,6,0,0
2021-07-05,23.5,1.6,0.0,80.0216138230396,63.42306185435433,1075.4794520547946,0.0,0.0,0.0,31.7283861769604,2.3777910476387603,105660.95890410959,0,0,0
2021-07-06,23.9,3.8,0.0,87.73891030829904,69.91530378480094,1075.6164383561643,0.0,0.0,2.716954139359048,24.21108969170096,1.9652461826550631,105671.23287671233,1,0,0
2021-07-07,23.4,10.0,0.0,86.27210421650607,41.548530171125506,1075.7534246575342,16.589496838634968,0.0,0.015738634531633166,25.427895783493934,0.7849726967268197,105681.50684931508,2,0,0
2021-07-08,23.6,2.3,0.0,82.83801331037601,53.74478291285439,1075.890410958904,0.0,9.778155496862004,6.149951842193415,28.961986689623988,2.126103005862957,105691.7808219178,3,0,0
2021-07-09,22.6,10.9,0.0,83.39061516938767,41.6399937138448,1076.027397260274,0.0,0.0,4.913415713849706,27.90938483061233,1.137751264444216,105702.05479452055,4,0,0
2021-07-10,22.0,3.4,0.0,79.26196887963754,61.01676945977495,1076.1643835616437,0.0,11.535903433169254,0.0,31.738031120362464,2.0888011444806254,105712.32876712328,5,0,0
2021-07-11,22.2,3.0,0.0,79.3372090609019,84.75500145331222,1076.3013698630136,12.708360604184527,13.863493972628433,2.9363120673208836,31.762790939098103,2.0749313639044047,105722.60273972603,6,0,0
2021-07-12,22.6,0.7,0.0,82.32226071189147,89.13262057467847,1076.4383561643835,0.0,0.0,0.0,28.977739288108527,0.5532884482308505,105732.87671232875,0,0,0
2021-07-13,22.1,4.5,0.0,80.14507759589868,71.85237767518137,1076.5753424657535,1.198652605326565,0.0,0.4141628525904995,30.904922404101317,1.7827387153205847,105743.1506849315,1,0,0
2021-07-14,21.2,10.5,0.0,86.69887428448206,48.08188468922959,1076.7123287671234,5.547538759163833,0.0,0.0,23.901125715517942,0.7975431263356746,105753.42465753425,2,0,0
2021-07-15,20.5,17.3,0.0,99.0270039932272,85.29246949996528,1076.849315068493,27.21317191677302,0.0,8.740685345604177,11.222996006772803,0.8139824079824036,105763.69863013699,3,0,0
2021-07-16,21.2,22.3,0.0,95.50562351715847,65.81239116000302,1076.986301369863,0.0,0.0,5.20030909951288,15.09437648284153,0.8112353845133937,105773.97260273971,4,0,0
2021-07-17,22.0,14.4,0.0,85.5698823391608,47.6874656051459,1077.123287671233,0.0,0.0,0.0,25.4301176608392,1.8413637941438756,105784.24657534246,5,0,0
2021-07-18,20.8,10.9,0.0,91.45606961081972,86.08633347258308,1077.2602739726028,3.676990895073897,15.301951988633514,0.0,18.943930389180274,0.6515825003020865,105794.52054794521,6,0,0
2021-07-19,22.6,1.7,0.0,78.80962313489223,77.87345253615516,1077.3972602739725,36.01022363021707,6.64927162301741,0.0,32.49037686510776,0.10217400459061654,105804.79452054795,0,0,0
2021-07-20,22.4,2.2,0.0,70.90937732411072,76.58526363615758,1077.5342465753424,24.778927058788746,0.0,2.172513230456529,40.29062267588928,1.8165684483583195,105815.06849315068,1,0,0
2021-07-21,22.0,3.4,0.0,76.65956844541299,75.45903518972023,1077.6712328767123,4.193188305492516,0.0,1.201029219731115,34.34043155458701,0.5108433852043006,105825.34246575342,2,0,0
2021-07-22,21.1,11.2,0.0,76.24604039487072,50.016991054822114,1077.8082191780823,0.0,0.0,6.265664123841217,34.30395960512928,0.35075774873880317,105835.61643835617,3,0,0
2021-07-23,21.8,8.1,0.0,82.29243257979346,50.550334585376305,1077.945205479452,16.142451932746205,0.0,3.9495986109042613,28.607567420206543,0.6700386894257443,105845.8904109589,4,0,0
2021-07-24,22.7,2.6,0.0,81.39209189594776,74.41464992136275,1078.0821917808219,0.0,4.961991873633163,4.8478451287645346,29.957908104052244,1.0117612535744895,105856.16438356164,5,0,0
2021-07-25,23.1,1.9,0.0,89.33218656137642,50.98613750551984,1078.2191780821918,9.527155387124385,0.0,1.6342770030521867,22.217813438623583,1.2421751859356818,105866.43835616438,6,0,0
2021-07-26,22.8,0.0,0.0,81.63463686882082,61.93358484015244,1078.3561643835617,10.109403183332537,5.114995753618614,0.0,29.76536313117918,0.206968097710314,105876.71232876713,0,0,0
2021-07-27,22.8,0.5,0.0,79.15449735595568,79.10009127969707,1078.4931506849316,21.204198149977596,19.351540400602293,0.0,32.245502644044315,2.429375998305665,105886.98630136986,1,0,0
2021-07-28,23.1,0.9,0.0,84.59702790591744,79.19762590489205,1078.6301369863013,55.19320077822155,8.155010224442625,5.3004486995433275,26.952972094082558,1.8185513282069394,105897.2602739726,2,0,0
2021-07-29,22.7,1.2,0.0,69.54432345496056,62.66308862629298,1078.7671232876712,7.848319343575341,0.0,0.0,41.80567654503944,0.8756657567784067,105907.53424657533,3,0,0
2021-07-30,23.0,0.6,0.0,81.47807279054283,79.60949691376226,1078.9041095890411,0.0,0.0,2.515451843118734,30.021927209457175,0.8648734174849535,105917.80821917808,4,0,0
2021-07-31,23.1,1.0,0.0,84.35432596943484,81.93108980990283,1079.041095890411,0.0,0.0,0.0,27.19567403056516,1.1765021184843025,105928.08219178082,5,0,0
2021-08-01,23.1,0.5,0.0,72.85706877110078,72.73878756421301,1079.1780821917807,0.0,11.806409124521446,0.0,38.69293122889921,1.6029875746312792,105938.35616438356,6,0,0
2021-08-02,22.8,1.0,0.0,86.21877021603464,51.42129261542101,1079.3150684931506,0.0,0.0,0.0,25.181229783965357,0.45129535981352265,105948.63013698629,0,0,0
2021-08-03,23.0,0.9,0.0,82.14248203747208,53.70058901927737,1079.4520547945206,0.0,0.45222708999982564,1.5452372151632696,29.357517962527922,0.5534315530358855,105958.90410958904,1,0,0
2021-08-04,23.1,2.1,0.0,78.973560430496,55.742057770436766,1079.5890410958905,0.0,0.5119790188108534,0.0,32.576439569504004,2.1626429988005222,105969.17808219178,2,0,0
2021-08-05,22.8,4.9,0.0,85.61390933053143,45.8402053866976,1079.7260273972602,3.04709744067444,0.0,0.0,25.78609066946857,0.7150118173337741,105979.45205479451,3,0,0
2021-08-06,23.3,2.3,0.0,92.50346428902199,53.65798101849725,1079.86301369863,0.0,0.0,0.0,19.146535710978007,1.012467995140426,105989.72602739725,4,0,0
2021-08-07,23.0,5.9,0.0,83.85933127529248,50.475961215626604,1080.0,22.42061334648943,3.2297450361766815,5.59622458782048,27.640668724707524,2.191052442280281,106000.0,5,0,0
2021-08-08,23.5,4.0,0.0,83.24110293150169,62.76643749043011,1080.13698630137,0.0041412983639418765,0.0,0.0,28.508897068498314,1.691554790559574,106010.27397260274,6,0,0
2021-08-09,23.5,1.3,0.0,78.35319550229879,85.42187739361324,1080.2739726027398,0.0,5.002404694365699,7.2637777256309155,33.39680449770121,0.9201085104200519,106020.54794520549,0,0,0
2021-08-10,23.0,3.8,0.0,77.65077815267605,45.224015837697905,1080.4109589041095,0.0,0.0,7.643739252704542,33.849221847323946,1.74087890973909,106030.82191780822,1,0,0
2021-08-11,23.1,7.9,0.0,88.10167908272123,76.01339619736979,1080.5479452054794,3.103813677179583,12.208212988130478,0.0,23.448320917278767,0.1472397169153929,106041.09589041096,2,0,0
2021-08-12,22.5,8.8,0.0,80.11958087045566,74.36415022065638,1080.6849315068494,16.501965293352693,0.0,0.0,31.130419129544336,1.8655423840272767,106051.36986301371,3,0,0
2021-08-13,22.6,7.2,0.0,83.95783118609695,44.78770993316788,1080.8219178082193,0.0,17.120402840178926,0.0,27.342168813903047,1.2688384972389748,106061.64383561644,4,0,0
2021-08-14,22.4,1.4,0.0,78.31171276617442,86.12862024529,1080.958904109589,0.0,0.0,0.0,32.88828723382558,2.051637153482707,106071.91780821918,5,0,0
2021-08-15,22.5,0.9,0.0,82.84489912873197,68.42361010784097,1081.0958904109589,0.0,4.347700645568912,0.0,28.405100871268033,2.391130364815524,106082.19178082192,6,0,0
2021-08-16,22.5,1.5,0.0,82.41831052643474,58.18627605678421,1081.2328767123288,0.0,4.754306825266235,6.892348137307524,28.831689473565262,2.321892518786964,106092.46575342467,0,0,0
2021-08-17,22.0,1.3,0.0,85.8376997212895,77.82692917476533,1081.3698630136987,0.0,0.0,0.5791229361347304,25.162300278710504,2.2822361042928176,106102.7397260274,1,0,0
2021-08-18,22.6,3.3,0.0,79.09991800572627,52.8682729200817,1081.5068493150684,0.0,4.243939378610126,1.9480226204599391,32.20008199427373,1.3292078942413292,106113.01369863014,2,0,0
2021-08-19,22.8,0.2,0.0,78.75062532353314,74.67549185231601,1081.6438356164383,17.48778361425455,12.795186697601588,0.0,32.649374676466856,0.9643410739334513,106123.28767123287,3,0,0
2021-08-20,23.0,0.4,0.0,75.30618142108847,41.98556037861236,1081.7808219178082,5.2512265800385,0.0,0.0,36.19381857891153,1.2160847793536147,106133.56164383562,4,0,0
2021-08-21,22.5,1.3,0.0,78.42853369961945,81.9704018804636,1081.9178082191781,3.871798227350887,5.027448074908146,4.435398882231435,32.82146630038055,1.7557504079520658,106143.83561643836,5,0,0
2021-08-22,22.3,20.7,0.0,92.23650246522425,62.408542351065925,1082.054794520548,17.017959243359442,0.0,1.433870561912931,18.91349753477575,2.221594664490848,106154.1095890411,6,0,0
2021-08-23,22.3,11.8,0.0,89.68494308322677,71.83464571789709,1082.1917808219177,0.0,0.0,0.0,21.46505691677323,0.5967671272002869,106164.38356164383,0,0,0
2021-08-24,23.0,2.8,0.0,76.78917337911187,51.061890990334184,1082.3287671232877,7.809296998577792,16.29166364900945,2.8242117930006128,34.71082662088813,2.303663580308087,106174.65753424658,1,0,0
2021-08-25,23.0,9.7,0.0,89.1980296005283,73.8536856329224,1082.4657534246576,0.0,0.0,8.178989030679075,22.3019703994717,2.0564325567277337,106184.93150684932,2,0,0
2021-08-26,23.1,8.0,0.0,90.77818929402476,78.61201379466382,1082.6027397260275,5.307246987992569,0.0,0.0,20.771810705975245,2.449254436427763,106195.20547945205,3,0,0
2021-08-27,22.6,30.8,0.0,97.4671745161185,63.66065934421994,1082.7397260273972,0.0,0.0,0.3468490132903471,13.832825483881496,2.212604255876049,106205.47945205479,4,0,0
2021-08-28,21.7,7.4,0.0,93.08397906279033,70.88634620308972,1082.876712328767,0.0,20.679063381635522,0.9629845936565257,17.766020937209667,0.771849591260576,106215.75342465754,5,0,0
2021-08-29,21.5,32.8,0.0,92.53105400448214,62.81629619111993,1083.013698630137,0.0,0.0,11.960548176369963,18.218945995517856,0.3542941872257145,106226.02739726027,6,0,0
2021-08-30,22.3,0.7,0.0,74.12672648344291,84.70456846289227,1083.150684931507,28.454962721998804,0.0,0.0,37.02327351655709,0.3693785727798127,106236.30136986301,0,0,0
2021-08-31,22.9,0.0,0.0,71.10639875547861,64.89345902571596,1083.2876712328766,18.524308044831848,14.974316831796264,3.41611507394404,40.343601244521395,0.7989359645878626,106246.57534246575,1,0,0
2021-09-01,23.1,1.4,0.0,88.18022155744592,82.09043545144095,1083.4246575342465,19.307949691823413,18.577023435377324,0.0,23.369778442554082,1.5740409375628943,106256.8493150685,2,0,0
2021-09-02,22.3,14.6,0.0,90.57182828177028,80.06760291351243,1083.5616438356165,24.722614436124356,0.0,2.833858630920898,20.57817171822972,2.030368782633214,106267.12328767125,3,0,0
2021-09-03,21.5,12.7,0.0,86.07207664544772,60.525241067417824,1083.6986301369864,1.7731518192287488,0.0,0.0,24.677923354552277,2.2582007367557555,106277.39726027397,4,0,0
2021-09-04,21.3,16.3,0.0,89.5498431315991,51.504224592873754,1083.835616438356,3.9463141481119117,20.958435018091592,0.0,21.100156868400894,1.5970081224861588,106287.67123287672,5,0,0
2021-09-05,21.5,13.7,0.0,81.22255476350811,60.304106627988546,1083.972602739726,0.0,15.944423917491967,3.5570528973274755,29.527445236491886,0.11351515059532896,106297.94520547945,6,0,0
2021-09-06,21.6,2.6,0.0,93.52875989808413,81.31086878876101,1084.109589041096,0.0,6.789469877622329,15.564551005219204,17.27124010191587,0.5471602636444804,106308.2191780822,0,0,0
2021-09-07,22.0,2.1,0.0,81.69610590987614,51.38162679096962,1084.2465753424658,12.315422995422832,0.0,4.040180947010358,29.303894090123862,0.3393428892480831,106318.49315068492,1,0,0
2021-09-08,22.6,2.0,0.0,81.54697397302446,66.22181729288747,1084.3835616438355,24.077688743376324,0.0,0.0,29.753026026975537,0.971978741365624,106328.76712328767,2,0,0
2021-09-09,22.9,1.0,0.0,84.12883311949346,80.30483739803736,1084.5205479452054,0.0,0.0,0.0,27.321166880506535,1.3032423847209902,106339.04109589041,3,0,0
2021-09-10,22.8,0.3,0.0,82.55504615868357,57.67387375641894,1084.6575342465753,0.0,3.3085130461557775,0.0,28.844953841316432,0.20415322858854604,106349.31506849316,4,0,0
2021-09-11,22.3,1.0,0.0,81.61942012139566,72.11048185013487,1084.7945205479452,0.010559177131945856,14.510014381313361,0.0,29.530579878604335,0.9363471419095727,106359.58904109588,5,0,0
2021-09-12,22.2,4.8,0.0,78.44762772277345,52.281578702440726,1084.9315068493152,12.024134978582296,8.794170411374031,0.0,32.652372277226554,0.5300312191007742,106369.86301369863,6,0,0
2021-09-13,23.0,1.7,0.0,83.20734178567997,45.463972268408,1085.0684931506848,0.0,0.0,3.664145409108725,28.292658214320028,1.6529683990212976,106380.13698630137,0,0,0
2021-09-14,23.3,1.0,0.0,89.91012248237517,79.71921125464281,1085.2054794520548,0.0,13.764964500195378,0.0,21.739877517624826,1.2142536863784161,106390.41095890412,1,0,0
2021-09-15,22.9,1.6,0.0,87.52710023077489,44.94843117043534,1085.3424657534247,0.0,3.131321400131553,5.242413255252963,23.922899769225108,1.2887623526413812,106400.68493150684,2,0,0
2021-09-16,23.2,0.6,0.0,88.26593313319698,53.56906975397923,1085.4794520547946,0.0,6.870657958589162,2.4388741054216907,23.33406686680302,1.1264602912803066,106410.95890410959,3,0,0
2021-09-17,23.6,0.1,0.0,77.49392161784407,82.75547109987201,1085.6164383561643,0.0,14.66540859278603,0.0,34.30607838215593,2.394447305167761,106421.23287671233,4,0,0
2021-09-18,23.7,0.0,0.0,75.0519758987071,57.32346435393336,1085.7534246575342,0.0,0.0,0.0,36.7980241012929,0.6153643002917517,106431.50684931508,5,0,0
2021-09-19,24.2,4.1,0.0,81.42106539950176,88.65226747570806,1085.890410958904,0.0,0.0,7.991609038205166,30.678934600498245,1.3399942236252984,106441.7808219178,6,0,0
2021-09-20,23.8,1.4,0.0,80.97862456144348,88.98671673869299,1086.027397260274,29.049350689414908,0.0,3.6677390675293293,30.921375438556517,1.8664416840768063,106452.05479452055,0,0,0
2021-09-21,23.7,1.0,0.0,85.97095759235474,53.41380102267783,1086.1643835616437,6.534895292046401,0.0,0.04391827449073908,25.879042407645265,1.4364265915229502,106462.32876712328,1,0,0
2021-09-22,23.3,1.7,0.0,72.3876768514259,42.04891111249452,1086.3013698630136,6.009487192216567,3.467099776049199,0.0,39.262323148574104,2.3296501257203226,106472.60273972603,2,0,0
2021-09-23,23.5,1.9,0.0,88.59775159730307,75.25316421026895,1086.4383561643835,12.44414288086804,25.115565515844235,0.38304535225829806,23.152248402696927,1.007124053539082,106482.87671232875,3,0,0
2021-09-24,23.3,5.7,0.0,82.05996050710505,62.54932513241719,1086.5753424657535,0.0,0.0,0.0,29.590039492894952,1.2128219338556272,106493.1506849315,4,0,0
2021-09-25,22.9,7.5,0.0,81.6155946502629,45.03764219797881,1086.7123287671234,20.782235748405373,0.0,0.0,29.834405349737093,0.31245355651534823,106503.42465753425,5,0,0
2021-09-26,23.0,3.7,0.0,76.78947812369915,75.37614094890213,1086.849315068493,0.0,6.405429350747735,10.210889552673654,34.710521876300845,1.5615978665246284,106513.69863013699,6,0,0
2021-09-27,22.2,5.9,0.0,74.67571664067115,41.55874545559606,1086.986301369863,13.40961234482425,1.2307820165618115,0.7766249959970073,36.42428335932885,0.7917087242754545,106523.97260273971,0,0,0
2021-09-28,22.5,0.5,0.0,84.36585291980957,83.5098345246121,1087.123287671233,0.0,0.0,1.9907363256126855,26.88414708019043,0.4847416948373653,106534.24657534246,1,0,0
2021-09-29,22.7,0.4,0.0,80.56658983594203,46.932626455665186,1087.2602739726028,0.0,0.0,0.0,30.783410164057976,1.4068751029708195,106544.52054794521,2,0,0
2021-09-30,22.6,5.7,0.0,76.40019550129472,46.36559393733625,1087.3972602739725,16.357793160500574,2.3278674294016364,0.0,34.89980449870528,1.3775446321117855,106554.79452054795,3,0,0
2021-10-01,23.0,12.3,0.0,79.67460613968193,48.78361489842923,1087.5342465753424,7.528190521950332,0.0,0.0,31.825393860318073,0.2820919389377141,106565.06849315068,4,0,0
2021-10-02,23.0,12.4,0.0,84.52107650354937,88.01331792460333,1087.6712328767123,0.0,0.0,0.0,26.978923496450633,1.7757170883867348,106575.34246575342,5,0,0
2021-10-03,23.4,2.0,0.0,89.34510762644696,74.65846801269231,1087.8082191780823,0.0,11.945922205137308,11.385432490266522,22.35489237355304,1.5970532575620469,106585.61643835617,6,0,0
2021-10-04,23.7,1.8,0.0,79.60204324318198,80.06857677318183,1087.945205479452,22.50869568829539,9.583858198420424,0.0,32.24795675681802,0.5536414785915933,106595.8904109589,0,0,0
2021-10-05,22.9,5.3,0.0,75.13428523440948,59.88174928663765,1088.0821917808219,0.0,0.516609768510798,0.0,36.31571476559053,1.2266436691697054,106606.16438356164,1,0,0
2021-10-06,21.8,55.6,0.0,100.0,56.81563637524778,1088.2191780821918,32.85345906511927,2.2907468820570256,0.0,4.3287153204297315,1.8287749995485438,106616.43835616438,2,0,0
2021-10-07,23.1,5.5,0.0,81.38638215126164,51.7242003391585,1088.3561643835617,0.0,10.743180127155615,6.4403786242618875,30.163617848738358,1.3706457772990637,106626.71232876713,3,0,0
2021-10-08,22.6,9.7,0.0,71.36556678529213,64.03240141562046,1088.4931506849316,12.76783851216766,2.243396567780826,0.07254499631327069,39.934433214707866,1.0491737828405685,106636.98630136986,4,0,0
2021-10-09,21.9,9.9,0.0,84.67852566741094,67.59143667670843,1088.6301369863013,0.0,9.040175547613144,0.0,26.27147433258906,0.8736122993942647,106647.2602739726,5,0,0
2021-10-10,22.2,7.4,0.0,82.54532734895662,71.58874218263777,1088.7671232876712,12.063748621646862,0.0,6.271691803786697,28.554672651043383,1.5649452799457286,106657.53424657533,6,0,0
2021-10-11,22.1,17.7,0.0,92.33103182406708,52.855925199934724,1088.9041095890411,0.0,13.119837385739466,3.6550031339274067,18.71896817593292,2.3538608759445774,106667.80821917808,0,0,0
2021-10-12,21.2,30.1,0.0,100.0,87.43270404514953,1089.041095890411,0.0,3.207857259326839,2.692174786082262,6.305219525273278,1.7121876171459602,106678.08219178082,1,0,0
2021-10-13,21.6,10.9,0.0,91.08282514773879,48.487924910356796,1089.1780821917807,0.8183835079144226,1.9405194360587403,3.578671205854202,19.717174852261213,0.2793901687271572,106688.35616438356,2,0,0
2021-10-14,22.2,18.6,0.0,87.95555654722584,88.2826587383206,1089.3150684931506,0.0,0.0,11.971809502912254,23.144443452774162,1.2056439363571212,106698.63013698629,3,0,0
2021-10-15,22.2,13.9,0.0,81.41737045629165,40.74280612537519,1089.4520547945206,14.816486908402517,2.8695585430170873,10.925474475180561,29.68262954370835,2.237977915625506,106708.90410958904,4,0,0
2021-10-16,22.6,11.2,0.0,98.4667990162493,64.05628459084228,1089.5890410958905,0.0,0.0,0.0,12.833200983750704,0.3267098219226085,106719.17808219178,5,0,0
2021-10-17,22.7,5.5,0.0,83.04609217007244,56.66839190582814,1089.7260273972602,0.0,0.0,8.119424964055762,28.30390782992756,2.473301709130104,106729.45205479451,6,0,0
2021-10-18,22.4,5.8,0.0,82.96964645956474,62.456170696512544,1089.86301369863,0.0,0.0,1.9158409487945016,28.230353540435257,2.377766544749011,106739.72602739725,0,0,0
2021-10-19,22.8,0.7,0.0,80.22937456444998,68.53322894903945,1090.0,0.0,0.0,2.495479080688747,31.170625435550015,0.28785875375170206,106750.0,1,0,0
2021-10-20,23.2,11.9,0.0,86.94042380383928,61.77945790063545,1090.13698630137,0.0,21.247714030169615,0.0,24.65957619616072,2.3401919690789317,106760.27397260274,2,0,0
2021-10-21,22.6,7.0,0.0,82.77819794038028,60.74234251507975,1090.2739726027398,48.25230843225832,13.313390619884032,0.0,28.52180205961972,0.9715182166227092,106770.54794520549,3,0,0
2021-10-22,22.7,3.0,0.0,78.63168996559882,76.63617077066533,1090.4109589041095,15.692085757960477,19.203675021442614,0.0,32.71831003440118,2.1273020009820702,106780.82191780822,4,0,0
2021-10-23,22.0,9.5,0.0,82.01570529379804,74.29381375432322,1090.5479452054794,0.0,0.0,4.140294074466546,28.984294706201965,1.1041200105118516,106791.09589041096,5,0,0
2021-10-24,21.4,13.1,0.0,86.38623364892001,81.66356410179239,1090.6849315068494,0.0,0.7125374991089249,5.355402502014025,24.313766351079988,1.158052270486038,106801.36986301371,6,0,0
2021-10-25,22.1,0.9,0.0,77.73287614433117,52.49794906197478,1090.8219178082193,0.44931785624092757,0.0,0.0,33.317123855668825,1.6221834183461024,106811.64383561644,0,0,0
2021-10-26,22.0,0.5,0.0,76.68577108661418,70.47642548770318,1090.958904109589,10.9423823035042,0.0,0.0,34.31422891338582,1.95874580626236,106821.91780821918,1,0,0
2021-10-27,22.1,0.0,0.0,80.53215113845948,69.2597392696427,1091.0958904109589,0.0,0.0,5.60930752397126,30.517848861540518,0.18109396227579672,106832.19178082192,2,0,0
2021-10-28,21.6,0.0,0.0,78.72511391289572,58.48689054363444,1091.2328767123288,22.286433893377442,12.395840064415616,0.0,32.074886087104275,1.5235743892651223,106842.46575342467,3,0,0
2021-10-29,21.5,7.1,0.0,91.06996494291344,64.30287709513405,1091.3698630136987,14.307626308824881,0.0,3.645318225011822,19.680035057086556,0.5481591858336904,106852.7397260274,4,0,0
2021-10-30,22.3,2.6,0.0,68.04515095803494,55.68910716528644,1091.5068493150684,14.36371451415869,10.683793336940164,1.7558273381354204,43.10484904196506,0.930278842871687,106863.01369863014,5,0,0
2021-10-31,21.8,4.6,0.0,87.7575342596123,47.09221988084926,1091.6438356164383,8.769514776194546,6.0412088958851795,1.7083011597631317,23.1424657403877,0.9351247987725195,106873.28767123287,6,0,0
2021-11-01,21.1,4.9,0.0,88.68042596248814,50.690060533136645,1091.7808219178082,0.39233315387979806,23.03638752104789,0.0,21.869574037511857,1.2257448165307687,106883.56164383562,0,0,0
2021-11-02,21.8,0.5,0.0,69.88304883795925,45.275682320060056,1091.9178082191781,13.457224719336399,0.0,0.0,41.01695116204075,0.9019273885028161,106893.83561643836,1,0,0
2021-11-03,21.5,7.8,0.0,82.18656202959826,74.15347875950621,1092.054794520548,11.836282674827562,12.592332397867988,0.0,28.563437970401736,0.35766668428160264,106904.1095890411,2,0,0
2021-11-04,21.9,2.8,0.0,79.54279567002105,73.03636965545758,1092.1917808219177,0.0,11.464408704007276,3.5467625722765863,31.40720432997895,0.44950897246108346,106914.38356164383,3,0,0
2021-11-05,21.1,11.0,0.0,78.4624415264109,87.53031857899364,1092.3287671232877,0.0,0.0,0.09729127759441558,32.0875584735891,0.18025116534663443,106924.65753424658,4,0,0
2021-11-06,22.0,0.5,0.0,76.36091656204562,76.48392068236205,1092.4657534246576,2.037125905239734,10.071333364731597,0.0,34.63908343795438,1.2285978047890105,106934.93150684932,5,0,0
2021-11-07,21.2,1.0,0.0,74.94712077267086,42.60229193780657,1092.6027397260275,30.980403029903748,3.361449630262288,0.0,35.652879227329144,2.3906744676471723,106945.20547945205,6,0,0
2021-11-08,20.7,3.6,0.0,90.56135221711811,84.21225869644772,1092.7397260273972,0.0,0.0,0.0,19.78864778288189,0.3776205367554797,106955.47945205479,0,0,0
2021-11-09,20.4,0.0,0.0,84.6783919657373,83.13375814728629,1092.876712328767,0.0,0.0,5.234558972440697,25.521608034262695,2.371034783207397,106965.75342465754,1,0,0
2021-11-10,19.6,1.9,0.0,87.3077754749708,62.166016038634936,1093.013698630137,3.2952168247303346,0.0,0.0,22.492224525029204,1.8600676353570245,106976.02739726027,2,0,0
2021-11-11,18.0,20.4,0.0,93.80836032021618,69.29315252639609,1093.150684931507,1.0177540371203613,20.49812095785926,0.0,15.191639679783819,1.6299971270419917,106986.30136986301,3,0,0
2021-11-12,19.8,5.7,0.0,77.20474114391385,88.80391662362595,1093.2876712328766,3.466833287408164,0.00682818957482628,3.7182588777008663,32.69525885608615,1.648666612776551,106996.57534246575,4,0,0
2021-11-13,21.4,18.9,0.0,86.82739866860113,66.61521819240832,1093.4246575342465,4.879063958170005,7.821300015314591,0.0,23.872601331398865,2.084146356151077,107006.8493150685,5,0,0
2021-11-14,21.2,11.9,0.0,88.3968728061396,85.26609141880448,1093.5616438356165,0.0,0.0,0.15697932766388223,22.203127193860404,0.35660767451157127,107017.12328767125,6,0,0
2021-11-15,21.7,17.8,0.0,82.78936095554027,44.15193789050932,1093.6986301369864,29.797268772041644,0.0,8.037891531997552,28.060639044459727,1.3114103765573002,107027.39726027397,0,0,0
2021-11-16,21.6,25.4,0.0,96.26499215086194,49.55259343543414,1093.835616438356,0.0,10.819848092499422,0.0,14.535007849138058,1.7730187318258206,107037.67123287672,1,0,0
2021-11-17,21.6,13.3,0.0,85.44837300920933,62.03774717206589,1093.972602739726,0.0,0.0,1.4459183655936267,25.351626990790667,1.508369068176553,107047.94520547945,2,0,0
2021-11-18,20.0,69.6,0.0,100.0,69.23784041686524,1094.109589041096,0.0,0.0,0.0,0.0,2.098669770455907,107058.2191780822,3,0,0
2021-11-19,20.5,31.4,0.0,99.25479984101746,80.81139259314001,1094.2465753424658,0.0,0.3402741107223205,0.0,10.995200158982541,0.2734521016272436,107068.49315068492,4,0,0
2021-11-20,21.2,7.5,0.0,85.9713165574302,89.41310575715934,1094.3835616438355,0.0,1.1137260184005242,3.047630226043006,24.628683442569802,1.7576824947979983,107078.76712328767,5,0,0
2021-11-21,21.9,17.9,0.0,87.14516917090461,59.442574823705826,1094.5205479452054,33.229403314560365,0.0,0.0,23.80483082909539,1.3816665529233225,107089.04109589041,6,0,0
2021-11-22,21.4,8.8,0.0,90.19664901682124,42.37078180700425,1094.6575342465753,0.4177297659192358,3.9581978109592306,1.0042254655785479,20.50335098317876,1.0099860735518642,107099.31506849316,0,0,0
2021-11-23,22.3,1.0,0.0,75.09468336200051,80.05857516476624,1094.7945205479452,4.614018114373669,6.928557558178116,0.5039553632240314,36.05531663799949,0.916659957361674,107109.58904109588,1,0,0
2021-11-24,21.7,0.4,0.0,83.27967803472131,70.21903595414041,1094.9315068493152,0.0,7.3463754545933,0.2064372779371969,27.570321965278687,1.5899983186580628,107119.86301369863,2,0,0
2021-11-25,21.8,0.0,0.0,82.96550628984193,49.92714294341008,1095.0684931506848,0.0,0.0,5.1857944932912154,27.934493710158073,2.2383888991462357,107130.13698630137,3,0,0
2021-11-26,21.4,0.0,0.0,78.45226780343005,64.741422831071,1095.2054794520548,0.0,0.0,1.6721925742426076,32.247732196569956,1.2908222226426767,107140.41095890412,4,0,0
2021-11-27,19.9,5.1,0.0,84.18066511121059,77.11551227668622,1095.3424657534247,0.0,11.947628618769377,7.39035949178222,25.769334888789412,2.079335593784608,107150.68493150684,5,0,0
2021-11-28,20.9,4.4,0.0,75.9444321180735,78.52058935343219,1095.4794520547946,25.632875900075373,8.946471875738723,0.0,34.50556788192651,1.065175316425522,107160.95890410959,6,0,0
2021-11-29,21.1,1.4,0.0,85.3201350960345,64.9809205999381,1095.6164383561643,11.153821214502491,0.0,0.6796228360917399,25.229864903965495,0.3457467107036237,107171.23287671233,0,0,0
2021-11-30,21.3,1.4,0.0,79.77548931778506,55.26072650644296,1095.7534246575342,0.0,3.5147990035220165,0.4223339319497371,30.87451068221494,0.24761376750073252,107181.50684931508,1,0,0
2021-12-01,21.4,1.0,0.0,77.88638489740481,88.68712910192468,1095.890410958904,4.930095568640097,0.0,0.0,32.81361510259519,0.22320249117682617,107191.7808219178,2,0,0
2021-12-02,21.6,3.9,0.0,87.19504612918445,73.16813054782465,1096.027397260274,9.964434969935702,0.46934902060369627,4.781475010456731,23.604953870815553,1.0123603406984079,107202.05479452055,3,0,0
2021-12-03,21.6,1.8,0.0,77.3782815472862,60.411875967314934,1096.1643835616437,22.80298077042533,18.97767016745977,11.62336652926409,33.42171845271379,0.9093706020060209,107212.32876712328,4,0,0
2021-12-04,21.3,4.2,0.0,75.05769351818219,54.02316121023262,1096.3013698630136,31.61081373136747,0.0,0.0,35.59230648181781,1.823048856694167,107222.60273972603,5,0,0
2021-12-05,21.6,1.2,0.0,72.81685413238047,76.55514915017811,1096.4383561643835,0.0,0.0,2.5251054413688347,37.98314586761953,1.882771603803678,107232.87671232875,6,0,0
2021-12-06,21.7,0.7,0.0,83.3800497567282,52.10917227968839,1096.5753424657535,0.0,7.640297815728595,0.4225923790766362,27.469950243271803,0.2220495252009756,107243.1506849315,0,0,0
2021-12-07,21.6,0.1,0.0,73.64785323751858,48.58549944868441,1096.7123287671234,0.0,0.0,0.0,37.15214676248142,0.6306958309336359,107253.42465753425,1,0,0
2021-12-08,21.3,0.0,0.0,88.77397090992183,66.49169444810352,1096.849315068493,0.0,0.0,0.0,21.87602909007817,0.7582284403813593,107263.69863013699,2,0,0
2021-12-09,21.9,0.5,0.0,69.84035296058138,54.49936963220709,1096.986301369863,9.32716748892669,5.964411375817527,0.0,41.10964703941862,1.4142687619427428,107273.97260273971,3,0,0
2021-12-10,21.2,0.0,0.0,88.48228184145019,71.44525724618074,1097.123287671233,19.746690331782037,0.0,0.0,22.117718158549813,0.4468365373766806,107284.24657534246,4,0,0
2021-12-11,21.1,2.3,0.0,82.2050873360131,45.89693374371167,1097.2602739726028,0.0,0.0,8.52051039029559,28.344912663986907,0.42145892656000083,107294.52054794521,5,0,0
2021-12-12,21.0,0.4,0.0,79.71643444064804,72.74705522836608,1097.3972602739725,0.0,7.441857103150346,0.0,30.783565559351956,2.3650933340990994,107304.79452054795,6,0,0
2021-12-13,20.7,1.2,0.0,77.87540456595525,54.164826399885115,1097.5342465753424,3.0351598449748076,4.2154608353656124,0.0,32.47459543404475,2.0300869775146744,107315.06849315068,0,0,0
2021-12-14,20.8,0.8,0.0,82.39568057176037,40.012146721725635,1097.6712328767123,0.0,2.6681839629540187,4.44576912393903,28.004319428239633,0.5335717650188088,107325.34246575342,1,0,0
2021-12-15,20.5,0.0,0.0,79.81182648787576,46.34680288370882,1097.8082191780823,41.790774433895464,0.0,0.0,30.438173512124237,1.0757627389731783,107335.61643835617,2,0,0
2021-12-16,20.7,0.0,0.0,85.5165094100826,86.6807688917547,1097.945205479452,0.0,3.7006111526895538,0.0,24.833490589917396,0.9534927982181572,107345.8904109589,3,0,0
2021-12-17,20.5,0.0,0.0,80.5711382433102,83.3677319557679,1098.0821917808219,3.694811577914489,0.0,0.34036134624310516,29.6788617566898,1.9984097777569776,107356.16438356164,4,0,0
2021-12-18,19.7,0.0,0.0,80.75150880730939,51.68045160181184,1098.2191780821918,40.47212438459279,4.578056099257847,5.143844957117403,29.09849119269061,1.324510999547493,107366.43835616438,5,0,0
2021-12-19,18.5,0.0,0.0,78.18193893893073,78.91859522727455,1098.3561643835617,0.13599689119995537,0.0,2.508425225843941,31.068061061069272,0.4068393687843208,107376.71232876713,6,0,0
2021-12-20,18.3,0.0,0.0,79.71527188139466,70.42857965869871,1098.4931506849316,0.0,0.0,1.241625712579411,29.434728118605342,1.8735809515749853,107386.98630136986,0,0,0
2021-12-21,18.9,0.0,0.0,81.5390088444603,88.54523557249348,1098.6301369863013,0.0,0.0,0.39058867618008175,27.9109911555397,1.0525311477398054,107397.2602739726,1,0,0
2021-12-22,19.2,0.0,0.0,71.44915803671687,58.680282976702955,1098.7671232876712,0.0,0.0,2.001179277633876,38.150841963283135,0.7310181943171529,107407.53424657533,2,0,0
2021-12-23,19.5,0.0,0.0,73.25907288947144,74.07303062585856,1098.9041095890411,27.456969493530604,0.0,1.0082645256462732,36.49092711052856,1.0011966928497285,107417.80821917808,3,0,0
2021-12-24,19.6,0.0,0.0,83.71632047011357,43.17678612119593,1099.041095890411,0.0,0.0,0.0,26.083679529886428,1.2946157526565514,107428.08219178082,4,0,0
2021-12-25,19.8,0.0,0.0,80.85432719063971,59.8123673408203,1099.1780821917807,30.66867402592651,2.5866114785538814,0.2303961081657567,29.04567280936029,0.9234772394008226,107438.35616438356,5,0,0
2021-12-26,20.4,0.0,0.0,79.0800833182366,88.19088305940903,1099.3150684931506,0.0,2.127397758576603,0.0,31.119916681763396,0.6805738542202188,107448.63013698629,6,0,0
2021-12-27,19.8,0.0,0.0,80.09216966532696,66.94904372250602,1099.4520547945206,0.0,7.828737349485725,0.4054127145041186,29.807830334673035,1.056404869129553,107458.90410958904,0,0,0
2021-12-28,20.1,0.0,0.0,81.73790852680835,54.39397516674223,1099.5890410958905,0.0,0.0,0.0,28.312091473191646,0.14601498579975578,107469.17808219178,1,0,0
2021-12-29,20.7,0.0,0.0,77.30120159845319,46.013548156430346,1099.7260273972602,11.771065395414395,4.080528468367557,12.696908113914308,33.04879840154681,1.9539948306311534,107479.45205479451,2,0,0
2021-12-30,20.1,0.6,0.0,76.40847637298843,75.17641700907652,1099.86301369863,0.0,5.507975722736632,0.0,33.641523627011566,0.5102677445622059,107489.72602739725,3,0,0
2021-12-31,20.8,2.4,0.0,82.17922627548842,72.24280217148635,1100.0,9.243453321638857,4.447738078315948,0.0,28.22077372451158,0.2053710727135294,107500.0,4,0,0
2022-01-01,20.8,2.3,0.0,76.25813611192484,58.69693568018873,1100.13698630137,40.48619246573705,0.0,0.0,34.14186388807516,1.6688768629721902,107510.27397260274,5,0,0
2022-01-02,20.7,0.0,0.0,82.04126377857236,87.54706759329171,1100.2739726027398,0.0,1.493634822711889,2.59679372818944,28.308736221427644,1.9574467091768133,107520.54794520549,6,0,0
2022-01-03,20.5,0.0,0.0,71.48708197881079,41.11014064939251,1100.4109589041095,3.7941233522079134,3.6414029605466136,8.366819730762618,38.76291802118921,2.0531899158228235,107530.82191780822,0,0,0
2022-01-04,20.4,0.0,0.0,85.14577818662822,55.18619258159129,1100.5479452054794,0.0,0.07178466907941941,0.0,25.05422181337178,1.28442203838544,107541.09589041096,1,0,0
2022-01-05,20.2,0.0,0.0,82.36298741206521,86.05347431497907,1100.6849315068494,8.517744123860716,0.0,0.0,27.737012587934792,0.5928836432559647,107551.36986301371,2,0,0
2022-01-06,20.9,0.0,0.0,81.28014867156938,56.046771915972016,1100.8219178082193,0.3829555483150412,1.6048962397348008,4.084185057154906,29.16985132843062,1.8693464253995842,107561.64383561644,3,0,0
2022-01-07,21.3,0.1,0.0,84.96345491972757,52.612641692758515,1100.958904109589,0.0,22.12531039397242,0.0,25.68654508027243,1.7793113851704092,107571.91780821918,4,0,0
2022-01-08,21.6,0.0,0.0,88.32737222231289,66.71102049656237,1101.0958904109589,9.75744569742148,0.0,0.0,22.472627777687112,0.6910497618476157,107582.19178082192,5,0,0
2022-01-09,21.4,0.0,0.0,85.07185032509065,81.1900874960269,1101.2328767123288,36.08696219573486,0.0,0.0,25.62814967490935,2.268178614070703,107592.46575342467,6,0,0
2022-01-10,21.5,0.2,0.0,70.89562884334177,45.15733804391805,1101.3698630136987,0.0,3.7334855971139818,0.0,39.85437115665823,0.35049149939878954,107602.7397260274,0,0,0
2022-01-11,21.6,0.1,0.0,73.6521151663215,87.1510354822868,1101.5068493150684,14.395158842963639,3.1237821046657173,3.445822285371678,37.1478848336785,2.4584517750191814,107613.01369863014,1,0,0
2022-01-12,21.8,0.2,0.0,76.9759071115216,79.7536440590582,1101.6438356164383,0.0,11.927351654164145,0.0,33.924092888478405,2.164594746345915,107623.28767123287,2,0,0
2022-01-13,21.5,0.0,0.0,80.13045525105417,49.062512777577595,1101.7808219178082,0.0,0.0,0.0,30.619544748945827,1.7509567491497806,107633.56164383562,3,0,0
2022-01-14,21.6,0.0,0.0,82.58829510234561,75.60039805990813,1101.9178082191781,9.448125557607547,7.313802525749924,0.0,28.21170489765439,2.352999731871599,107643.83561643836,4,0,0
2022-01-15,21.7,0.0,0.0,76.37128093423267,59.24793613187786,1102.054794520548,29.6823205707193,5.904220612514635,0.7479897875939402,34.47871906576733,1.8335468039768987,107654.1095890411,5,0,0
2022-01-16,21.6,0.5,0.0,81.1838338223854,60.11473390381593,1102.1917808219177,7.112266975713199,0.0,0.48913587353961335,29.616166177614605,0.5570967928721102,107664.38356164383,6,0,0
2022-01-17,21.1,0.2,0.0,76.32308533823338,79.16450462194332,1102.3287671232877,0.0,3.3868731792169,2.1800288761128988,34.226914661766614,1.1611747314707481,107674.65753424658,0,0,0
2022-01-18,21.2,0.0,0.0,76.94241098504025,88.13924039903661,1102.4657534246576,0.0,10.294574815983573,4.219197548208687,33.65758901495975,0.27160725839592487,107684.93150684932,1,0,0
2022-01-19,20.8,0.0,0.0,72.96669451575889,46.3327936423597,1102.6027397260275,0.0,8.723153800284503,1.96317057825484,37.43330548424111,1.0351778134914769,107695.20547945205,2,0,0
2022-01-20,20.6,0.0,0.0,75.38383376944547,61.03151184394097,1102.7397260273972,12.090306527107336,0.0,2.2679276175460923,34.91616623055452,1.8798472473693009,107705.47945205479,3,0,0
2022-01-21,22.0,0.0,0.0,73.24157697191833,64.04708040421518,1102.876712328767,17.646661246468184,8.201581867554845,0.0,37.758423028081666,1.0274640422339618,107715.75342465754,4,0,0
2022-01-22,21.5,0.0,0.0,75.12063373511333,58.81559084774988,1103.013698630137,0.0,0.0,0.2511384958284022,35.62936626488667,0.8927060211235218,107726.02739726027,5,0,0
2022-01-23,21.3,0.0,0.0,85.2682089830392,58.15945618581125,1103.150684931507,0.0,0.7287409801551539,2.397537740008043,25.381791016960797,1.5288537340247486,107736.30136986301,6,0,0
2022-01-24,20.8,0.0,0.0,75.25300555584029,42.613433378079826,1103.2876712328766,5.31756459304097,0.731969910016945,3.6447059728522513,35.14699444415971,2.193290869597348,107746.57534246575,0,0,0
2022-01-25,20.8,0.0,0.0,93.16191032418695,74.27693102813117,1103.4246575342465,0.0,0.0,0.0,17.23808967581305,0.21419966211066982,107756.8493150685,1,0,0
2022-01-26,21.8,0.0,0.0,82.46658950440445,61.81072085600227,1103.5616438356165,0.0,11.91707497107065,0.0,28.433410495595545,1.025129043279365,107767.12328767125,2,0,0
2022-01-27,21.1,2.3,0.0,82.07418061847437,49.73969013219634,1103.6986301369864,41.99443578333031,0.0,0.0,28.47581938152563,0.47977778035663055,107777.39726027397,3,0,0
2022-01-28,21.1,0.0,0.0,75.70821109909393,80.80167511510342,1103.835616438356,0.0,0.0,2.6820694994567167,34.84178890090607,1.768850201756487,107787.67123287672,4,0,0
2022-01-29,21.2,0.0,0.0,83.50154939704495,80.12803740758139,1103.972602739726,0.0,0.0,5.169405274621043,27.098450602955047,0.3537389450347237,107797.94520547945,5,0,0
2022-01-30,22.1,0.2,0.0,77.22181086881112,64.31958140444469,1104.109589041096,0.0,1.786947168104756,0.0,33.82818913118888,1.6955386205925869,107808.2191780822,6,0,0
2022-01-31,23.4,0.0,0.0,80.6100490732268,54.92253305738802,1104.2465753424658,14.883839429998735,12.292147842970504,4.539811568135245,31.089950926773195,0.7868340899149775,107818.49315068492,0,0,0
2022-02-01,23.1,0.0,0.0,92.80042269134397,71.90463628982262,1104.3835616438355,0.0,6.030946849488336,0.617399045822971,18.749577308656033,0.5774003529693392,107828.76712328767,1,0,0
2022-02-02,22.7,0.0,0.0,79.51970050137675,54.407606788870154,1104.5205479452054,0.0,0.0,0.0,31.830299498623255,2.347246138779965,107839.04109589041,2,0,0
2022-02-03,22.4,0.0,0.0,85.74636663142837,51.8003965161856,1104.6575342465753,26.426080645460242,24.851899166788915,0.0,25.453633368571627,0.14445898419029407,107849.31506849316,3,0,0
2022-02-04,22.3,0.0,0.0,76.48411787437057,76.52573270131633,1104.7945205479452,28.392060090272743,2.647753109779796,3.7330568230107857,34.66588212562943,1.1506654525349655,107859.58904109588,4,0,0
2022-02-05,22.4,0.0,0.0,79.82505754751519,42.01626198604754,1104.9315068493152,0.0,12.753907379990148,1.6278890839353504,31.374942452484813,0.1519047819083051,107869.86301369863,5,0,0
2022-02-06,22.5,0.0,0.0,88.85400317817755,44.738423551729696,1105.0684931506848,0.0,0.0,11.379127138238188,22.39599682182245,1.2606233154503896,107880.13698630137,6,0,0
2022-02-07,23.0,0.0,0.0,76.86516471106117,40.33940870117949,1105.2054794520548,20.150273796738443,5.333592447054494,0.0,34.63483528893883,1.3025137067066037,107890.41095890412,0,0,0
2022-02-08,22.2,0.0,0.0,89.06224278998465,47.647159323771305,1105.3424657534247,0.0,8.394685045184048,2.5905085101498786,22.03775721001535,0.8719899313473928,107900.68493150684,1,0,0
2022-02-09,21.8,0.0,0.0,83.53875967727738,43.44950043552297,1105.4794520547946,15.812511983255373,12.18194711754256,0.0,27.361240322722615,0.41718826606005677,107910.95890410959,2,0,0
2022-02-10,21.8,0.0,0.0,77.18766612052866,89.79011838899592,1105.6164383561643,0.0,10.57368305378225,0.0,33.71233387947134,1.0033300905627407,107921.23287671233,3,0,0
2022-02-11,22.2,0.0,0.0,83.1620386952776,54.44049849770448,1105.7534246575342,17.851946765986185,8.721970000729778,0.0,27.9379613047224,1.7134310558381585,107931.50684931508,4,0,0
2022-02-12,22.2,0.0,0.0,84.86277224813365,47.46340063346236,1105.890410958904,0.0,0.0,0.68676239703518,26.23722775186635,1.9777499407467019,107941.7808219178,5,0,0
2022-02-13,21.9,0.0,0.0,83.10904981108598,52.049812899795896,1106.027397260274,14.61528238133049,0.0,14.590867775300463,27.840950188914018,1.3738014457315415,107952.05479452055,6,0,0
2022-02-14,21.9,0.0,0.0,72.14887640054772,86.80627857700674,1106.1643835616437,0.2854613567286821,3.3260751032419753,0.0,38.80112359945228,1.5156025466554135,107962.32876712328,0,0,0
2022-02-15,22.7,0.0,0.0,76.36431412087566,66.00801115121979,1106.3013698630136,0.0,9.331280723410693,0.0,34.98568587912434,0.5814792906991665,107972.60273972603,1,0,0
2022-02-16,22.7,0.0,0.0,78.76240682224248,58.240904815392845,1106.4383561643835,0.0,0.0,1.3650535874719285,32.58759317775752,0.7895927997463587,107982.87671232875,2,0,0
2022-02-17,22.7,0.0,0.0,79.62783285449977,83.66957289546096,1106.5753424657535,13.726369139134016,10.651719657143865,0.0,31.72216714550023,0.48854946412566025,107993.1506849315,3,0,0
2022-02-18,22.4,0.0,0.0,83.10336048775339,59.749513527451626,1106.7123287671234,2.117889062304685,14.526167454861794,0.0,28.096639512246607,0.6983088400110672,108003.42465753425,4,0,0
2022-02-19,22.4,0.0,0.0,80.88850500466627,56.75042849788479,1106.849315068493,11.688259609449684,0.0,0.08012641147580213,30.311494995333728,0.6397282725412762,108013.69863013699,5,0,0
2022-02-20,22.9,0.0,0.0,73.32327820644949,50.36412612748678,1106.986301369863,39.52881169030971,0.0,3.973001914726057,38.126721793550516,1.3466770873389702,108023.97260273971,6,0,0
2022-02-21,23.9,0.0,0.0,81.90098925502981,58.889841195470574,1107.123287671233,0.0,0.0,4.868111247139234,30.049010744970186,1.4504530138977507,108034.24657534246,0,0,0
2022-02-22,24.5,0.0,0.0,83.05292872641911,55.834217800846304,1107.2602739726028,32.344251499372476,3.076126681891964,0.0,29.19707127358089,2.367873809971611,108044.52054794521,1,0,0
2022-02-23,23.1,0.0,0.0,82.7989522396552,73.86519796490705,1107.3972602739725,2.0871187504642585,0.0,0.0,28.751047760344807,0.5693695530436553,108054.79452054795,2,0,0
2022-02-24,22.2,0.0,0.0,85.4039036277731,54.479135233536354,1107.5342465753424,0.0,13.522026788671443,0.0,25.696096372226897,1.6400217043875902,108065.06849315068,3,0,0
2022-02-25,22.6,0.0,0.0,84.16961077274452,68.85998732112807,1107.6712328767123,0.0,4.240668615184512,0.0,27.13038922725548,2.061422245570055,108075.34246575342,4,0,0
2022-02-26,22.1,0.0,0.0,82.29590039614219,43.29460825159863,1107.8082191780823,0.0,0.3944704824073949,1.5494738969031727,28.754099603857814,1.444579513079326,108085.61643835617,5,0,0
2022-02-27,22.9,0.0,0.0,79.64917144270676,49.56445783482572,1107.945205479452,18.433002238489188,0.0,0.0,31.80082855729324,0.7120087660025817,108095.8904109589,6,0,0
2022-02-28,22.9,0.0,0.0,71.69519533242004,60.37026358056744,1108.0821917808219,0.0,0.0,0.0,39.75480466757996,0.7301205520480005,108106.16438356164,0,0,0
2022-03-01,23.6,0.0,0.0,82.14809109566293,86.84746269543477,1108.2191780821918,30.223098604946948,2.8100925028180628,0.0,29.651908904337066,0.1942073273703998,108116.43835616438,1,0,0
2022-03-02,23.3,0.0,0.0,81.03843843581555,58.86259928578477,1108.3561643835617,0.0,0.0,2.7484159314512984,30.61156156418445,0.833066143716356,108126.71232876713,2,0,0
2022-03-03,23.2,0.0,0.0,81.35789418597686,73.2037060599917,1108.4931506849316,0.0,10.126374096440717,9.00715049633244,30.24210581402314,1.8870488296081123,108136.98630136986,3,0,0
2022-03-04,23.4,0.0,0.0,73.61625712089845,52.754361121069905,1108.6301369863013,0.0,0.0,0.0,38.08374287910155,0.21404261729706492,108147.2602739726,4,0,0
2022-03-05,23.3,0.0,0.0,74.59471729795868,46.35167879866159,1108.7671232876712,7.272637652499357,32.430929695947334,0.0,37.05528270204132,0.6263086780115935,108157.53424657533,5,0,0
2022-03-06,23.5,0.0,0.0,85.26576426666452,42.926830004002504,1108.9041095890411,17.737747801946007,23.079162506161104,0.0,26.48423573333548,1.7949579964762767,108167.80821917808,6,0,0
2022-03-07,21.7,3.4,0.0,81.50222423071673,55.27067492713757,1109.041095890411,0.0,0.0,0.07848897978879191,29.347775769283267,1.978363750774904,108178.08219178082,0,0,0
2022-03-08,23.6,0.1,0.0,83.45750348686312,47.883051339845395,1109.1780821917807,0.0,0.0,1.0932965337864886,28.342496513136883,1.1927641841486283,108188.35616438356,1,0,0
2022-03-09,24.5,0.0,0.0,80.1415918806523,48.70052240080621,1109.3150684931506,3.9789629359298906,9.955815140020297,0.0,32.1084081193477,1.7753784123487573,108198.63013698629,2,0,0
2022-03-10,25.1,0.0,0.0,80.14878069747873,78.0379654193475,1109.4520547945206,8.73477103467019,17.03172609918038,0.0,32.40121930252127,1.031085204771741,108208.90410958904,3,0,0
2022-03-11,25.1,0.0,0.0,84.69141902988,40.79190354724371,1109.5890410958905,8.085895099233953,0.0,1.837552052703011,27.858580970120006,0.483791788057906,108219.17808219178,4,0,0
2022-03-12,25.1,0.0,0.0,77.41977635891313,67.89050628677172,1109.7260273972602,24.715643836443082,0.0,5.202154463224194,35.13022364108687,1.0555587844549756,108229.45205479451,5,0,0
2022-03-13,25.2,0.0,0.0,80.48060388470492,58.97306902967324,1109.86301369863,0.0,0.0,0.0,32.11939611529508,1.491922768487543,108239.72602739726,6,0,0
2022-03-14,25.7,0.0,0.0,77.6886235564748,65.32749999542736,1110.0,13.604322109008988,5.827375831738644,0.0,35.16137644352521,2.3753278764469368,108250.0,0,0,0
2022-03-15,25.2,0.0,0.0,77.82751886283842,68.14151186073015,1110.13698630137,23.850150249559498,4.968735905075971,1.069043969705317,34.772481137161584,0.2650022850128256,108260.27397260274,1,0,0
2022-03-16,25.1,0.0,0.0,78.4541393826568,55.668384722863905,1110.2739726027398,0.0,10.697714549838501,0.0,34.09586061734319,1.3177458252279055,108270.54794520549,2,0,0
2022-03-17,26.3,0.0,0.0,81.11066885816857,54.75544300921426,1110.4109589041095,6.393036518379544,0.0,8.655848158836498,32.03933114183143,0.8894074677057384,108280.82191780822,3,0,0
2022-03-18,26.4,0.0,0.0,77.60625689168262,76.67009246674529,1110.5479452054794,0.0,0.0,0.0,35.59374310831738,1.319948066264067,108291.09589041096,4,0,0
2022-03-19,25.9,0.0,0.0,86.2787806278676,83.56384940605786,1110.6849315068494,0.0,8.580141953021453,0.0,26.671219372132395,0.15754107370367604,108301.36986301371,5,0,0
2022-03-20,24.7,0.0,0.0,75.52696348890248,49.62908162292639,1110.8219178082193,6.953529670766727,0.0,2.7801104842114537,36.82303651109752,0.8512608512837951,108311.64383561644,6,0,0
2022-03-21,25.0,0.2,0.0,79.1656417791932,44.88093802675745,1110.958904109589,0.0,0.0,0.0,33.334358220806806,2.067683554064812,108321.91780821918,0,0,0
2022-03-22,24.8,0.0,0.0,77.80134470862913,84.8897903196013,1111.0958904109589,0.0,1.4506374595938163,0.0,34.59865529137087,1.4294601612511302,108332.19178082192,1,0,0
2022-03-23,26.5,0.0,0.0,87.23488942176867,57.49477318236993,1111.2328767123288,0.683048349760492,7.931756882186773,0.0,26.01511057823133,1.1813979827586818,108342.46575342467,2,0,0
2022-03-24,26.2,0.4,0.0,81.18277388255788,67.5658695331407,1111.3698630136987,0.0,0.0,5.147202779635203,31.91722611744212,0.785260172116815,108352.7397260274,3,0,0
2022-03-25,26.0,0.0,0.0,85.15922269734317,57.97715722600017,1111.5068493150684,0.0,0.0,0.0,27.840777302656832,0.8153020546992541,108363.01369863014,4,0,0
2022-03-26,26.4,0.0,0.0,72.57219813481514,46.29011681730257,1111.6438356164383,13.587465659130068,0.0,0.0,40.627801865184864,1.0194434406174027,108373.28767123287,5,0,0
2022-03-27,26.9,0.0,0.0,81.33525132934629,69.4665822473864,1111.7808219178082,0.0,0.0,4.628361047513608,32.11474867065371,2.105369703914945,108383.56164383562,6,0,0
2022-03-28,27.1,0.0,0.0,84.44815397811719,66.25704258848148,1111.9178082191781,13.326250018184238,0.0,0.0,29.10184602188281,2.421311696339844,108393.83561643836,0,0,0
2022-03-29,27.2,0.1,0.0,80.46141994637712,50.14967795955986,1112.054794520548,9.251825857079023,0.0,0.0,33.13858005362288,1.152772915240899,108404.1095890411,1,0,0
2022-03-30,27.6,0.2,0.0,85.42740187532675,62.59345223261389,1112.1917808219177,0.0,5.212799050138145,0.7472804483165476,28.37259812467325,1.0440468129946283,108414.38356164383,2,0,0
2022-03-31,27.2,0.0,0.0,77.41355774949814,79.8473752007823,1112.3287671232877,0.0,3.2167854137650007,3.8537510480939368,36.18644225050186,2.1317218619676708,108424.65753424658,3,0,0
2022-04-01,27.4,0.0,0.0,87.0467372009279,69.52130515539457,1112.4657534246576,23.88218806094745,1.6805980596682024,11.90856765866273,26.653262799072106,1.1245727695271286,108434.93150684932,4,0,0
2022-04-02,26.6,0.0,0.0,91.49449061809625,44.84586635334974,1112.6027397260275,0.0,0.0,4.136180538287116,21.80550938190375,1.424843613509563,108445.20547945205,5,0,0
2022-04-03,26.4,0.0,0.0,78.18580719780171,67.40107486145675,1112.7397260273972,0.0,0.0,5.7991998319417215,35.014192802198295,0.6542599950369866,108455.47945205479,6,0,0
2022-04-04,26.3,0.0,0.0,77.77248739299614,75.13691496447935,1112.876712328767,9.24121786503793,0.0,0.0,35.37751260700386,1.8844060858697806,108465.75342465754,0,0,0
2022-04-05,26.0,0.0,0.0,87.2669223855885,79.63517028903757,1113.013698630137,15.66781018565191,1.7847666388538974,0.0,25.7330776144115,1.3767719638498765,108476.02739726027,1,0,0
2022-04-06,26.2,0.0,0.0,87.89786072865357,71.45587893171334,1113.150684931507,0.0,14.288577078135674,0.31165674809561483,25.202139271346432,2.04168292057682,108486.30136986301,2,0,0
2022-04-07,27.0,0.0,0.0,77.38569986423366,47.63290822703919,1113.2876712328766,0.0,0.0,0.535849576297981,36.11430013576634,1.9737585520688072,108496.57534246575,3,0,0
2022-04-08,26.4,0.1,0.0,77.94906591452072,75.50866332950804,1113.4246575342465,28.447397233970154,0.0,0.0,35.25093408547929,0.6160114438480685,108506.8493150685,4,0,0
2022-04-09,26.9,0.0,0.0,78.59107695569746,73.86709230407581,1113.5616438356165,34.77799327595158,3.2910677871012957,0.0,34.85892304430254,1.8175253213386298,108517.12328767125,5,0,0
2022-04-10,26.9,0.0,0.0,73.27774744482862,41.22134414703166,1113.6986301369864,19.57716101563591,12.528426344274838,1.9965880085956544,40.17225255517138,2.020130579083291,108527.39726027397,6,0,0
2022-04-11,27.0,0.0,0.0,75.40674026757901,60.58738337951216,1113.835616438356,1.7063628513004812,0.0,1.8019669750904008,38.09325973242099,0.9306573778777482,108537.6712328767,0,0,0
2022-04-12,26.4,0.0,0.0,74.97929616623966,56.64751234811867,1113.972602739726,0.0,0.0,2.521439266921362,38.22070383376034,0.514261870965459,108547.94520547945,1,0,0
2022-04-13,25.6,2.5,0.0,77.41101217447935,73.47060321268216,1114.109589041096,0.0,0.0,1.4548236506872148,35.388987825520644,0.10631717339101164,108558.2191780822,2,0,0
2022-04-14,24.8,12.8,0.0,86.2265755630661,50.806790615546035,1114.2465753424658,10.45028210531515,1.0343812930810639,0.0,26.173424436933892,1.1821687674235557,108568.49315068492,3,0,0
2022-04-15,26.0,5.3,0.0,83.82107366268261,69.54359614871292,1114.3835616438355,8.367964417773674,20.42076040143744,0.0,29.178926337317392,0.9458385556932197,108578.76712328767,4,0,0
2022-04-16,25.8,4.2,0.0,89.85250246407038,85.66029809070861,1114.5205479452054,28.03197185892859,2.773584619646759,0.0,23.047497535929615,1.4317836011809815,108589.04109589041,5,0,0
2022-04-17,24.3,10.5,0.0,80.25822979630604,79.89011861043039,1114.6575342465753,13.009001850722782,0.0,8.923875195925476,31.89177020369396,0.5512986222130858,108599.31506849316,6,0,0
2022-04-18,24.2,0.2,0.0,85.02161199238292,86.07288681082652,1114.7945205479452,0.0,3.2208231076698546,0.06725182309646503,27.078388007617086,2.1631973143995404,108609.58904109588,0,0,0
2022-04-19,25.9,0.0,0.0,78.93005577887246,88.92529834663449,1114.9315068493152,21.03895235445837,0.0,0.0,34.019944221127545,0.7186125175074631,108619.86301369863,1,0,0
2022-04-20,27.7,0.0,0.0,79.75268145173783,40.53350635030814,1115.0684931506848,0.0,0.0,0.0,34.09731854826217,0.6434310522103599,108630.13698630137,2,0,0
2022-04-21,27.0,0.0,0.0,83.37409746083301,71.13706381887388,1115.2054794520548,0.0,8.232799156777054,14.67828951163889,30.125902539166987,1.2537137355624544,108640.41095890412,3,0,0
2022-04-22,26.1,0.0,0.0,74.3863898921885,60.64196988794532,1115.3424657534247,5.004004125033889,2.257615231117544,0.0,38.66361010781149,1.2972424569862582,108650.68493150684,4,0,0
2022-04-23,26.3,0.0,0.0,81.91204873092025,82.99272451675608,1115.4794520547946,39.91334979567929,0.17613251933657315,0.0,31.23795126907975,0.6162045490842227,108660.95890410959,5,0,0
2022-04-24,26.3,0.0,0.0,80.83226104106528,52.590735100456584,1115.6164383561643,62.19837112010722,0.0,2.0791841814303025,32.31773895893472,0.7524657441421978,108671.23287671233,6,0,0
2022-04-25,27.5,0.0,0.0,82.46225632004075,89.0514744557538,1115.7534246575342,12.134461182723655,13.035079319347592,3.001064828721389,31.28774367995925,0.5072925739725879,108681.50684931508,0,0,0
2022-04-26,27.9,0.0,0.0,81.44584321953909,70.68539847718736,1115.890410958904,0.0,6.647027453331099,4.78966027607842,32.50415678046092,1.8243044279756002,108691.7808219178,1,0,0
2022-04-27,28.3,0.0,0.0,92.27650069955448,79.67687011144154,1116.027397260274,10.690112969611006,0.0,9.038042538846316,21.873499300445523,1.9482136750097965,108702.05479452055,2,0,0
2022-04-28,27.9,0.0,0.0,76.81130007874341,44.279977641138416,1116.1643835616437,17.753108517476722,10.018248536819371,2.5307882773035617,37.13869992125659,1.2095883939022782,108712.32876712328,3,0,0
2022-04-29,28.9,0.0,0.0,77.34501522499092,49.172894237943254,1116.3013698630136,0.0,0.0,0.0,37.104984775009086,1.8138088544440418,108722.60273972603,4,0,0
2022-04-30,27.8,0.0,0.0,76.88429736787617,77.92018365171016,1116.4383561643835,35.904227118246446,0.0,0.0,37.015702632123826,1.8662449406498693,108732.87671232875,5,0,0
2022-05-01,27.8,0.0,0.0,77.22261440419872,41.09932610196618,1116.5753424657535,4.601415183828042,0.0,1.5391618625694248,36.677385595801276,0.4318612664267406,108743.1506849315,6,0,0
2022-05-02,27.5,0.0,0.0,76.81306436346742,80.84389929468914,1116.7123287671234,9.954861781827885,0.0,10.341130207529119,36.93693563653258,2.4188272596028884,108753.42465753425,0,0,0
2022-05-03,26.5,1.6,0.0,86.74508265553776,40.69745093459557,1116.849315068493,13.318485041089227,4.715423804182057,0.0,26.504917344462243,2.0704766730314343,108763.69863013699,1,0,0
2022-05-04,26.1,0.7,0.0,87.45252123994926,72.85594195306366,1116.986301369863,8.431732212289113,0.0,6.012882526126138,25.597478760050738,0.5907603068699764,108773.97260273971,2,0,0
2022-05-05,24.7,0.6,0.0,77.44626853125261,58.2546960115903,1117.123287671233,16.778810009392245,0.0,0.899571847732084,34.90373146874739,0.5467960857905686,108784.24657534246,3,0,0
2022-05-06,24.0,10.7,0.0,81.18822213447885,70.57474263595995,1117.2602739726028,0.0,0.0,4.189152676147404,30.81177786552115,0.4015867493909986,108794.52054794521,4,0,0
2022-05-07,25.3,0.6,0.0,82.65707778193202,74.80157034945569,1117.3972602739725,0.0,0.0,0.0,29.99292221806798,0.4321085501006041,108804.79452054795,5,0,0
2022-05-08,26.2,0.1,0.0,77.28888477859515,57.123760959315206,1117.5342465753424,0.0,0.0,0.0,35.811115221404854,1.8955883176688708,108815.06849315068,6,0,0
2022-05-09,25.7,0.1,0.0,83.21465908877755,45.39812240554178,1117.6712328767123,8.790024612404528,0.0,3.75436389700666,29.63534091122245,1.2271702166838965,108825.34246575342,0,0,0
2022-05-10,23.2,4.9,0.0,83.4646151042565,43.48229338741328,1117.8082191780823,15.578730070242282,0.0,3.2721551355281058,28.135384895743506,1.9790420145756813,108835.61643835617,1,0,0
2022-05-11,22.7,0.4,0.0,72.62127942501384,69.44680112812739,1117.945205479452,9.155457323037716,0.0,4.860284828698609,38.72872057498616,1.891011746440493,108845.8904109589,2,0,0
2022-05-12,21.9,20.6,0.0,98.03752600665031,66.03276768670557,1118.0821917808219,33.48984866695075,4.643698635465742,0.0,12.912473993349689,1.551070512412532,108856.16438356164,3,0,0
2022-05-13,22.6,18.1,0.0,98.0293883654776,77.11005045605663,1118.2191780821918,0.0,0.0,0.0,13.2706116345224,1.747279855788831,108866.43835616438,4,0,0
2022-05-14,23.3,14.6,0.0,84.23605654757807,65.48677550019686,1118.3561643835617,13.374833111850252,3.1635832153614474,0.0,27.413943452421925,0.1440537385099403,108876.71232876713,5,0,0
2022-05-15,23.8,17.3,0.0,86.71149220032008,61.12228950154396,1118.4931506849316,0.0,0.0,4.096866340697032,25.18850779967992,0.8482663523320526,108886.98630136986,6,0,0
2022-05-16,23.1,25.1,0.0,93.97932695362452,59.90435891181154,1118.6301369863013,0.0,1.8106274277108234,2.1194474122199303,17.57067304637548,1.6307732302225846,108897.2602739726,0,0,0
2022-05-17,23.1,18.0,0.0,90.67228394993512,41.322345129883374,1118.7671232876712,13.91075515131555,13.032780373160637,0.0,20.87771605006488,0.12242788836698609,108907.53424657533,1,0,0
2022-05-18,22.7,13.4,0.0,89.99272136336415,56.77786008483285,1118.9041095890411,16.98204221486288,5.861658003927833,0.0,21.357278636635847,0.17914466483822417,108917.80821917808,2,0,0
2022-05-19,21.5,0.9,0.0,90.50102269383174,88.8010078762247,1119.041095890411,0.0,0.0,0.0,20.248977306168257,2.14453115792892,108928.08219178082,3,0,0
2022-05-20,22.1,4.9,0.0,81.56526386252976,83.67777881135444,1119.1780821917807,0.0,2.571989703559274,0.0,29.48473613747024,1.7416596680609724,108938.35616438356,4,0,0
2022-05-21,22.7,0.5,0.0,76.25851377730773,56.468903351710885,1119.3150684931506,0.0,0.0,0.0,35.091486222692275,0.7368873594888254,108948.63013698629,5,0,0
2022-05-22,22.8,0.6,0.0,73.40340385992737,69.3897702533186,1119.4520547945206,0.0,0.07880184694728151,0.0,37.99659614007263,1.7511108162849016,108958.90410958904,6,0,0
2022-05-23,24.2,0.3,0.0,76.49534980029041,82.3648372767747,1119.5890410958905,17.807663270395725,0.0,0.0,35.60465019970959,2.0018960059342317,108969.17808219178,0,0,0
2022-05-24,24.5,0.4,0.0,80.03436513563102,62.063716837503435,1119.7260273972602,11.504100322131325,0.0,0.0,32.21563486436898,0.836306279464243,108979.45205479451,1,0,0
2022-05-25,24.8,0.5,0.0,89.22278931758893,40.89789318750755,1119.86301369863,10.013314427624193,2.1209335307417523,0.0,23.177210682411065,0.18648970599804987,108989.72602739726,2,0,0
2022-05-26,23.6,3.6,0.0,79.21194350481915,43.725523090932,1120.0,0.9954737436192016,0.0,10.112951152847407,32.58805649518085,2.338669899250563,109000.0,3,0,0
2022-05-27,23.9,0.1,0.0,81.16893975819448,65.51963606743533,1120.13698630137,0.14126317256352905,0.0,6.2627036551461535,30.781060241805516,0.9284316119095131,109010.27397260274,4,0,0
2022-05-28,24.1,0.3,0.0,80.06788551963625,88.47196878379393,1120.2739726027398,0.0,0.0,0.0,31.98211448036375,0.3555562318832953,109020.54794520549,5,0,0
2022-05-29,24.3,0.0,0.0,85.94196636724043,74.66047711094339,1120.4109589041095,13.976568404050695,0.0,1.3621069832680495,26.208033632759573,1.2804564913435537,109030.82191780822,6,0,0
2022-05-30,23.8,6.2,0.0,95.7346621293681,43.54580957192847,1120.5479452054794,8.419458887787796,0.0,2.087325449106475,16.165337870631895,1.944322709593921,109041.09589041096,0,0,0
2022-05-31,23.6,2.1,0.0,78.3956561353984,49.46804378959314,1120.6849315068494,9.840376959855986,1.594625068041292,5.955429273867384,33.4043438646016,0.6319535550821419,109051.36986301371,1,0,0
2022-06-01,23.1,4.8,0.0,79.9528027874089,78.5661571608425,1120.8219178082193,0.0,0.0,0.0,31.5971972125911,0.746776120320072,109061.64383561644,2,0,0
2022-06-02,23.8,0.5,0.0,85.47080438534536,82.07198799781224,1120.958904109589,0.0,5.1361446423109625,5.46053391991213,26.42919561465464,0.6825159683165996,109071.91780821918,3,0,0
2022-06-03,23.9,8.7,0.0,87.75945744813156,70.88472930942955,1121.0958904109589,21.943054235073912,0.3471374875256186,0.0,24.190542551868443,2.4800153267960274,109082.19178082192,4,0,0
2022-06-04,24.7,9.4,0.0,93.93353662868017,72.22115848149083,1121.2328767123288,0.0,0.0,0.0,18.41646337131983,0.5737689609533021,109092.46575342467,5,0,0
2022-06-05,24.0,15.1,0.0,90.46964092662982,41.41687251916923,1121.3698630136987,0.0,6.549755842216898,3.6206827965724866,21.530359073370178,1.4812485207186976,109102.7397260274,6,0,0
2022-06-06,23.6,7.4,0.0,81.9035395460647,81.42651297907543,1121.5068493150684,13.869578238279875,8.107986455917098,6.453792120612141,29.896460453935294,2.3206351399767144,109113.01369863014,0,0,0
2022-06-07,23.1,1.3,0.0,83.60327415346156,79.41376040854149,1121.6438356164383,0.0,0.0,12.939544867653423,27.946725846538445,0.4525517653066702,109123.28767123287,1,0,0
2022-06-08,23.7,0.4,0.0,85.74351790291455,52.951757205167354,1121.7808219178082,21.198727680932436,4.201915428949916,0.0,26.106482097085454,2.4300500748824807,109133.56164383562,2,0,0
2022-06-09,23.9,0.7,0.0,84.45241090598681,75.43383599827536,1121.9178082191781,12.34011899153395,0.0,3.494598425403944,27.49758909401319,2.373945362549499,109143.83561643836,3,0,0
2022-06-10,23.9,1.8,0.0,83.4363701555365,50.74273032124991,1122.054794520548,13.67138646400955,0.976703767483354,0.0,28.513629844463505,2.22297276893983,109154.1095890411,4,0,0
2022-06-11,23.2,1.6,0.0,86.13337344794577,42.01650805257565,1122.1917808219177,0.0,0.0,3.9167935526201565,25.46662655205423,0.6149356511920053,109164.38356164383,5,0,0
2022-06-12,23.0,11.0,0.0,91.34647795222837,50.056827129518865,1122.3287671232877,24.23887970772801,0.0,0.0,20.15352204777163,1.62173213442636,109174.65753424658,6,0,0
2022-06-13,23.7,0.1,0.0,86.96079495518764,48.93144383771497,1122.4657534246576,5.225010624677121,0.0,0.0,24.889205044812364,1.9261395351069763,109184.93150684932,0,0,0
2022-06-14,23.4,11.8,0.0,89.14354943794822,56.88739983674236,1122.6027397260275,0.0,0.0,0.0,22.556450562051776,2.466467027671431,109195.20547945205,1,0,0
2022-06-15,23.1,0.5,0.0,79.41440959841573,60.9224748587729,1122.7397260273972,2.8677693468450216,0.0,0.3948202283404226,32.13559040158427,0.5330171729952891,109205.47945205479,2,0,0
2022-06-16,23.0,10.2,0.0,85.83356843216662,65.4269445748854,1122.876712328767,0.0,0.0,0.0,25.666431567833385,1.9384621588463116,109215.75342465754,3,0,0
2022-06-17,22.8,7.7,0.0,89.88254483254178,63.83769377541641,1123.013698630137,8.173056229613417,0.0,3.2952717195670984,21.517455167458216,0.913122807825071,109226.02739726027,4,0,0
2022-06-18,22.4,24.1,0.0,87.96532164506382,53.533730298264466,1123.150684931507,0.0,2.69294752580734,5.134473091289572,23.234678354936175,0.5215035173632055,109236.30136986301,5,0,0
2022-06-19,22.8,3.0,0.0,83.3433665443645,41.458533428703724,1123.2876712328766,0.0,0.0,2.997887706226779,28.0566334556355,1.1113046589132518,109246.57534246575,6,0,0
2022-06-20,23.0,1.7,0.0,78.8833059383632,70.25508111185754,1123.4246575342465,0.0,1.825010305992134,8.09393819830434,32.61669406163681,2.005206189156679,109256.8493150685,0,0,0
2022-06-21,22.2,7.1,0.0,83.69372411467408,59.78724149236772,1123.5616438356165,22.253767499798506,0.0,2.079133147276715,27.40627588532592,1.2156395288897253,109267.12328767125,1,0,0
2022-06-22,22.2,0.9,0.0,86.8422593130365,54.93360786937748,1123.6986301369864,0.0,11.717179147161596,0.0,24.25774068696351,1.3900554404873164,109277.39726027397,2,0,0
2022-06-23,22.1,0.9,0.0,81.40549534009952,83.34705214152561,1123.835616438356,30.674554198329986,0.0,6.816882567691699,29.64450465990048,2.488382584480291,109287.6712328767,3,0,0
2022-06-24,23.1,1.2,0.0,80.83218274078074,77.337165389908,1123.972602739726,0.0,4.875602970867186,0.0,30.717817259219263,1.0578623189378225,109297.94520547945,4,0,0
2022-06-25,22.5,10.2,0.0,78.3007192951004,82.88827741862211,1124.109589041096,0.0,11.818910929599616,4.55209249842785,32.94928070489961,1.5769618113021757,109308.2191780822,5,0,0
2022-06-26,23.2,1.0,0.0,84.2312678301361,64.74913973562305,1124.2465753424658,0.0,4.809080927488954,7.868671082775531,27.368732169863897,0.9765860838768924,109318.49315068492,6,0,0
2022-06-27,23.1,0.5,0.0,83.47742090570537,46.546562606338874,1124.3835616438355,24.71623240013877,0.0,2.283440053651996,28.07257909429463,1.042685551188892,109328.76712328767,0,0,0
2022-06-28,22.9,1.0,0.0,91.3162736165273,74.81107180606362,1124.5205479452054,0.0,0.0,0.0,20.133726383472702,1.7695378082689794,109339.04109589041,1,0,0
2022-06-29,22.6,3.0,0.0,79.961108825235,50.30368899685876,1124.6575342465753,0.0,10.36087651046256,0.0,31.338891174765,2.3509287426277203,109349.31506849316,2,0,0
2022-06-30,22.4,13.3,0.0,87.7457516383197,62.06148345458584,1124.7945205479452,3.2003645170557538,0.0,6.6137223344256775,23.454248361680296,1.4016614811815715,109359.58904109588,3,0,0
2022-07-01,22.9,6.3,0.0,84.39691841855378,43.25003944744442,1124.9315068493152,10.0356547233509,0.0,0.0,27.053081581446218,1.9441598294770717,109369.86301369863,4,0,0
2022-07-02,23.4,3.4,0.0,89.58726639881738,81.26542012114912,1125.0684931506848,22.347976318049216,0.0,0.3978676747108292,22.112733601182622,0.31409574116071315,109380.13698630137,5,0,0
2022-07-03,22.6,4.9,0.0,81.97352233806524,46.29703205237503,1125.2054794520548,28.969984597858524,12.37653757511998,3.7941220808180462,29.326477661934764,0.6067792898366247,109390.41095890412,6,0,0
2022-07-04,21.8,1.7,0.0,82.24510762885168,85.15487535246548,1125.3424657534247,0.0,3.7976763604089605,3.4816143104016173,28.654892371148314,1.305115938206878,109400.68493150684,0,0,0
2022-07-05,21.3,10.3,0.0,88.1894825485827,83.21153011307786,1125.4794520547946,0.0,0.0,1.3939990619273035,22.460517451417296,0.1480281367090595,109410.95890410959,1,0,0
2022-07-06,21.6,3.6,0.0,82.73304561578179,63.2291382219623,1125.6164383561643,0.0,0.0,0.0,28.06695438421821,0.706851949030141,109421.23287671233,2,0,0
2022-07-07,21.3,15.2,0.0,85.36783192724735,77.21841021519953,1125.7534246575342,5.205610131657723,0.0,0.0,25.282168072752647,1.3417630955799187,109431.50684931508,3,0,0
2022-07-08,22.1,1.4,0.0,81.67044996449154,70.97225369090766,1125.890410958904,0.0,0.0,4.289494126456715,29.379550035508462,0.1359068758151217,109441.7808219178,4,0,0
2022-07-09,21.0,11.4,0.0,91.06815874929886,80.15378211688724,1126.027397260274,0.0,9.788895585567792,2.7678476553389664,19.43184125070114,0.7349110869425001,109452.05479452055,5,0,0
2022-07-10,21.4,4.1,0.0,76.9174235029447,61.5902550392956,1126.1643835616437,6.875757630997708,0.0,0.0,33.7825764970553,1.3336739667420867,109462.32876712328,6,0,0
2022-07-11,21.0,5.0,0.0,83.16484837073438,79.2904242122175,1126.3013698630136,0.0,16.087808557343735,5.410561564965704,27.335151629265624,1.4755581951549896,109472.60273972603,0,0,0
2022-07-12,22.1,0.9,0.0,76.94939592530413,63.1228408532574,1126.4383561643835,0.6559399082317302,8.282296901846228,0.0,34.100604074695866,2.321804063332733,109482.87671232875,1,0,0
2022-07-13,21.8,3.3,0.0,87.62523314462422,87.0482893921397,1126.5753424657535,0.0,10.90861670603698,0.0,23.27476685537578,1.6488294958014589,109493.1506849315,2,0,0
2022-07-14,22.1,5.3,0.0,75.03406547608114,64.31860504125737,1126.7123287671234,0.0,0.0,0.0,36.01593452391886,1.095365926071985,109503.42465753425,3,0,0
2022-07-15,22.8,1.7,0.0,78.05539076364205,63.13096359668648,1126.849315068493,0.0,0.0,0.0,33.34460923635795,2.332842825119363,109513.69863013699,4,0,0
2022-07-16,22.3,7.2,0.0,85.4860593753226,79.25359307817564,1126.986301369863,17.803968222495737,0.0,0.0,25.6639406246774,1.9837191601307063,109523.97260273971,5,0,0
2022-07-17,22.6,5.0,0.0,90.3276201461717,81.07888458804189,1127.123287671233,20.704986694475053,0.0,6.168621391680965,20.972379853828304,0.5800214106705942,109534.24657534246,6,0,0
2022-07-18,22.1,5.0,0.0,82.17124869463507,67.72445571605854,1127.2602739726028,0.0,4.936548476431509,0.0,28.878751305364933,0.4140216672371675,109544.52054794521,0,0,0
2022-07-19,22.5,1.8,0.0,78.12400236653401,48.98989067475377,1127.3972602739725,0.0,12.960630617813962,0.9423788050905145,33.125997633465985,1.7219479257825592,109554.79452054795,1,0,0
2022-07-20,23.1,18.6,0.0,98.70578534720295,63.38791154787897,1127.5342465753424,0.0,0.0,0.0,12.844214652797053,1.4437195973847612,109565.06849315068,2,0,0
2022-07-21,22.8,10.0,0.0,77.75993049791877,88.40362514548391,1127.6712328767123,0.0,0.0,0.0,33.640069502081225,1.9952166731026137,109575.34246575342,3,0,0
2022-07-22,22.4,12.9,0.0,75.4559702168996,77.64930965195926,1127.8082191780823,0.0,0.0,0.0,35.7440297831004,1.8731321201888476,109585.61643835617,4,0,0
2022-07-23,22.0,1.6,0.0,83.00007225026665,80.5581301939566,1127.945205479452,0.0,0.0,0.0,27.999927749733345,1.600507681258036,109595.8904109589,5,0,0
2022-07-24,22.1,1.7,0.0,78.33972887823694,41.641274940962006,1128.0821917808219,0.0,5.913492417584003,0.0,32.71027112176306,2.467317211909341,109606.16438356164,6,0,0
2022-07-25,22.8,0.3,0.0,75.04383591434645,63.39297313170799,1128.2191780821918,0.0,0.0,2.7014397201784766,36.35616408565355,1.3806153522649809,109616.43835616438,0,0,0
2022-07-26,22.2,2.5,0.0,84.79178223649677,72.33105668287777,1128.3561643835617,4.145346587978879,0.0,1.1164045662768527,26.30821776350323,0.3714538156041276,109626.71232876713,1,0,0
2022-07-27,22.3,5.6,0.0,84.019003568856,81.50163418140374,1128.4931506849316,1.3868867407250085,0.0,0.0,27.130996431144005,2.087856555558372,109636.98630136986,2,0,0
2022-07-28,22.6,4.9,0.0,79.62960684631636,42.46368267913857,1128.6301369863013,0.0,0.0,5.420991220217713,31.670393153683637,0.7044480696297015,109647.2602739726,3,0,0
2022-07-29,22.9,5.0,0.0,76.09847800664552,82.62194428209366,1128.7671232876712,3.5364174427879598,0.0,1.0515152011099769,35.35152199335448,1.9655251555454039,109657.53424657533,4,0,0
2022-07-30,23.0,12.7,0.0,90.71228664140072,67.42004683709558,1128.9041095890411,0.0,0.0,0.9919675858874334,20.787713358599277,2.3970570304001235,109667.80821917808,5,0,0
2022-07-31,22.9,9.9,0.0,88.20100588979331,49.865698528802994,1129.041095890411,0.0,0.0,0.0,23.24899411020669,1.772309233514419,109678.08219178082,6,0,0
2022-08-01,22.7,39.6,0.0,99.30412068110309,55.862760822485,1129.1780821917807,33.46904180597074,0.0,0.0,12.045879318896914,1.5304723862795226,109688.35616438356,0,0,0
2022-08-02,22.5,25.0,0.0,100.0,54.096477587578036,1129.3150684931506,26.809221035806956,3.195246707829554,1.0890116987436305,9.516815019761665,1.2049268216200975,109698.63013698629,1,0,0
2022-08-03,21.7,17.7,0.0,83.49957616836923,66.5429517144238,1129.4520547945206,0.0,16.53617268492285,2.377942179642912,27.35042383163077,0.9745836783889678,109708.90410958904,2,0,0
2022-08-04,21.6,17.6,0.0,81.1723741453763,42.58428399555659,1129.5890410958905,16.59464835758349,1.3988723283912738,0.0,29.627625854623705,0.947211402332407,109719.17808219178,3,0,0
2022-08-05,20.8,24.2,37.0,86.79045965059377,47.926807924996176,1129.7260273972602,71.72793108983184,39.56118214911129,8.406195813269521,23.609540349406224,1.6272944937030174,109729.45205479451,4,0,0
2022-08-06,21.5,5.2,21.0,81.32206991822251,80.63465216878912,1129.86301369863,8.534734224947634,2.897780748465374,5.025265147982053,29.42793008177749,1.9030554806505902,109739.72602739726,5,0,0
2022-08-07,21.5,5.2,23.0,82.66669724661345,46.63019953734055,1130.0,50.87555287509721,19.977614392937696,8.18085302847139,28.083302753386548,1.7284409667625946,109750.0,6,0,0
2022-08-08,21.9,3.7,24.0,79.44381971071834,51.66981347290635,1130.13698630137,66.75863836825106,8.226316810289337,13.166555029635628,31.506180289281655,0.5761842428645505,109760.27397260274,0,0,0
2022-08-09,22.3,0.9,26.0,80.91027698257149,62.66853028020786,1130.2739726027398,16.549103875111722,6.030750724680987,3.941295927016088,30.23972301742851,1.2855692323443788,109770.54794520549,1,0,0
2022-08-10,22.2,2.5,26.0,73.69230287904779,65.85604440566652,1130.4109589041095,20.649943579714726,13.406285925409637,5.310190765910789,37.407697120952214,1.9999361732393512,109780.82191780822,2,0,0
2022-08-11,22.5,1.7,24.0,86.86882302036629,78.18052398070793,1130.5479452054794,56.35322933687005,31.11899334413573,4.637329446767248,24.381176979633707,1.241689787653735,109791.09589041096,3,0,0
2022-08-12,22.8,1.0,24.0,78.88924410803715,62.36662133330939,1130.6849315068494,41.42990621651296,28.700158286696457,3.1923620494772917,32.51075589196285,1.3878958713651852,109801.36986301371,4,0,0
2022-08-13,22.5,0.5,29.0,84.38647915794064,79.49323105177695,1130.8219178082193,54.52952550479046,25.630047220544,6.964067524438687,26.86352084205936,1.9507265156099731,109811.64383561644,5,0,0
2022-08-14,22.2,0.0,39.0,79.76362673188852,70.91731535227288,1130.958904109589,65.31178432800994,15.872994401100694,15.554011099939855,31.33637326811148,1.6870367350362196,109821.91780821918,6,0,0
2022-08-15,22.5,0.0,46.0,79.98376609576893,45.65498697119112,1131.0958904109589,76.81391841856288,34.83719348612064,8.530822523178271,31.266233904231072,1.0824278101177423,109832.19178082192,0,0,0
2022-08-16,23.0,0.3,62.0,79.89883640116103,47.81657191964193,1131.2328767123288,66.47055743377834,52.61700008901736,20.739071975764514,31.601163598838966,2.2489905068661256,109842.46575342467,1,1,0
2022-08-17,23.4,0.2,75.0,78.58854280008657,61.851686272488536,1131.3698630136987,133.44635413242895,61.75536229578598,13.990488849908322,33.11145719991343,0.4901609647923486,109852.7397260274,2,1,0
2022-08-18,23.3,0.9,75.0,79.91361379933772,59.844469654451984,1131.5068493150684,135.89179984855548,41.56206416519254,19.69331001778897,31.736386200662274,2.4892394766167794,109863.01369863014,3,1,0
2022-08-19,23.0,0.3,54.0,84.09576265066215,77.17721348186473,1131.6438356164383,76.41218511863944,34.296821519801284,14.552553498910068,27.404237349337848,0.3852461883429693,109873.28767123287,4,1,0
2022-08-20,22.9,0.3,49.0,78.68260584850735,69.0368569898676,1131.7808219178082,72.63046100372276,38.559222358512834,23.074298364570325,32.76739415149265,0.13587993065017337,109883.56164383562,5,0,0
2022-08-21,22.2,3.6,40.0,83.34501878794256,59.406654050112465,1131.9178082191781,29.377849948885558,37.3629090951719,10.62598847623656,27.754981212057437,2.2360453627570354,109893.83561643836,6,0,0
2022-08-22,22.1,4.4,31.0,80.20132152856387,48.53801417251928,1132.054794520548,56.7850951203567,2.8387217890005374,0.0,30.848678471436134,0.6878884200782945,109904.1095890411,0,0,0
2022-08-23,22.1,3.2,28.0,87.40058607724735,51.34185511627476,1132.1917808219177,53.441148834282885,20.77876024520142,0.0,23.649413922752647,1.8512791058721303,109914.38356164383,1,0,0
2022-08-24,21.3,8.0,37.0,78.76803848970366,68.77505092345295,1132.3287671232877,54.25617966001378,31.030487698789525,11.270147931733405,31.881961510296343,2.046436899836966,109924.65753424658,2,0,0
2022-08-25,21.7,9.3,38.0,91.75470216455408,61.17194024498963,1132.4657534246576,79.48706719741006,38.896119885162136,14.468854278949543,19.095297835445926,2.1615673384770804,109934.93150684932,3,0,0
2022-08-26,21.8,20.2,53.0,87.24921024677828,65.7463754430336,1132.6027397260273,72.81845538040119,49.32857584237437,17.777279288136263,23.650789753221723,2.479826165594,109945.20547945205,4,1,0
2022-08-27,21.7,16.7,59.0,78.24612448940975,48.533871765111684,1132.7397260273972,99.79211851787201,53.025713188088055,18.537850529004952,32.60387551059025,0.8056953040959978,109955.47945205479,5,1,0
2022-08-28,22.1,4.2,54.0,80.04052207455393,73.14531261722829,1132.876712328767,60.60671322615769,35.200594932980664,22.011297987528334,31.009477925446067,1.804584020625422,109965.75342465754,6,1,0
2022-08-29,22.1,17.3,69.0,81.7947417126256,82.62693704279835,1133.013698630137,103.02895698251524,36.11997862876693,18.00204389631434,29.255258287374406,0.3769596598739877,109976.02739726027,0,1,0
2022-08-30,22.7,9.3,77.0,85.00321774494363,52.89697533934503,1133.150684931507,112.01291484194329,57.66947242938599,27.574552780134123,26.346782255056375,1.0763422992564387,109986.30136986301,1,1,0
2022-08-31,22.3,5.2,71.0,75.78688010348804,64.57571129159133,1133.2876712328766,111.00615844081884,66.81631825208561,13.139925574867913,35.363119896511954,2.1351320639502167,109996.57534246575,2,1,0
2022-09-01,21.9,12.5,91.0,79.46908283392611,88.77636645104509,1133.4246575342465,129.10946142333282,86.73454527524432,22.77526083530967,31.48091716607389,0.98237931054186,110006.8493150685,3,1,0
2022-09-02,22.7,1.4,95.0,66.50229634527236,56.66208702753639,1133.5616438356165,139.87054808656666,83.10549102297786,19.464793025340917,44.847703654727646,1.5186289132854738,110017.12328767125,4,1,0
2022-09-03,23.0,1.6,83.0,74.38846840375462,69.75231724618806,1133.6986301369864,141.02094342883012,70.69340822801735,23.525773496651038,37.111531596245385,1.3090562649391217,110027.39726027397,5,1,0
2022-09-04,23.1,11.8,83.0,69.63060336685521,44.509785010012216,1133.8356164383563,115.76471525523564,70.19639648385966,24.668693913668285,41.919396633144785,1.6502836746689082,110037.6712328767,6,1,0
2022-09-05,22.6,5.8,68.0,71.58048588257138,70.30075012397216,1133.972602739726,69.86845798522641,48.8388125323922,20.9705074611326,39.719514117428616,2.434946534530468,110047.94520547945,0,1,0
2022-09-06,22.0,12.7,67.0,86.80207328072149,44.481588665230895,1134.109589041096,135.4916780841084,52.299397064463804,20.409416764435672,24.197926719278513,0.23376526360336508,110058.2191780822,1,1,0
2022-09-07,21.8,8.1,57.0,85.12900079325416,87.9617717661911,1134.2465753424658,113.12908157380973,62.29069525826331,12.462233345941357,25.770999206745834,1.4775076420039113,110068.49315068492,2,1,0
2022-09-08,21.1,7.3,35.0,84.02728780892483,75.78313260361557,1134.3835616438355,26.654746097887628,18.574419942081235,9.548795777933922,26.522712191075176,2.1712690702006836,110078.76712328767,3,0,0
2022-09-09,22.0,3.0,29.0,75.21511928435393,79.40798940678532,1134.5205479452054,57.29415610490389,39.34778790709852,1.2127666569712563,35.78488071564607,1.2553185081962261,110089.04109589041,4,0,0
2022-09-10,21.9,8.9,26.0,82.9114432192901,75.20521803858185,1134.6575342465753,28.940504588973138,17.579718455079416,14.616144875661252,28.038556780709893,0.28846524625977477,110099.31506849316,5,0,0
2022-09-11,22.5,2.6,26.0,79.98198730454716,69.48645180382329,1134.7945205479452,44.26974430662119,34.054321090950786,6.281869635509995,31.26801269545284,1.4452944458002501,110109.58904109588,6,0,0
2022-09-12,22.5,0.8,26.0,73.30817655403729,62.49563905427527,1134.9315068493152,44.884482580269875,6.731849905024617,5.355569404781544,37.94182344596271,0.896977337977169,110119.86301369863,0,0,0
2022-09-13,22.2,1.2,33.0,86.46699150883575,82.91866898805313,1135.0684931506848,44.81184399367356,32.25904201164649,17.844701642220414,24.633008491164254,0.47186028481104614,110130.13698630137,1,0,0
2022-09-14,22.1,1.2,41.0,82.93681145287836,87.84178337715315,1135.2054794520548,45.82468668827207,25.432298640523783,6.088767332253853,28.11318854712164,2.137682831880335,110140.41095890412,2,0,0
2022-09-15,22.0,0.8,50.0,76.7951791308517,64.95180864520407,1135.3424657534247,61.18917895367481,25.847328080758125,9.372064429840155,34.20482086914831,1.351838831178692,110150.68493150684,3,0,0
2022-09-16,22.3,0.1,48.0,77.78442919497265,86.57675245776309,1135.4794520547946,53.67616169037515,40.58534042410946,8.918898375657173,33.36557080502735,2.33986338970976,110160.95890410959,4,0,0
2022-09-17,22.4,0.4,51.0,78.69191403973777,69.16664549942587,1135.6164383561643,59.863555835391104,50.89471788595969,14.96064309150259,32.508085960262235,2.0344396110473655,110171.23287671233,5,1,0
2022-09-18,22.6,0.4,51.0,67.44132565787855,66.91920934482167,1135.7534246575342,75.15643419901289,32.35058561406504,17.458158148187984,43.858674342121446,1.7631323050568017,110181.50684931508,6,1,0
2022-09-19,22.1,0.4,53.0,76.31411308739702,62.724136647767835,1135.890410958904,65.18480021778497,27.409840395415994,19.598377340589167,34.73588691260298,0.11206120807674864,110191.7808219178,0,1,0
2022-09-20,21.7,0.1,55.0,73.89007876001101,50.46438807650599,1136.027397260274,96.14104131425239,43.08155235665045,29.359976587474844,36.959921239988994,1.1267762959318,110202.05479452055,1,1,0
2022-09-21,21.9,0.9,61.0,72.39189995052543,40.18598304090296,1136.1643835616437,121.24492310671855,47.92564671222819,7.052837728996181,38.558100049474575,0.5739670759648775,110212.32876712328,2,1,0
2022-09-22,21.9,0.0,67.0,75.24449853557023,52.07531134280306,1136.3013698630136,88.89893517259914,59.08319627554499,23.143677945622084,35.70550146442977,2.2859149865172825,110222.60273972603,3,1,0
2022-09-23,22.0,0.4,68.0,85.78843263424761,65.48615858017826,1136.4383561643835,106.78809001070753,63.89594571364489,17.614347137138843,25.211567365752387,0.5190015632232646,110232.87671232875,4,1,0
2022-09-24,22.3,1.6,62.0,80.90421430633505,58.99799761298763,1136.5753424657535,102.99370220605867,49.00584818727506,15.66792425555613,30.24578569366495,0.7865441239822851,110243.1506849315,5,1,0
2022-09-25,22.6,0.6,57.0,74.59410505108602,62.42426140013169,1136.7123287671234,94.9400454183855,64.15503314794263,14.00113935873061,36.70589494891398,1.3404082425627981,110253.42465753425,6,1,0
2022-09-26,22.3,3.0,70.0,80.86291390678079,89.03241097820248,1136.849315068493,106.51910535832175,58.24234744535292,16.456151645960134,30.28708609321921,0.7320726855953902,110263.69863013699,0,1,0
2022-09-27,23.0,1.2,80.0,83.59677718293,57.51361853346638,1136.986301369863,134.85364836719444,60.535734939931004,32.422624173017255,27.903222817070002,0.6036752254698907,110273.97260273971,1,1,0
2022-09-28,23.5,0.3,73.0,81.12316841456385,62.60914696800539,1137.123287671233,119.14497905361314,42.28432640897172,26.11148663506951,30.62683158543615,1.5378383802466058,110284.24657534246,2,1,0
2022-09-29,22.8,0.0,69.0,76.84815184960087,46.67577756764098,1137.2602739726028,78.74675155345405,52.573404796838325,20.815979892786874,34.55184815039913,0.3134308546120573,110294.52054794521,3,1,0
2022-09-30,21.2,8.1,64.0,77.61531611147213,42.39788662184938,1137.3972602739725,113.38312128778546,47.83613054588864,25.955078762435,32.984683888527876,0.23960262093021933,110304.79452054795,4,1,0
2022-10-01,20.6,6.0,54.0,83.79111656806795,78.77047572962474,1137.5342465753424,98.74581674533485,52.8030479628147,8.637355173505622,26.508883431932052,0.9933887084465713,110315.06849315068,5,1,0
2022-10-02,22.0,0.9,53.0,79.76742692710874,68.53415875359893,1137.6712328767123,64.23427791642837,47.02483624066855,9.246474343345367,31.232573072891256,1.8295946908188696,110325.34246575342,6,1,0
2022-10-03,22.4,0.7,63.0,81.67596610013865,78.03524030219475,1137.8082191780823,95.25875670895203,38.60630878367383,8.01016133902656,29.524033899861347,1.4315362198574753,110335.61643835617,0,1,0
2022-10-04,22.3,0.2,74.0,79.57585900840984,47.49313994432758,1137.945205479452,124.66657985622139,60.92254386411038,18.70292729938356,31.574140991590163,1.1149035243202692,110345.8904109589,1,1,0
2022-10-05,22.6,1.2,80.0,81.84776357659666,68.59143855913455,1138.0821917808219,115.81372360841277,70.71531171729053,24.808492633523766,29.45223642340334,1.4578037541389979,110356.16438356164,2,1,0
2022-10-06,21.5,5.5,76.0,76.27382394219717,52.68212371706878,1138.2191780821918,135.45956095532023,76.08031359387833,23.314292889661672,34.47617605780283,0.9770835631678566,110366.43835616438,3,1,0
2022-10-07,21.8,1.1,67.0,83.78697032817163,51.403090845000996,1138.3561643835617,147.7774498923872,62.475039674140596,20.8467095552994,27.113029671828365,2.346751205037071,110376.71232876713,4,1,0
2022-10-08,22.1,0.1,62.0,77.937998023462,40.57630070264926,1138.4931506849316,77.28027934730035,57.20846654311478,11.54471584466959,33.112001976538,0.2317717381858584,110386.98630136986,5,1,0
2022-10-09,21.6,15.9,79.0,94.37630436312632,46.517036178453594,1138.6301369863013,90.8791079369245,63.80085994615164,27.71577371307011,16.423695636873678,1.7161395496716045,110397.2602739726,6,1,0
2022-10-10,21.9,9.7,76.0,77.60406090955216,55.46340557498477,1138.7671232876712,120.07637191209751,64.68312005423451,23.99813759119499,33.34593909044784,2.2390783955866014,110407.53424657533,0,1,0
2022-10-11,22.1,6.5,70.0,88.42981901582624,45.843938029546955,1138.9041095890411,119.43125010252287,68.49504900706158,24.665271407329993,22.62018098417376,2.029323300964608,110417.80821917808,1,1,0
2022-10-12,21.4,23.6,90.0,88.28955391731324,89.29292202054688,1139.041095890411,130.38267252310462,58.6722260252035,17.53618911204974,22.410446082686757,0.5416984835714722,110428.08219178082,2,1,0
2022-10-13,21.8,21.9,85.0,83.44290998192776,55.43163242619753,1139.1780821917807,156.5652132664207,64.50560672783044,27.05745429398895,27.457090018072243,0.810223237552692,110438.35616438356,3,1,0
2022-10-14,21.9,8.2,79.0,77.73057082972838,46.51619733511641,1139.3150684931506,91.72788400553503,55.47431251243759,17.761173800412365,33.219429170271624,1.8209150528970512,110448.63013698629,4,1,0
2022-10-15,22.3,7.8,69.0,78.8482634590284,49.95411564139789,1139.4520547945206,117.35837246063222,58.991531187261245,18.71338373724319,32.301736540971596,0.3022493420338373,110458.90410958904,5,1,0
2022-10-16,22.0,17.1,60.0,87.67082973200958,69.38516141707382,1139.5890410958905,77.88278358482214,60.302221756507876,20.671824493181916,23.32917026799042,2.0484680795982015,110469.17808219178,6,1,0
2022-10-17,22.3,2.7,62.0,80.8641774401775,43.202176193239424,1139.7260273972602,127.38755812414593,43.63025713278926,19.055468031279563,30.2858225598225,1.8253766670514968,110479.45205479451,0,1,0
2022-10-18,21.9,2.9,65.0,75.33149998030711,83.12170650705784,1139.86301369863,137.35030706336238,28.09695632530562,15.242300101103407,35.61850001969289,1.8510559581648223,110489.72602739726,1,1,0
2022-10-19,21.9,6.5,80.0,79.12822703869509,88.07498396185736,1140.0,104.66686824433305,59.8777925497553,24.03136578092209,31.821772961304912,0.3405792886422193,110500.0,2,1,0
2022-10-20,21.6,10.7,80.0,92.06135179305932,52.337371033369045,1140.13698630137,109.0088572818284,73.13473732017407,16.342323423781785,18.738648206940685,1.822625307558954,110510.27397260274,3,1,0
2022-10-21,21.6,2.7,73.0,86.33771585050354,62.50476342954297,1140.2739726027398,126.69175773959604,63.7762990294988,27.65133697949148,24.46228414949646,1.731563500527928,110520.54794520549,4,1,0
2022-10-22,21.5,0.0,89.0,77.73161834837016,41.10672255147485,1140.4109589041095,125.7573870042097,75.48186247810577,25.673579902518743,33.01838165162984,2.094213977972441,110530.82191780822,5,1,0
2022-10-23,20.4,0.0,101.0,75.14001739084101,72.03551123636107,1140.5479452054794,150.59177564135524,78.00006698125522,35.89274972127663,35.05998260915899,0.1998302950155268,110541.09589041096,6,2,0
2022-10-24,19.5,0.0,99.0,75.65015663359131,60.69630290262944,1140.6849315068494,149.0077684108482,66.40969263780214,27.067341564519783,34.09984336640869,0.15546560432270126,110551.3698630137,0,1,0
2022-10-25,19.7,0.0,95.0,78.31758986365209,53.502923305077786,1140.8219178082193,104.10653687604687,81.15294321624468,25.882120057967086,31.532410136347913,0.9952170397085457,110561.64383561644,1,1,0
2022-10-26,20.1,0.0,139.0,67.93603717400796,50.34185553083042,1140.958904109589,208.22324507811524,102.85718189965375,37.879066066810765,42.11396282599203,0.45709188123796696,110571.91780821918,2,2,0
2022-10-27,20.7,0.0,119.0,72.76311731288327,72.70115388293803,1141.0958904109589,164.70544451871652,117.04096733380456,40.080869658465375,37.586882687116734,1.4401227461685326,110582.19178082192,3,2,0
2022-10-28,20.9,0.3,85.0,67.55707963061207,60.81085155161573,1141.2328767123288,117.63754355200456,73.70507208354516,21.952844213357622,42.89292036938794,2.301637363616197,110592.46575342467,4,1,0
2022-10-29,21.6,1.0,70.0,78.99611561302639,48.982964451495604,1141.3698630136987,133.87264006937627,50.19351697446049,24.222977162075882,31.80388438697361,1.0395513528016378,110602.7397260274,5,1,0
2022-10-30,21.4,1.5,80.0,79.9859796985137,74.4554540743412,1141.5068493150684,94.86986211441487,57.88614752611372,22.08773801165355,30.714020301486297,2.12788090545425,110613.01369863014,6,1,0
2022-10-31,21.3,0.0,107.0,72.23406768850313,68.25361415183468,1141.6438356164383,176.76410373495955,84.67055793386413,22.220183500541903,38.41593231149687,0.10057809884287955,110623.28767123287,0,2,0
2022-11-01,20.1,14.0,105.0,89.61993381645016,82.9336027464748,1141.7808219178082,151.92074139336384,81.60498077978251,28.64842966106767,20.430066183549844,0.5044351443020421,110633.56164383562,1,2,0
2022-11-02,19.8,9.9,64.0,75.6211716849883,45.87379494382465,1141.9178082191781,90.40479663008331,62.36833775529955,13.304458928185758,34.2788283150117,0.1730164951698055,110643.83561643836,2,1,0
2022-11-03,21.3,0.3,59.0,69.8781255989509,79.2833300972228,1142.054794520548,104.30743792103422,49.06416169744047,17.869513618411688,40.7718744010491,0.8875532332361646,110654.1095890411,3,1,0
2022-11-04,21.9,1.3,59.0,78.82225909279987,73.67583934086295,1142.1917808219177,95.3010258913778,39.88368261091472,11.747961321627548,32.127740907200135,2.279655029671607,110664.38356164383,4,1,0
2022-11-05,21.9,0.5,54.0,82.78549151306078,45.75054684140489,1142.3287671232877,92.41225994439063,62.104406851557826,20.829875503573085,28.164508486939223,0.3326850966375706,110674.65753424658,5,1,0
2022-11-06,21.4,0.4,72.0,85.01963845728935,74.74103649358604,1142.4657534246576,127.36369321065722,58.09308331520223,21.144620698234863,25.680361542710653,1.555383464185121,110684.93150684932,6,1,0
2022-11-07,21.0,0.0,89.0,73.2555786856553,62.07736444399152,1142.6027397260273,126.87383233633355,78.88839675968897,25.812020026206305,37.244421314344706,1.183590253886666,110695.20547945205,0,1,0
2022-11-08,21.4,0.0,91.0,80.84340416715648,87.24923927779216,1142.7397260273972,124.25526530984499,66.7177349255524,30.579460688937914,29.85659583284352,2.35232370967795,110705.47945205479,1,1,0
2022-11-09,21.0,0.0,98.0,74.90745765249646,47.08056753089497,1142.876712328767,125.29698946884403,82.03115627744523,34.21953467037931,35.59254234750354,0.3940459420890252,110715.75342465754,2,1,0
2022-11-10,21.2,0.3,99.0,74.3368635002959,72.14166954078689,1143.013698630137,131.99178940042088,82.31109991143195,29.59950624115174,36.263136499704096,0.6088668412053494,110726.02739726027,3,1,0
2022-11-11,19.4,20.5,94.0,89.96829968743336,59.0990022731473,1143.150684931507,199.9818885061745,56.303507079038475,24.343998502253548,19.73170031256664,0.17090072466758388,110736.30136986301,4,1,0
2022-11-12,20.5,3.0,95.0,80.0116143920671,87.84073352954388,1143.2876712328766,167.39359161473573,96.15275110460641,19.630151919439353,30.238385607932898,1.141444599115297,110746.57534246575,5,1,0
2022-11-13,21.0,2.0,55.0,70.36803921507875,56.49874476451382,1143.4246575342465,55.478512675839575,56.906444609225474,13.0697512148241,40.13196078492125,0.7667989589551703,110756.8493150685,6,1,0
2022-11-14,21.4,1.5,50.0,85.63270174862947,88.10929547459,1143.5616438356165,48.5508408651286,36.02804683854012,11.913938766760193,25.067298251370527,2.1877742413367702,110767.12328767125,0,0,0
2022-11-15,21.4,1.5,75.0,83.90045677073726,85.07429255503746,1143.6986301369864,122.13732123436984,48.977302595441444,23.035287264961482,26.799543229262735,1.5518579516746123,110777.39726027397,1,1,0
2022-11-16,21.7,0.0,106.0,71.57218649245236,53.519161765532814,1143.8356164383563,169.94529594755934,88.27561613803553,30.07426559430986,39.27781350754764,1.573817771141684,110787.6712328767,2,2,0
2022-11-17,19.9,0.0,126.0,75.67901766718705,80.17708884132139,1143.972602739726,199.9776767063473,101.66697699414398,41.239664860257136,34.27098233281295,1.376585672515126,110797.94520547945,3,2,0
2022-11-18,19.1,0.0,127.0,76.1201509314137,89.7802100901753,1144.109589041096,185.40088412892604,105.1566894856323,35.03508364364655,33.42984906858629,0.3204408093500824,110808.2191780822,4,2,0
2022-11-19,18.9,0.0,116.0,75.50336882911954,52.63315010856412,1144.2465753424658,171.490914799942,94.71577396194091,34.51479416573529,33.946631170880465,1.1680448409408526,110818.49315068492,5,2,0
2022-11-20,18.6,0.0,128.0,70.8484742307729,61.83885846616599,1144.3835616438355,198.55759048318714,107.46240989305926,44.319937215984446,38.4515257692271,2.4988124553004396,110828.76712328767,6,2,0
2022-11-21,19.3,0.1,130.0,70.19188316030974,66.00903682833798,1144.5205479452054,196.71786012586662,118.47305699391806,40.70912606977483,39.458116839690256,2.1045502980304356,110839.04109589041,0,2,0
2022-11-22,20.0,1.8,114.0,75.07222964504278,54.74655679019322,1144.6575342465753,126.6139925450493,96.88103205128647,33.899812291557176,34.92777035495722,2.2443017300010784,110849.31506849316,1,2,0
2022-11-23,20.4,8.3,93.0,85.36364509629682,40.76324198230149,1144.7945205479452,134.90400738849613,63.9034450109006,24.890277790324113,24.836354903703178,2.0757432621915988,110859.58904109588,2,1,0
2022-11-24,21.2,3.7,90.0,80.06800077297216,51.00646220987633,1144.9315068493152,117.97187131479373,85.62562852712452,23.833843016425114,30.531999227027846,0.34730006423435844,110869.86301369863,3,1,0
2022-11-25,21.7,0.4,78.0,74.44692833956947,54.09684421708792,1145.0684931506848,120.50422837817024,78.80614563488288,19.14693373524026,36.403071660430534,0.6458758097555191,110880.13698630137,4,1,0
2022-11-26,21.6,0.0,68.0,80.45849355324172,62.17998506590936,1145.2054794520548,161.70518005206821,85.92056734512086,17.6949656710855,30.341506446758277,0.10749196325538311,110890.41095890412,5,1,0
2022-11-27,22.1,0.8,84.0,61.957286896849624,48.55512392067009,1145.3424657534247,133.34963330948608,55.965059667604024,28.97832919372157,49.09271310315037,0.8284242997074674,110900.68493150684,6,1,0
2022-11-28,22.3,0.9,113.0,80.54382850186052,83.66271783458363,1145.4794520547946,163.22940627655206,92.82882013150275,32.79055864353865,30.60617149813948,0.36065776563158214,110910.95890410959,0,2,0
2022-11-29,22.0,0.1,144.0,64.1514311061095,75.2455566365668,1145.6164383561643,234.43603003954505,94.37901296811013,36.45113465309384,46.8485688938905,1.2347040287237994,110921.23287671233,1,2,0
2022-11-30,20.1,0.0,141.0,71.13779529298434,44.2600238779831,1145.7534246575342,221.15375774418425,118.3314915637921,51.140846465298914,38.91220470701566,1.7251059725773648,110931.50684931508,2,2,0
2022-12-01,21.0,0.7,103.0,69.60165052686926,72.50462255699657,1145.890410958904,162.90188980903682,76.91799701833227,32.49982595572581,40.898349473130736,2.198812708091385,110941.7808219178,3,2,0
2022-12-02,22.3,0.0,88.0,69.12659262139546,72.68282382028102,1146.027397260274,144.13701186431342,89.63445794824953,19.36528299743415,42.02340737860454,1.8981211962181557,110952.05479452055,4,1,0
2022-12-03,22.2,0.3,64.0,82.7541339368926,87.81105868218138,1146.1643835616437,137.13087129659084,43.453850299814185,16.99075536379588,28.3458660631074,2.3526054298684125,110962.32876712328,5,1,0
2022-12-04,22.6,0.0,64.0,74.46149399344054,40.15104356780806,1146.3013698630136,73.38223129348168,34.30816962032739,19.75443191414209,36.838506006559456,0.22935589694509312,110972.60273972603,6,1,0
2022-12-05,21.7,0.0,97.0,76.88251940865358,52.39662249029036,1146.4383561643835,154.97264153622908,72.88736259297481,37.62296046648689,33.96748059134642,0.12923160499969946,110982.87671232875,0,1,0
2022-12-06,21.9,0.0,107.0,74.41539710560409,86.38957396876577,1146.5753424657535,141.97237740036923,65.84512228782863,26.559437708705655,36.53460289439592,1.6872114732069103,110993.1506849315,1,2,0
2022-12-07,20.5,0.0,132.0,75.78520413611561,86.60669576991415,1146.7123287671234,209.11025292684496,113.11099454507311,44.48020359677973,34.46479586388439,0.7944457845333909,111003.42465753425,2,2,0
2022-12-08,20.6,0.2,131.0,73.93410945530127,76.02932096853186,1146.849315068493,178.1262697702781,84.1491695374368,46.297432134861715,36.36589054469873,0.7084024386538554,111013.69863013699,3,2,0
2022-12-09,18.0,3.4,113.0,69.63503887905715,78.288166052377,1146.986301369863,161.1526637278983,90.68457581183159,30.75672847462715,39.36496112094285,0.8941290104651062,111023.97260273971,4,2,0
2022-12-10,17.7,32.5,87.0,96.88133409723571,44.57414789648236,1147.123287671233,124.59820171524187,48.82188180143804,24.712431905698832,11.968665902764291,0.747510538941674,111034.24657534246,5,1,0
2022-12-11,19.5,4.5,58.0,76.88121708419344,65.69379173891168,1147.2602739726028,106.51633438689419,43.197021954633584,12.218453763131148,32.86878291580656,1.3274473751238094,111044.52054794521,6,1,0
2022-12-12,20.6,4.0,62.0,71.11709050670125,51.57914956444997,1147.3972602739725,111.36908887884827,66.03378155804535,17.582694294598472,39.18290949329875,1.156356273337918,111054.79452054795,0,1,0
2022-12-13,20.7,7.0,54.0,78.65942419517043,49.06090218068086,1147.5342465753424,56.08565247107231,46.80647891435795,16.017050128285344,31.69057580482957,1.3298285233039753,111065.06849315068,1,1,0
2022-12-14,20.6,0.1,35.0,85.80379895317155,80.51516495616663,1147.6712328767123,53.598682219996974,19.36506395035066,13.798249990411852,24.49620104682845,1.714512667601047,111075.34246575342,2,0,0
2022-12-15,20.0,0.0,16.0,83.45110871056747,46.75190683402737,1147.8082191780823,9.808402905016548,12.487965110609162,10.250917355102235,26.548891289432532,1.029113221530756,111085.61643835617,3,0,0
2022-12-16,19.8,0.0,56.0,75.4567393279607,63.43258184981926,1147.945205479452,58.82990178649331,44.98016872044447,13.059519676891766,34.443260672039294,0.7031384491411763,111095.8904109589,4,1,0
2022-12-17,20.1,0.0,90.0,73.75371147840785,86.92891197930166,1148.0821917808219,130.6596589915126,76.72630345843406,17.163374678870028,36.296288521592146,0.4988812883409891,111106.16438356164,5,1,0
2022-12-18,20.6,0.0,119.0,72.44182474391309,49.291602778267126,1148.2191780821918,172.3303442308836,81.53141636719174,35.59377610361879,37.85817525608691,0.9387378868783012,111116.43835616438,6,2,0
2022-12-19,19.9,0.1,118.0,84.5337399178042,88.89967118691173,1148.3561643835617,225.53432972691044,100.32567273847332,36.8676876498432,25.4162600821958,1.8803355405908129,111126.71232876713,0,2,0
2022-12-20,19.8,0.0,95.0,77.15967726115777,89.71439928805296,1148.4931506849316,151.15919650721392,48.95608368397225,29.74708843842521,32.74032273884223,1.916091784267527,111136.98630136986,1,1,0
2022-12-21,19.3,0.0,83.0,78.00020823595534,67.78085773412015,1148.6301369863013,96.94764998491526,60.1011544763619,23.266633762454777,31.649791764044657,1.7005729280421047,111147.2602739726,2,1,0
2022-12-22,19.2,0.0,89.0,80.70141727015921,48.507137008857896,1148.7671232876712,122.20451991658115,66.31726157548455,27.323760498319672,28.89858272984079,0.661667620736499,111157.53424657533,3,1,0
2022-12-23,19.3,0.0,118.0,75.29394579513256,55.80524439704478,1148.9041095890411,197.42766590858798,100.73326826071239,42.97722404176124,34.35605420486744,1.5114069900512745,111167.80821917808,4,2,0
2022-12-24,19.3,0.0,112.0,73.10478927089649,61.22464163382676,1149.041095890411,209.7688554573985,89.8263085267687,35.50867084481255,36.54521072910351,1.4696551877844353,111178.08219178082,5,2,0
2022-12-25,20.2,1.5,117.0,73.91825075457511,55.466211217911145,1149.1780821917807,143.78033375524083,79.54436946143714,33.23315787498458,36.18174924542489,1.2622388754633411,111188.35616438356,6,2,0
2022-12-26,21.6,0.8,70.0,76.54199370292969,54.03177899382579,1149.3150684931506,67.4015122972191,46.15006874182985,18.49901091452002,34.25800629707031,1.419949567321274,111198.63013698629,0,1,0
2022-12-27,21.7,1.4,47.0,78.1638888174508,88.61148546081787,1149.4520547945206,107.91930350743564,39.58680009547407,13.250738211611345,32.686111182549205,1.2802975182968035,111208.90410958904,1,0,0
2022-12-28,22.0,0.0,57.0,80.7881477181849,47.668241370787285,1149.5890410958905,93.29228354741808,44.80932658135444,25.283699809153198,30.211852281815098,1.4570952785778597,111219.17808219178,2,1,0
2022-12-29,21.0,0.0,74.0,76.5597294290365,76.66639543584311,1149.7260273972602,93.63414536247268,53.408758903642536,21.283496452369015,33.940270570963506,1.817214291090709,111229.45205479451,3,1,0
2022-12-30,20.7,0.0,75.0,79.91320038607789,40.02051447195874,1149.86301369863,123.19258172244871,55.19166210488021,22.40102827739646,30.436799613922112,0.3631076665682553,111239.72602739725,4,1,0
2022-12-31,20.3,0.0,93.0,74.94641709945708,69.80913347011884,1150.0,86.78504521966244,81.36167997159289,25.488432145318484,35.20358290054292,1.899101805157657,111250.0,5,1,0
2023-01-01,20.7,0.0,113.0,74.74317595158044,85.79715019770262,1150.13698630137,169.5675101319432,85.22307427130787,39.39491678720982,35.60682404841956,0.4261267603062261,111260.27397260274,6,2,0
2023-01-02,20.5,0.0,101.0,64.95899657733946,54.39670470466095,1150.2739726027398,158.0564234568617,79.91908755970928,40.099186273723376,45.29100342266054,0.25990719618489927,111270.54794520549,0,2,0
2023-01-03,20.0,0.0,88.0,80.1816383735124,49.27629876288596,1150.4109589041095,150.4854027907566,92.09936588080544,28.65306524715694,29.8183616264876,2.442591246931522,111280.82191780822,1,1,0
2023-01-04,20.4,0.0,85.0,77.48244237948997,72.58398974392135,1150.5479452054794,107.22208095414925,53.76317363116077,25.913864518927127,32.717557620510036,2.3967802452890594,111291.09589041096,2,1,0
2023-01-05,20.0,0.1,84.0,80.84005054929825,75.63007036491966,1150.6849315068494,127.71374322806719,48.68157268425342,25.38391416587117,29.159949450701745,0.24504770785735372,111301.3698630137,3,1,0
2023-01-06,19.8,0.0,92.0,60.91872310903156,74.40152594759907,1150.8219178082193,119.49150747880824,81.43589664798607,15.678466056071269,48.98127689096844,1.1638082595399093,111311.64383561644,4,1,0
2023-01-07,20.3,0.0,97.0,85.59187352390364,55.9658440010687,1150.958904109589,150.60767511348635,70.81356938705898,32.825754321424085,24.558126476096355,0.5469878519194593,111321.91780821918,5,1,0
2023-01-08,20.3,0.0,140.0,72.30205185922414,52.610120107966544,1151.0958904109589,192.09307355273953,108.8176247225738,42.67083207997922,37.84794814077586,1.2648277531226035,111332.19178082192,6,2,0
2023-01-09,19.0,0.0,148.0,78.14091408368758,87.79593999810221,1151.2328767123288,213.83798321679558,110.58843621868887,46.54171025330362,31.359085916312424,2.09242538319901,111342.46575342467,0,2,0
2023-01-10,18.4,0.0,107.0,69.45047036437235,86.16497541349648,1151.3698630136987,140.58369210419542,83.00199859232488,28.542689029581478,39.74952963562765,2.381468259382937,111352.7397260274,1,2,0
2023-01-11,18.7,0.0,93.0,78.41386952531285,62.86583049464102,1151.5068493150684,152.52272483647315,90.38538112096342,25.97771560511454,30.936130474687154,1.6222063682836898,111363.01369863014,2,1,0
2023-01-12,19.7,0.0,90.0,70.23292218413172,82.30969330771867,1151.6438356164383,152.1690223331333,80.0212845861812,24.944875317484136,39.61707781586828,0.9493736013083609,111373.28767123287,3,1,0
2023-01-13,19.7,0.0,99.0,71.93115519652098,62.6161738817148,1151.7808219178082,143.80758860085172,87.82223511886977,34.80811492036519,37.918844803479026,1.5479813575470363,111383.56164383562,4,1,0
2023-01-14,19.9,0.0,96.0,84.77015676933394,61.21945090362552,1151.9178082191781,144.76475989920056,62.63772944207356,26.90620081698453,25.179843230666062,0.8488031346602808,111393.83561643836,5,1,0
2023-01-15,19.7,0.0,98.0,74.14658799618326,47.83814737996473,1152.054794520548,118.02817170732912,66.88846263447131,39.81330161054899,35.703412003816744,2.283576737996945,111404.1095890411,6,1,0
2023-01-16,20.1,0.0,93.0,76.43716436589861,61.32030282459864,1152.1917808219177,133.50646703986425,46.009213405145736,30.054312095075186,33.61283563410139,2.1889611114540086,111414.38356164383,0,1,0
2023-01-17,20.0,0.0,88.0,79.95033865344377,66.87084692999035,1152.3287671232877,130.9959076591651,62.306191789172466,20.02158670002134,30.049661346556235,1.4397562006711864,111424.65753424658,1,1,0
2023-01-18,19.3,0.0,79.0,78.52840943986303,41.12521637143432,1152.4657534246576,170.9158618205995,72.76703186385659,23.057268533740213,31.121590560136973,0.8795173969128652,111434.93150684932,2,1,0
2023-01-19,19.4,0.0,87.0,76.40209452571789,62.20565025877032,1152.6027397260273,108.26065948451674,74.76946515748372,22.84162438921792,33.29790547428212,0.804135221399148,111445.20547945205,3,1,0
2023-01-20,19.4,0.0,94.0,77.12480501233112,79.06781091976,1152.7397260273972,170.28354477504874,72.98486737047877,17.22808765089988,32.57519498766888,0.1802031872921427,111455.47945205479,4,1,0
2023-01-21,21.0,0.0,103.0,86.86707792619137,74.0023028187135,1152.876712328767,174.43717546931617,82.17699716281948,38.89735470056895,23.63292207380863,2.0579700424607084,111465.75342465754,5,2,0
2023-01-22,20.2,0.0,88.0,75.31190601483206,71.75784944319675,1153.013698630137,137.61272808980272,63.51114457424595,29.915712711100017,34.78809398516794,1.1809197112936192,111476.02739726027,6,1,0
2023-01-23,20.4,0.0,90.0,76.50549523357483,85.47777142186013,1153.150684931507,170.17240968390269,74.04758882401784,29.666036589496564,33.69450476642517,0.8803190281606346,111486.30136986301,0,1,0
2023-01-24,21.9,0.0,90.0,80.75327198003806,40.9016004912615,1153.2876712328766,142.44210945213726,79.65878279480614,27.827018301498523,30.196728019961935,1.2306648519946093,111496.57534246575,1,1,0
2023-01-25,20.7,0.0,70.0,82.02762966478991,67.8523793096117,1153.4246575342465,112.78318391335857,39.84113212589527,14.089912156537812,28.32237033521009,2.0649711770911647,111506.8493150685,2,1,0
2023-01-26,20.4,0.0,87.0,81.58515152780191,79.36744242048536,1153.5616438356165,129.4375869396491,72.5964768783735,23.681914302222815,28.614848472198087,0.39907409849805087,111517.12328767125,3,1,0
2023-01-27,20.7,0.0,99.0,78.24365111014592,67.06676913506337,1153.6986301369864,172.97137764837254,88.52434870954667,33.90890387392006,32.10634888985408,2.1583743717803854,111527.39726027397,4,1,0
2023-01-28,20.1,0.0,95.0,69.53497543634758,56.19477762901896,1153.8356164383563,164.42938467621767,71.8489971103663,23.243899851087487,40.51502456365242,2.2540212042600496,111537.6712328767,5,1,0
2023-01-29,20.5,0.0,89.0,83.71715766150548,46.812528254598895,1153.972602739726,120.98645425007575,78.20700612120584,14.041153418745932,26.53284233849452,2.3720989960813315,111547.94520547945,6,1,0
2023-01-30,21.4,2.3,85.0,71.16827303490656,84.37815359080957,1154.109589041096,101.11505610802465,96.14654444472552,24.36446996109537,39.53172696509344,1.0539711818143067,111558.2191780822,0,1,0
2023-01-31,22.1,0.0,83.0,77.36317732619516,63.53811961938015,1154.2465753424658,120.44038725208686,65.35657207013108,24.191212229862305,33.68682267380484,0.6211369696904124,111568.49315068492,1,1,0
2023-02-01,21.7,0.0,110.0,70.72862074990321,83.90575984928506,1154.3835616438355,148.99922871204706,91.93307050005323,33.677817082073545,40.12137925009679,0.9967379643200763,111578.76712328767,2,2,0
2023-02-02,22.2,0.0,99.0,74.72930826703504,69.29260612165842,1154.5205479452054,147.22950850769288,71.81942916338609,33.34259321757268,36.370691732964964,0.8989890309553679,111589.04109589041,3,1,0
2023-02-03,21.5,0.0,78.0,77.7438120515174,73.70960583075004,1154.6575342465753,141.74876269368278,64.21251162602051,26.588029061156043,33.006187948482605,0.5227693900068642,111599.31506849316,4,1,0
2023-02-04,22.5,0.0,79.0,77.65678607725137,80.2130577189225,1154.7945205479452,109.3539668982642,67.80271624982304,24.993849026219607,33.59321392274863,1.557440008243571,111609.58904109588,5,1,0
2023-02-05,22.7,0.0,100.0,77.10960377117642,72.95777723000671,1154.9315068493152,149.1435323737685,81.94842340270138,35.97765694043355,34.24039622882358,1.2438979852207093,111619.86301369863,6,1,0
2023-02-06,22.1,0.0,99.0,83.11855634529323,59.902742033946886,1155.0684931506848,149.6604546961679,69.00304680291143,22.105151095933426,27.931443654706772,2.177682381577609,111630.13698630137,0,1,0
2023-02-07,22.5,0.0,141.0,75.2176715075699,65.68166919643255,1155.2054794520548,228.46861764410568,114.86361771325451,44.82290907238695,36.032328492430096,0.1770629931569398,111640.41095890412,1,2,0
2023-02-08,23.4,0.0,140.0,71.77921682354676,80.152276233794,1155.3424657534247,165.0622133203079,126.62195938717636,45.13269181668471,39.92078317645324,1.6452830261323033,111650.68493150684,2,2,0
2023-02-09,23.0,0.0,114.0,79.12043584144179,58.68251481864921,1155.4794520547946,158.86599410469407,95.68635764514528,28.002188569598797,32.37956415855821,1.9310773084277466,111660.95890410959,3,2,0
2023-02-10,22.7,0.0,98.0,81.0473524446232,59.406072838424855,1155.6164383561643,151.22567384558945,88.01987189071842,21.88564695658805,30.3026475553768,1.9227677660519369,111671.23287671233,4,1,0
2023-02-11,22.4,0.0,91.0,69.31196092431504,44.78450580290006,1155.7534246575342,160.50157912853723,70.42988029987372,23.570289367621996,41.88803907568496,2.2265775210292604,111681.50684931508,5,1,0
2023-02-12,23.0,0.0,94.0,78.28700034924928,85.72922176108739,1155.890410958904,131.1619510498759,82.69900239423711,24.89229278742354,33.21299965075072,1.8496809827907859,111691.7808219178,6,1,0
2023-02-13,23.0,0.0,144.0,76.3058637115545,44.55181574727209,1156.027397260274,178.4689458791625,117.99267838216527,46.96709731751215,35.194136288445506,2.326744147954471,111702.05479452055,0,2,0
2023-02-14,22.5,0.0,123.0,72.36218248320003,72.4104588724278,1156.1643835616437,196.89422891932273,88.89089270312769,33.82730608154452,38.88781751679997,0.8983758395701394,111712.32876712328,1,2,0
2023-02-15,22.5,0.0,127.0,80.52853406655811,60.659723940139884,1156.3013698630136,177.7927522234874,104.78521004798876,33.81825740859398,30.72146593344189,1.3077026002037033,111722.60273972603,2,2,0
2023-02-16,22.8,0.0,106.0,73.94972206483737,60.28096951277212,1156.4383561643835,135.2066668181928,74.8830333655969,28.7418313165272,37.450277935162624,0.13379119187893762,111732.87671232875,3,2,0
2023-02-17,22.6,0.0,87.0,76.27788226735771,73.97759182863419,1156.5753424657535,118.01309220573552,63.27119725115209,31.693161670771055,35.022117732642286,0.11669820952789892,111743.1506849315,4,1,0
2023-02-18,22.6,0.0,106.0,73.83464087858066,43.354686631493934,1156.7123287671234,155.30949284688302,86.69328307292375,31.86521687188476,37.46535912141934,0.6763038890836477,111753.42465753425,5,2,0
2023-02-19,22.5,0.0,87.0,75.72789523790735,69.68528914757172,1156.849315068493,118.40510670923575,72.57244273380125,25.203744873215438,35.52210476209265,0.3419372731338046,111763.69863013699,6,1,0
2023-02-20,22.9,0.0,125.0,68.268624565524,78.60158929861774,1156.986301369863,143.3886788580186,88.10767534922871,36.949972506494746,43.18137543447601,0.7245072830458086,111773.97260273971,0,2,0
2023-02-21,23.4,0.0,122.0,66.69974558702853,81.41063789432971,1157.123287671233,200.94132393774265,108.13985771182877,43.060301671632615,45.00025441297147,0.5249039068681538,111784.24657534246,1,2,0
2023-02-22,23.5,0.0,124.0,81.77252531612486,48.526519469688765,1157.2602739726028,211.49750082557443,104.92006278300474,33.454141366983784,29.977474683875144,0.16844805961275577,111794.52054794521,2,2,0
2023-02-23,22.6,0.0,97.0,70.91519325840837,84.87095250390868,1157.3972602739725,158.53043982679011,70.55271564389118,35.67754145470052,40.38480674159163,2.2823299513745186,111804.79452054795,3,1,0
2023-02-24,22.5,0.0,86.0,70.74303825271846,72.8073045923721,1157.5342465753424,106.24628659150366,53.42415203550824,26.85248149460752,40.50696174728154,0.11973551533333966,111815.06849315068,4,1,0
2023-02-25,23.5,0.0,106.0,63.93304943198143,84.09274004103415,1157.6712328767123,154.97016932104964,83.3509542091857,30.99790309012326,47.81695056801857,1.866597146409005,111825.34246575342,5,2,0
2023-02-26,23.1,0.0,126.0,70.5051912615525,64.26403585550992,1157.8082191780823,188.86957369541085,96.3405628613884,50.30450248967141,41.0448087384475,0.4651549286068397,111835.61643835617,6,2,0
2023-02-27,21.7,0.0,108.0,67.9845510329625,67.1016672548601,1157.945205479452,173.9758877912382,87.53140457053023,27.121802551007015,42.8654489670375,2.28935109279904,111845.8904109589,0,2,0
2023-02-28,22.1,0.0,94.0,83.51007580068185,85.95191385143356,1158.0821917808219,154.36680977436163,71.56883338844433,26.431571202164967,27.539924199318154,2.242710255015726,111856.16438356164,1,1,0
2023-03-01,23.5,0.0,88.0,80.64908544671317,84.99547716773358,1158.2191780821918,117.31652402443008,50.32543139254991,20.237843804179995,31.100914553286827,1.6693627512862177,111866.43835616438,2,1,0
2023-03-02,22.6,0.0,97.0,71.70924827411139,62.408043668450105,1158.3561643835617,147.1399111282712,73.71653061698842,33.862309852680845,39.59075172588861,1.7133619595214524,111876.71232876713,3,1,0
2023-03-03,22.8,0.0,123.0,85.11217902672153,53.72063158178409,1158.4931506849316,193.64560809230483,95.34380888931688,45.3459446682584,26.287820973278464,0.11281394072725251,111886.98630136986,4,2,0
2023-03-04,23.5,0.0,98.0,80.00882743495796,59.65852172821321,1158.6301369863013,176.11644644293534,84.7366102477406,37.74961390702319,31.741172565042035,2.463691758672645,111897.2602739726,5,1,0
2023-03-05,23.9,0.0,86.0,74.07584308245688,59.38821642648749,1158.7671232876712,143.09013079649446,61.8180032538895,31.919743765730026,37.87415691754312,2.2067982485819546,111907.53424657533,6,1,0
2023-03-06,23.8,0.0,85.0,63.25297142563213,54.3433437491397,1158.9041095890411,143.28113374751038,84.78674673372566,24.51189766102017,48.647028574367866,2.248254941752221,111917.80821917808,0,1,0
2023-03-07,23.5,0.0,71.0,87.90471286295372,53.42898021664833,1159.041095890411,108.17653255858721,37.68359449348243,19.473795112550768,23.845287137046284,1.6821868889220928,111928.08219178082,1,1,0
2023-03-08,23.6,0.0,72.0,69.45213766618203,83.05314682398597,1159.1780821917807,136.20918290407008,70.71167497802625,13.244151137529673,42.34786233381797,0.9274886287708877,111938.35616438356,2,1,0
2023-03-09,23.3,0.0,89.0,67.32300626521554,43.49309603423308,1159.3150684931506,141.69525591918995,68.95681029121896,36.879367675908966,44.32699373478446,2.244756757817154,111948.63013698629,3,1,0
2023-03-10,23.1,0.0,100.0,80.1128521600482,73.88055910497971,1159.4520547945206,132.7782417965286,88.59584872343557,32.344890390742336,31.437147839951795,0.7996406275628616,111958.90410958904,4,1,0
2023-03-11,23.6,0.0,103.0,87.04876203169636,48.641002572822615,1159.5890410958905,182.5673994025038,83.19801484058733,28.440215475652582,24.751237968303645,1.4505077040212868,111969.17808219178,5,2,0
2023-03-12,23.4,0.0,98.0,82.02136409255259,57.22529466970316,1159.7260273972602,160.95806545078057,89.7955553602547,36.040284444934834,29.67863590744741,0.33935433362531775,111979.45205479451,6,1,0
2023-03-13,24.7,0.0,98.0,77.9195456002618,43.077151706741844,1159.86301369863,138.13911957743036,74.5263803544719,24.536177416199994,34.4304543997382,2.3126935123186003,111989.72602739725,0,1,0
2023-03-14,25.5,0.0,113.0,77.32377170832642,53.4986818427731,1160.0,159.91014065201514,79.41379574822189,35.93311017111337,35.42622829167358,0.43784909865091204,112000.0,1,2,0
2023-03-15,25.5,0.0,110.0,78.76707779390154,78.4210535558621,1160.13698630137,170.93151090281523,102.20504287271064,32.13685432854582,33.982922206098465,0.6397523337529774,112010.27397260274,2,2,0
2023-03-16,24.4,1.2,131.0,77.84464294893382,84.25076622736293,1160.2739726027398,205.76369590535168,103.6651935411786,42.4933856994015,34.35535705106618,1.439521979507716,112020.54794520549,3,2,0
2023-03-17,22.9,3.9,130.0,76.85595711984688,51.07635759511835,1160.4109589041095,198.94584531262413,106.2155847362421,38.68213230406939,34.594042880153125,1.9338232005111557,112030.82191780822,4,2,0
2023-03-18,23.1,12.4,97.0,81.8710055197594,63.17739196294609,1160.5479452054794,151.7261734688577,89.94751914044795,21.845360544443878,29.678994480240608,1.5864431342471175,112041.09589041096,5,1,0
2023-03-19,23.0,6.7,87.0,78.6870343605024,63.51620239686032,1160.6849315068494,164.4991474915276,59.28044757905566,26.477881863350188,32.812965639497605,0.6571213907203748,112051.3698630137,6,1,0
2023-03-20,23.7,0.0,84.0,72.03017705566661,83.6787652879867,1160.8219178082193,147.43086304469773,73.15490897639258,30.44432070937681,39.81982294433339,0.10226330206597681,112061.64383561644,0,1,0
2023-03-21,24.0,0.0,75.0,74.84662461566613,78.13995264379028,1160.958904109589,116.31271182530048,54.10105243537109,22.353917970730073,37.15337538433387,1.9171613927378541,112071.91780821918,1,1,0
2023-03-22,24.9,0.0,146.0,64.23521592902307,65.6538609184025,1161.0958904109589,237.82621161534968,115.47830644355629,47.675575607945426,48.21478407097693,2.464497582186625,112082.19178082192,2,2,0
2023-03-23,26.0,0.0,128.0,73.10830186602624,73.53736002358866,1161.2328767123288,171.34952192944922,103.1227896538429,33.17235257162973,39.89169813397376,2.043791488734617,112092.46575342467,3,2,0
2023-03-24,26.2,0.0,118.0,69.1570444642454,82.36775269546834,1161.3698630136987,184.95854099893617,79.39778138553065,35.26869603365074,43.9429555357546,1.2044958835758768,112102.7397260274,4,2,0
2023-03-25,24.7,1.3,90.0,70.63205341392116,40.47694770127725,1161.5068493150684,171.1861269946622,64.21162957179565,23.877447724557115,41.717946586078845,2.269041427357856,112113.01369863014,5,1,0
2023-03-26,25.8,0.4,147.0,73.7494707557674,60.14450155250243,1161.6438356164383,216.13908209215253,131.1107289241314,47.83490420052355,39.150529244232594,1.08363441548404,112123.28767123287,6,2,0
2023-03-27,26.9,0.0,152.0,79.360011431723,85.36215836385394,1161.7808219178082,211.0473214276183,130.46191188584797,45.75745781130998,34.08998856827701,1.3598418021843222,112133.56164383562,0,2,0
2023-03-28,27.1,0.0,179.0,75.64158303001156,77.01565154219756,1161.9178082191781,255.4582222281388,142.57360422672767,57.15036838168306,37.90841696998844,1.2451114417496398,112143.83561643836,1,2,0
2023-03-29,25.7,5.7,113.0,69.3474969818841,67.14206871670373,1162.054794520548,147.70733925315224,92.83123458512894,39.33855213078933,43.502503018115895,1.1742972943972598,112154.1095890411,2,2,0
2023-03-30,25.7,0.6,149.0,67.90185931714831,66.48222635175668,1162.1917808219177,207.80476183744594,116.25757494363543,48.15809287560694,44.948140682851694,1.9604578463053737,112164.38356164383,3,2,0
2023-03-31,25.6,0.2,134.0,78.10385593994107,57.38850488022189,1162.3287671232877,193.5898380281994,120.76583385827982,41.56559217146822,34.69614406005893,1.3642453774467809,112174.65753424658,4,2,0
2023-04-01,25.1,1.5,121.0,69.78756303230846,66.02602668207572,1162.4657534246576,153.38865961642716,94.79647422205838,31.30893870744297,42.76243696769154,0.8601210928605185,112184.93150684932,5,2,0
2023-04-02,26.4,0.0,133.0,72.22683425001487,72.76915997317266,1162.6027397260273,199.81236667899205,108.71842092134848,39.886069446665495,40.97316574998513,0.7195796023803479,112195.20547945205,6,2,0
2023-04-03,26.1,0.0,112.0,77.15026049512277,60.91815192143966,1162.7397260273972,186.04554347573296,101.06030144142066,30.934547989920837,35.89973950487723,0.19059356072184014,112205.47945205479,0,2,0
2023-04-04,24.3,0.6,114.0,69.75827772568182,75.7076573196087,1162.876712328767,152.8448763970616,83.42628515154094,32.47968021647886,42.39172227431818,1.4996683885193105,112215.75342465754,1,2,0
2023-04-05,26.0,0.0,138.0,73.6268775307298,83.0616113630193,1163.013698630137,237.38567847283537,125.98789184496894,39.52732924624875,39.3731224692702,0.651907396962482,112226.02739726027,2,2,0
2023-04-06,25.8,0.2,142.0,66.32987252540897,47.73424240924306,1163.150684931507,223.2158417705519,98.29538590256624,37.70037212608878,46.570127474591025,0.45552141283931946,112236.30136986301,3,2,0
2023-04-07,25.9,0.0,95.0,72.24316178024394,62.57735114087122,1163.2876712328766,163.11161171248114,92.29642131112799,18.713307054330052,40.706838219756065,1.6691919131864263,112246.57534246575,4,1,0
2023-04-08,25.5,0.0,80.0,77.59890967071269,60.40100456425405,1163.4246575342465,106.84330892295726,60.27324416048025,20.659284758361167,35.151090329287314,1.7349022187717174,112256.8493150685,5,1,0
2023-04-09,25.2,0.0,82.0,67.93503133234167,74.37324020248641,1163.5616438356165,140.0905045413323,63.17301252174719,25.56689725962079,44.664968667658336,1.9051717414183984,112267.12328767125,6,1,0
2023-04-10,26.2,0.0,66.0,78.902373689802,52.49337326289647,1163.6986301369864,77.16132199209375,33.899898288170576,13.05911477286255,34.197626310198,1.3085845512126195,112277.39726027397,0,1,0
2023-04-11,26.3,0.0,75.0,76.1518110053666,72.01254574761381,1163.8356164383563,130.30495001673017,55.452052826223074,22.57841118235812,36.9981889946334,2.2457310524893277,112287.6712328767,1,1,0
2023-04-12,26.6,0.0,99.0,77.81244977208574,83.8744620865744,1163.972602739726,151.93678679587063,68.80193468973116,39.20134212155482,35.487550227914255,2.3472226081557466,112297.94520547945,2,1,0
2023-04-13,27.1,0.0,111.0,75.56957067032332,60.906579989681134,1164.109589041096,177.5650243996957,82.72353654626528,38.41528277626119,37.98042932967668,2.0376902555019747,112308.2191780822,3,2,0
2023-04-14,27.4,0.0,128.0,80.42070214986921,85.550784998961,1164.2465753424658,168.48810788750296,101.02689034211122,46.61770754560264,33.27929785013079,1.6254243568196494,112318.49315068492,4,2,0
2023-04-15,27.0,0.0,148.0,73.22612251323953,89.65818694667392,1164.3835616438355,204.0986031544679,127.97791614472906,46.35563938466363,40.27387748676047,0.8289302886188528,112328.76712328767,5,2,0
2023-04-16,27.0,0.0,108.0,72.45297229437372,45.3046024973976,1164.5205479452054,173.9445643650677,88.47603351400626,38.23754911493223,41.04702770562628,2.4590678118885307,112339.04109589041,6,2,0
2023-04-17,27.2,0.0,143.0,73.46148751516141,51.652659399242935,1164.6575342465753,195.53303991551599,117.47676653401115,39.28017634766106,40.13851248483859,0.7579268012606519,112349.31506849316,0,2,0
2023-04-18,27.9,0.0,126.0,76.41649014518194,87.51898757410466,1164.7945205479452,198.26412584198246,89.84480611154439,34.57829866489008,37.533509854818064,0.5863766127770346,112359.58904109588,1,2,0
2023-04-19,28.1,0.0,128.0,73.84430035162852,87.91638432406934,1164.9315068493152,164.65724387079507,93.5924591039727,24.704298969312635,40.20569964837148,1.1611698730877986,112369.86301369863,2,2,0
2023-04-20,28.1,0.0,161.0,72.15295845601942,44.88536376933793,1165.0684931506848,258.4634842533334,146.78725018351312,54.23072737021149,41.89704154398058,0.23641736970973232,112380.13698630137,3,2,0
2023-04-21,27.6,0.0,115.0,70.74004156096622,40.749925018856835,1165.2054794520548,147.84953370462983,84.64798965236753,42.20161989909943,43.05995843903378,2.448386715212298,112390.41095890412,4,2,0
2023-04-22,27.5,0.0,164.0,68.48549541224526,48.055001162821114,1165.3424657534247,257.0459987535905,147.76208252057296,46.43411377326365,45.26450458775474,1.5122405353994195,112400.68493150684,5,2,0
2023-04-23,27.2,0.0,146.0,65.68697364100153,89.80063916911242,1165.4794520547946,231.51261867292,114.36938801119135,42.53024146801382,47.91302635899847,1.4366850199940207,112410.95890410959,6,2,0
2023-04-24,27.1,0.1,110.0,83.29788371593469,48.99998083053434,1165.6164383561643,151.0645636314085,88.02287936143505,29.230689431545194,30.252116284065313,1.6739110717593277,112421.23287671233,0,2,0
2023-04-25,26.3,2.1,91.0,70.28068382304357,65.12738033610115,1165.7534246575342,148.14053134169453,83.5036516022993,29.21326775738746,42.869316176956424,1.292856754665296,112431.50684931508,1,1,0
2023-04-26,26.2,0.8,86.0,72.63547401102048,82.42088632152556,1165.890410958904,134.20884526667112,81.51892421938656,31.424662726516203,40.464525988979524,0.1769524410268998,112441.7808219178,2,1,0
2023-04-27,27.0,0.1,84.0,72.257963672154,41.02008053441032,1166.027397260274,115.22316287614524,66.09187439720912,16.486140130594794,41.242036327845994,1.5695470932169522,112452.05479452055,3,1,0
2023-04-28,26.9,0.3,84.0,80.42462188472221,70.22444911292297,1166.1643835616437,105.82890631847584,63.31756946478461,27.24719265321126,33.02537811527779,1.8188173046954337,112462.32876712328,4,1,0
2023-04-29,24.9,4.5,78.0,76.87525160853986,53.851272443481214,1166.3013698630136,77.74748616654841,61.840795514777874,22.01664114140427,35.57474839146015,1.1001977454977276,112472.60273972603,5,1,0
2023-04-30,24.8,17.8,80.0,91.13871036336867,83.11674582198657,1166.4383561643835,126.99300094599387,67.37957528232118,24.566971959833445,21.261289636631325,1.917509372970863,112482.87671232875,6,1,0
2023-05-01,23.3,3.8,77.0,74.68254687878067,54.17305746320396,1166.5753424657535,84.2039445727589,70.51303686869755,25.394970008371452,36.96745312121933,0.6448031184122094,112493.1506849315,0,1,0
2023-05-02,23.9,2.5,63.0,79.494970811119,74.33778601409544,1166.7123287671234,96.40688398882617,50.44229858994152,17.958987806135895,32.455029188881,0.6310638185588416,112503.42465753425,1,1,0
2023-05-03,22.9,5.2,84.0,74.2232647337012,73.71098162236984,1166.849315068493,120.73103567835501,73.38886298023154,24.682065732971097,37.2267352662988,0.4874007704501775,112513.69863013699,2,1,0
2023-05-04,24.1,1.0,105.0,85.97574563886694,51.074677442982,1166.986301369863,171.0828555087639,100.3835973227094,30.430624162226806,26.07425436113306,0.9927874234939884,112523.97260273971,3,2,0
2023-05-05,23.5,0.7,79.0,70.46200790485243,41.73995999341751,1167.123287671233,112.45909001020271,67.01309612264785,28.551581008941405,41.28799209514757,2.1328288849338004,112534.24657534246,4,1,0
2023-05-06,23.8,8.7,88.0,81.49910355113512,60.462478689269865,1167.2602739726028,125.41104427305817,73.51652856004779,28.493799800637483,30.400896448864877,2.0869889491577545,112544.52054794521,5,1,0
2023-05-07,23.1,4.1,87.0,80.86888440466049,54.45965759829349,1167.3972602739725,145.1374140857659,54.410891749099335,27.202917688686803,30.68111559533951,1.0187780991124091,112554.79452054795,6,1,0
2023-05-08,23.7,19.8,76.0,88.1689954872575,80.44888748068543,1167.5342465753424,120.70116058168234,34.492698631709374,16.445241394538588,23.681004512742497,1.5138849663525678,112565.06849315068,0,1,0
2023-05-09,24.7,9.6,77.0,80.02356170561146,80.01820942276726,1167.6712328767123,121.82311914365556,65.48375729230169,21.20710128393423,32.326438294388545,1.8299591595397975,112575.34246575342,1,1,0
2023-05-10,25.7,0.0,101.0,74.30089650133287,62.85119760963127,1167.8082191780823,160.88535179617054,79.8517576871913,34.79334580169587,38.54910349866713,0.6788962591072552,112585.61643835617,2,2,0
2023-05-11,25.3,6.7,121.0,77.51905735989554,70.32561126616095,1167.945205479452,150.78855753585788,91.6521732508526,36.48848286561961,35.13094264010446,0.503538606147393,112595.8904109589,3,2,0
2023-05-12,26.0,0.2,129.0,72.91498999185755,70.21297579934625,1168.0821917808219,208.63577359973965,105.63530204186345,41.99765734794569,40.08501000814245,2.4330303837095464,112606.16438356164,4,2,0
2023-05-13,25.3,2.1,122.0,79.76939558397456,81.35790742138117,1168.2191780821918,195.24937588027205,96.99596270803093,45.43255900163817,32.88060441602544,1.5821375517030845,112616.43835616438,5,2,0
2023-05-14,26.2,0.0,82.0,86.95261500795677,61.250120706159876,1168.3561643835617,102.66633742847006,76.877802506339,29.79303034604408,26.147384992043236,2.4553977324007934,112626.71232876713,6,1,0
2023-05-15,26.2,0.0,90.0,72.71254107496082,53.77233398952545,1168.4931506849316,130.11839052651598,72.86110868258977,27.46579168849871,40.38745892503918,0.9106143691173498,112636.98630136986,0,1,0
2023-05-16,26.3,0.0,112.0,67.55098510210462,53.25174590702737,1168.6301369863013,167.2138542474474,82.13076714929834,31.045054149021365,45.59901489789538,1.7872760799379157,112647.2602739726,1,2,0
2023-05-17,27.4,0.0,144.0,72.35858975824372,66.80961396411021,1168.7671232876712,213.31006431196533,125.10166238959289,30.432252019720504,41.34141024175628,0.6342487276989704,112657.53424657533,2,2,0
2023-05-18,27.8,0.1,133.0,86.29854668827159,62.45741013661063,1168.9041095890411,206.1771993313707,104.22868925053798,39.05807538763574,27.601453311728413,0.726880411057391,112667.80821917808,3,2,0
2023-05-19,27.7,0.0,123.0,69.83162716015134,62.00603854924681,1169.041095890411,213.12733563662368,103.66536683672308,35.269937520915754,44.01837283984866,1.3285650910470976,112678.08219178082,4,2,0
2023-05-20,26.6,0.1,110.0,82.74558402722033,44.55686695448536,1169.1780821917807,186.63533455345657,83.225892938072,34.951830971976875,30.55441597277967,0.867083501219371,112688.35616438356,5,2,0
2023-05-21,24.7,7.3,130.0,85.5385040703822,75.93018703450977,1169.3150684931506,168.75561613137188,97.50173114502563,38.23047386512656,26.8114959296178,0.5022917532174027,112698.63013698629,6,2,0
2023-05-22,24.9,1.6,137.0,71.18205879146004,50.68683439909553,1169.4520547945206,217.94139980612098,110.44168230185697,39.49807470281603,41.267941208539966,0.7309136847743823,112708.90410958904,0,2,0
2023-05-23,25.6,1.0,155.0,75.59491539592638,49.84768151043607,1169.5890410958905,259.0786663907082,124.12828643543685,37.6030053474639,37.20508460407362,0.18579614671807515,112719.17808219178,1,2,0
2023-05-24,25.3,6.6,124.0,85.24198311564268,60.63791601386967,1169.7260273972602,193.73617041378407,103.99827035366833,32.500160854249664,27.408016884357316,1.7906166915459678,112729.45205479451,2,2,0
2023-05-25,25.2,1.4,118.0,72.90436129506256,51.38891708089007,1169.86301369863,198.81960850371934,91.71354246690258,37.783255204002785,39.695638704937444,1.281079977006068,112739.72602739725,3,2,0
2023-05-26,25.2,0.0,72.0,75.3820981994882,69.19291336540077,1170.0,148.2454089140153,39.23640216229603,30.179538155663472,37.217901800511804,0.3261833593708615,112750.0,4,1,0
2023-05-27,25.5,0.5,73.0,73.69159543025677,58.573166966723576,1170.13698630137,129.97419092213963,54.07226116411612,21.41237308127188,39.05840456974323,0.5120655835083789,112760.27397260274,5,1,0
2023-05-28,26.4,0.0,82.0,70.82621634653567,62.44558612963951,1170.2739726027398,127.98617191283458,73.53818467143816,26.239055367870613,42.37378365346433,0.34608289147034565,112770.54794520549,6,1,0
2023-05-29,26.6,1.8,119.0,71.70361227466996,66.85846608020144,1170.4109589041095,199.40176948169506,92.22623920756894,40.462390784764025,41.59638772533003,1.5702227398621036,112780.82191780822,0,2,0
2023-05-30,24.1,36.6,118.0,86.28029866618871,50.17677612409024,1170.5479452054794,179.89775666193782,91.93616597485453,31.34553031899875,25.769701333811287,0.3261048726699851,112791.09589041096,1,2,0
2023-05-31,24.5,20.3,116.0,84.52041734129614,47.78758114327649,1170.6849315068494,174.47806086569912,102.66376505905939,36.63407021642721,27.729582658703862,1.9102775992845187,112801.3698630137,2,2,0
2023-06-01,25.1,3.1,111.0,72.15013384470679,84.02109514368024,1170.821917808219,159.47171528572534,81.68026772741078,29.597549468339203,40.39986615529321,0.14922620636893882,112811.64383561644,3,2,0
2023-06-02,25.1,0.0,89.0,76.71892955895373,61.68618514157105,1170.958904109589,164.76826717664215,55.77196781757101,31.024122192455057,35.831070441046265,0.698501891190141,112821.91780821918,4,1,0
2023-06-03,25.8,0.4,93.0,67.77052176898187,60.60468048162696,1171.0958904109589,123.13142668115998,72.79368880474506,28.65701523975866,45.12947823101813,2.2376000221405774,112832.19178082192,5,1,0
2023-06-04,25.1,0.0,89.0,77.20440116107228,41.780607513642074,1171.2328767123288,164.14735449356232,66.35826048751264,28.192259069907198,35.345598838927714,1.8244751634933905,112842.46575342467,6,1,0
2023-06-05,25.6,0.1,82.0,80.11764480804463,64.89881512936967,1171.3698630136987,132.99728247480743,55.93753680246747,20.687007012907053,32.68235519195537,0.2751239990216505,112852.7397260274,0,1,0
2023-06-06,26.1,0.3,76.0,66.38132178714272,67.70848608055,1171.5068493150684,86.01387650396117,59.046215441013096,26.335161798053925,46.66867821285727,2.0707026507644315,112863.01369863014,1,1,0
2023-06-07,26.1,0.0,63.0,78.72028284923786,67.94204354773332,1171.6438356164383,101.85298585982844,55.315056472467845,29.32356460615508,34.329717150762136,1.2832842916964915,112873.28767123287,2,1,0
2023-06-08,26.0,0.0,56.0,83.33834496236646,75.35155846614421,1171.7808219178082,41.99946984696752,44.70711438432185,11.76044152285897,29.661655037633537,2.1322792652051903,112883.56164383562,3,1,0
2023-06-09,25.0,5.5,39.0,74.75179490654396,48.87409174955059,1171.9178082191781,71.01016033662071,34.26981072686238,10.00120496176238,37.748205093456036,1.5417754586809442,112893.83561643836,4,0,0
2023-06-10,24.6,0.7,39.0,86.7628619341885,52.61115671153094,1172.054794520548,76.20462965977981,49.33407698515423,12.858037370840458,25.537138065811494,1.736399276878861,112904.1095890411,5,0,0
2023-06-11,24.9,0.2,31.0,80.64509504683022,80.53652326152064,1172.1917808219177,34.652880886958926,21.37121138442436,13.232031059979082,31.80490495316978,2.4844037449496996,112914.38356164383,6,0,0
2023-06-12,24.6,13.0,38.0,81.07494072120795,87.3585308421697,1172.3287671232877,59.47095391911164,33.1834863464467,8.602268573552657,31.22505927879205,0.6576053102176436,112924.65753424658,0,0,0
2023-06-13,24.5,1.8,40.0,78.62115461171148,46.796637368366035,1172.4657534246576,99.08314867500573,26.907866374008655,0.0,33.628845388288525,1.597469379427332,112934.93150684932,1,0,0
2023-06-14,24.7,1.1,45.0,81.0916345626086,64.88247772526091,1172.6027397260273,57.38506591476127,27.536402801130272,20.295947470820124,31.258365437391397,1.204771336137756,112945.20547945205,2,0,0
2023-06-15,25.5,0.0,51.0,77.83002695706206,50.708812636979346,1172.7397260273972,55.32184825886799,34.95092346582231,19.102530597920712,34.91997304293794,0.19468468701445946,112955.47945205479,3,1,0
2023-06-16,26.0,0.0,52.0,80.09377996223185,43.00365841774912,1172.876712328767,107.63326804925197,36.81241428478312,6.885262347566675,32.90622003776815,0.1347295396068761,112965.75342465754,4,1,0
2023-06-17,25.2,0.2,56.0,72.69663203460317,56.27516690630677,1173.013698630137,123.25174381061589,48.39475797547126,13.762156041102221,39.90336796539683,0.3861485867628608,112976.02739726027,5,1,0
2023-06-18,24.8,1.0,56.0,78.5468041201804,47.18438125921064,1173.150684931507,84.07391343695694,68.29075786700758,24.64091214763663,33.8531958798196,1.6578201772925156,112986.30136986301,6,1,0
2023-06-19,24.1,2.4,57.0,71.2814275154751,75.49665367171232,1173.2876712328766,105.72926070816712,38.4395656372416,24.338982092289328,40.768572484524896,1.4611914109921413,112996.57534246575,0,1,0
2023-06-20,22.8,18.5,61.0,85.6438696932565,66.68627068357222,1173.4246575342465,118.32951831061763,44.63374694384538,22.993200113394725,25.756130306743493,1.428230946792946,113006.8493150685,1,1,0
2023-06-21,23.9,13.6,69.0,78.83046179267605,47.191723549515544,1173.5616438356165,88.65031534923232,54.56876986888752,19.819437830200688,33.119538207323956,0.1764562300678242,113017.12328767125,2,1,0
2023-06-22,23.6,3.7,70.0,74.67235028705116,40.46207942027572,1173.6986301369864,95.29388329264263,59.957988487097474,21.41493709406255,37.12764971294884,1.226327191264017,113027.39726027397,3,1,0
2023-06-23,23.7,0.5,60.0,83.43046587605218,80.40785245121063,1173.835616438356,114.6174902630947,50.63550811954785,17.345370974369366,28.41953412394782,2.3190947628220684,113037.6712328767,4,1,0
2023-06-24,23.4,3.6,52.0,84.65655060297135,48.80972030821238,1173.972602739726,111.70028557417018,54.44095793948117,21.24119891634419,27.04344939702865,1.0542204863455518,113047.94520547945,5,1,0
2023-06-25,23.4,0.9,44.0,81.29569060453588,70.3108321110383,1174.109589041096,77.2576172034871,10.936079294647922,8.82078796752445,30.40430939546412,1.5998139274922953,113058.2191780822,6,0,0
2023-06-26,23.6,0.2,44.0,72.4384361766371,56.84609565383728,1174.2465753424658,48.403712929958914,11.330701298043277,9.171001725578975,39.3615638233629,1.9715648214955446,113068.49315068492,0,0,0
2023-06-27,23.2,2.3,41.0,77.517957751526,69.27429691575178,1174.3835616438355,101.24122223398882,27.841218279898513,17.351372934180077,34.082042248474,1.9814206699405301,113078.76712328767,1,0,0
2023-06-28,23.7,2.4,36.0,85.46548849989593,55.7826813491162,1174.5205479452054,43.38058204376071,39.77300187543709,10.578192722442191,26.384511500104075,1.3462721977486514,113089.04109589041,2,0,0
2023-06-29,23.4,9.1,32.0,83.65858456819953,44.34697803461271,1174.6575342465753,41.297244376570966,9.94351968394404,16.49233677726904,28.04141543180047,2.1590846689656074,113099.31506849316,3,0,0
2023-06-30,24.2,1.7,31.0,90.89664769990847,51.14750042788768,1174.7945205479452,53.34675668979243,0.0,5.942438965097271,21.20335230009153,1.0393074240729927,113109.58904109588,4,0,0
2023-07-01,24.5,0.7,36.0,80.51658919697185,49.40292832395378,1174.9315068493152,85.08320841429548,34.51179406219209,10.526108198305874,31.73341080302815,2.232863715483516,113119.86301369863,5,0,0
2023-07-02,23.8,4.7,42.0,81.21024558245016,61.40096762198219,1175.0684931506848,80.07951953104447,36.036572237027144,7.987935075780233,30.689754417549842,0.6765451993493087,113130.13698630137,6,0,0
2023-07-03,23.2,8.3,31.0,81.0544176789875,72.91418917130787,1175.2054794520548,54.79731000723821,13.897915932005702,9.336813407117834,30.545582321012496,0.7725193767773705,113140.41095890412,0,0,0
2023-07-04,22.1,14.9,25.0,86.86770452391141,53.19030374731788,1175.3424657534247,46.765770602362124,10.144603992790701,0.10726531500600522,24.182295476088587,0.22748949807760263,113150.68493150684,1,0,0
2023-07-05,21.8,12.3,22.0,84.28765081809729,40.6034967650309,1175.4794520547946,33.87029337286932,7.902562803653257,4.161832895225185,26.612349181902708,2.009396407701479,113160.95890410959,2,0,0
2023-07-06,21.3,15.3,20.0,90.19054338344296,65.94686821323785,1175.6164383561643,41.162790290370125,17.105353174739403,0.0,20.45945661655704,1.1009325669584935,113171.23287671233,3,0,0
2023-07-07,22.4,4.9,29.0,85.78351158397292,70.2879744679486,1175.7534246575342,0.0,16.936847238169932,12.16961616595629,25.416488416027075,0.6498798733873576,113181.50684931508,4,0,0
2023-07-08,22.3,1.8,23.0,75.82005269746026,88.14352470009048,1175.890410958904,28.567850818604033,23.340639189755198,10.482946698798258,35.32994730253974,0.6562966662797911,113191.7808219178,5,0,0
2023-07-09,22.9,4.6,27.0,74.29383523221111,69.47354015466235,1176.027397260274,45.32643869833562,0.0,0.0,37.156164767788894,2.26335985895016,113202.05479452055,6,0,0
2023-07-10,22.6,4.3,38.0,71.06897313448351,63.55862796890709,1176.1643835616437,33.97971832760986,21.831481348722008,18.069428727502864,40.23102686551648,2.1013998411064887,113212.32876712328,0,0,0
2023-07-11,22.4,0.7,45.0,80.63995663456271,68.6700812948852,1176.3013698630136,75.2264663562312,24.739460390889498,25.98707563209927,30.56004336543729,1.42847412485724,113222.60273972603,1,0,0
2023-07-12,23.0,1.7,45.0,73.08316696913063,86.39503149310136,1176.4383561643835,63.410575580277566,33.43659321627508,13.730031933681705,38.41683303086937,1.5786659209977307,113232.87671232875,2,0,0
2023-07-13,21.9,6.2,44.0,70.13554703523758,81.41890728008232,1176.5753424657535,101.1095139663098,29.819522415098618,9.994428698876774,40.814452964762424,1.2383813693206984,113243.1506849315,3,0,0
2023-07-14,22.7,2.4,24.0,81.94289302265481,56.1489366681904,1176.7123287671234,67.46039450429713,27.178437798957667,21.32165295501523,29.407106977345187,1.0399997029091412,113253.42465753425,4,0,0
2023-07-15,23.2,0.6,26.0,91.46499758716395,51.86271818285687,1176.849315068493,29.683888617636743,2.2066322833994256,1.2051575084874466,20.13500241283605,2.2971445149239957,113263.69863013699,5,0,0
2023-07-16,23.3,1.3,32.0,79.01964544230054,53.13168061830368,1176.986301369863,44.983245768666094,26.054914763307522,9.70053233434549,32.630354557699455,0.401470488448725,113273.97260273971,6,0,0
2023-07-17,23.2,2.5,32.0,83.84245387225822,65.22105198576065,1177.123287671233,46.52104868783215,31.183364232117057,10.498111363159616,27.757546127741783,1.1042722953189472,113284.24657534246,0,0,0
2023-07-18,23.6,0.8,29.0,79.35914679273783,77.20247256142889,1177.2602739726028,34.466810476807545,41.76647436561955,15.425738102262073,32.440853207262165,0.9269485791709008,113294.52054794521,1,0,0
2023-07-19,22.8,1.1,24.0,78.85555173404428,65.1609603591481,1177.3972602739725,39.90049968056253,14.382340289065251,8.99869487563394,32.544448265955715,1.295561728602756,113304.79452054795,2,0,0
2023-07-20,23.1,1.6,25.0,84.14538241493884,43.38981979140563,1177.5342465753424,22.334358622248196,23.24458604352517,5.0068305210577435,27.404617585061164,1.1983164989084203,113315.06849315068,3,0,0
2023-07-21,23.1,2.3,25.0,78.44862727905675,76.17903502199906,1177.6712328767123,14.887693301249474,1.9613720743763494,2.744078148060219,33.101372720943246,1.3453348759625954,113325.34246575342,4,0,0
2023-07-22,22.4,8.4,23.0,84.38696157035952,80.29850643354769,1177.8082191780823,46.95422447800537,0.0,5.190890898769322,26.813038429640482,0.43580554534478577,113335.61643835617,5,0,0
2023-07-23,22.1,9.7,21.0,85.40848903098006,54.47489325598598,1177.945205479452,44.09059168443622,25.247743757817,1.2653631952742792,25.641510969019937,1.331539603631865,113345.8904109589,6,0,0
2023-07-24,21.6,12.7,22.0,81.90954773178476,73.20628696416752,1178.0821917808219,16.913684806800152,17.544397063519295,6.839126598923414,28.890452268215245,0.681805153329306,113356.16438356164,0,0,0
2023-07-25,21.2,13.5,18.0,90.81021174768262,61.32959505271967,1178.2191780821918,44.90710861525199,26.185126897984226,2.579019100697567,19.789788252317386,0.542395237571659,113366.43835616438,1,0,0
2023-07-26,20.8,19.3,19.0,87.82520121652296,84.45596778637214,1178.3561643835617,15.868445416693373,1.46597111030251,0.0,22.574798783477043,0.2556021250868589,113376.71232876713,2,0,0
2023-07-27,22.3,2.3,22.0,76.27127420253579,82.26127790803699,1178.4931506849316,38.06330476075962,22.799021395287525,12.875728941874518,34.878725797464206,1.9303661410147381,113386.98630136986,3,0,0
2023-07-28,22.8,1.5,24.0,82.23254921785201,66.27159991548211,1178.6301369863013,52.406880252249124,37.88817840543854,4.711637382854802,29.167450782147988,1.125860610055744,113397.2602739726,4,0,0
2023-07-29,22.9,1.0,27.0,74.65766009104482,74.57527729067972,1178.7671232876712,39.82774870592574,25.79705608357266,1.759315975123437,36.792339908955185,1.6039448399482201,113407.53424657533,5,0,0
2023-07-30,23.0,0.7,31.0,78.94090578684563,84.16748505110519,1178.9041095890411,55.59481824282269,27.565815055910488,8.458704327562291,32.55909421315437,1.846224023931384,113417.80821917808,6,0,0
2023-07-31,23.4,1.3,31.0,79.05440501677899,64.78585050391378,1179.041095890411,36.17140712224857,24.8855608082435,9.641857829838292,32.64559498322102,1.7303599967525285,113428.08219178082,0,0,0
2023-08-01,23.5,0.4,31.0,84.0794778291579,55.6625370244411,1179.1780821917807,42.57066833143806,9.091185428740879,0.5676663721048314,27.670522170842105,1.2292017258152375,113438.35616438356,1,0,0
2023-08-02,23.3,0.0,34.0,80.67349116439976,77.68330689547906,1179.3150684931506,46.88281138239319,40.75572935710348,11.858238335628814,30.976508835600235,1.0309564694841515,113448.63013698629,2,0,0
2023-08-03,23.5,1.0,34.0,78.67486520627428,51.00331273923459,1179.4520547945206,36.06843306919522,21.091423601949344,4.964212156548676,33.075134793725724,1.002303783137593,113458.90410958904,3,0,0
2023-08-04,23.2,1.1,34.0,82.93883149600143,59.4265574003021,1179.5890410958905,47.464516737684356,32.24483256383017,18.755144045953937,28.661168503998574,1.6361171126321352,113469.17808219178,4,0,0
2023-08-05,23.6,1.2,30.0,86.05103774508656,83.28636185533969,1179.7260273972602,14.027634022725067,8.369656934287464,11.619802560383674,25.74896225491344,1.2875064518604962,113479.45205479451,5,0,0
2023-08-06,24.0,0.3,36.0,81.13905153175932,76.22111701346574,1179.86301369863,44.1769250571579,17.005403354922198,8.800500049453417,30.86094846824068,2.1379173951724253,113489.72602739725,6,0,0
2023-08-07,23.8,0.9,38.0,78.6017630992169,60.19055026237496,1180.0,51.302490132606586,44.75087399222235,7.674161148413248,33.2982369007831,2.199284762384109,113500.0,0,0,0
2023-08-08,23.4,0.6,47.0,71.3908188382492,50.73722512041787,1180.13698630137,65.3764049500924,34.12697711042157,13.57516146218188,40.3091811617508,0.5093449072156443,113510.27397260274,1,0,0
2023-08-09,23.8,1.1,52.0,72.62443168462315,57.79841954161182,1180.2739726027398,73.17005108258442,56.13275476042545,18.66395370791645,39.27556831537685,0.42696076370974156,113520.54794520549,2,1,0
2023-08-10,24.0,0.5,59.0,75.77387647822665,54.20520746137165,1180.4109589041095,87.26471600279743,46.417693409414824,17.572529357074,36.226123521773346,1.6129622224863989,113530.82191780822,3,1,0
2023-08-11,24.3,0.6,72.0,73.65243898920359,48.804464397192696,1180.5479452054794,117.58883036172128,39.18102227042142,20.514205964315714,38.49756101079641,0.8229417953494705,113541.09589041096,4,1,0
2023-08-12,24.6,0.3,72.0,75.61514348507278,77.16664567828283,1180.6849315068494,125.49034148265045,66.52067599731721,21.891851454089476,36.68485651492722,0.14456972503623727,113551.3698630137,5,1,0
2023-08-13,24.3,0.1,63.0,77.18324962448553,52.603494342508576,1180.821917808219,81.50469546303466,44.50107682244393,15.880705343815226,34.96675037551447,2.2327424064710923,113561.64383561644,6,1,0
2023-08-14,24.5,0.4,61.0,79.79846377178366,62.70837350838819,1180.958904109589,67.43598289221711,55.78688813517044,16.58397036578481,32.45153622821634,0.6445618413851397,113571.91780821918,0,1,0
2023-08-15,24.1,0.5,61.0,76.84750610970454,59.29297234180545,1181.0958904109589,70.65911175513794,49.052108675400824,7.87103780547498,35.20249389029546,2.330273564045942,113582.19178082192,1,1,0
2023-08-16,24.7,0.0,62.0,79.33250821913101,89.10386893178153,1181.2328767123288,83.25594157610146,34.1688177205713,23.468631154261836,33.01749178086899,1.8218426821078089,113592.46575342467,2,1,0
2023-08-17,24.7,0.6,58.0,77.7223720740506,59.554612207411026,1181.3698630136987,79.96157364366982,48.042947653705696,18.893988901608807,34.627627925949405,1.9303683757875623,113602.7397260274,3,1,0
2023-08-18,24.3,1.1,51.0,68.12266716823065,43.99912413983774,1181.5068493150684,61.100078676050856,62.762231421528,11.432720779832849,44.02733283176935,0.583507589903585,113613.01369863014,4,1,0
2023-08-19,23.0,7.3,34.0,77.25332303090623,44.4912876286042,1181.6438356164383,25.07766671500211,32.129864585144595,19.693674906776195,34.24667696909377,0.662066621480351,113623.28767123287,5,0,0
2023-08-20,24.2,0.8,35.0,77.92956222139193,69.53768606765324,1181.7808219178082,43.377583450516234,27.42482246994537,10.935082401961933,34.17043777860807,1.3510426091777579,113633.56164383562,6,0,0
2023-08-21,24.7,0.0,53.0,71.30152628579445,69.96817758691328,1181.9178082191781,83.12853240227943,53.153434019568984,10.719282140124015,41.04847371420555,0.5130396463596691,113643.83561643836,0,1,0
2023-08-22,24.9,0.8,55.0,80.64964364998103,60.93794952413275,1182.054794520548,94.40058931671129,46.106684652031106,20.783687107352293,31.80035635001897,0.8330360624392774,113654.1095890411,1,1,0
2023-08-23,25.1,0.0,58.0,84.75375416171848,61.59218461560148,1182.1917808219177,75.85153893783358,48.49534230262795,19.39024108254631,27.796245838281525,0.8715099470747307,113664.38356164383,2,1,0
2023-08-24,24.8,0.0,56.0,83.29380925848659,42.69662914204356,1182.3287671232877,75.74004355713132,33.88374827840898,18.772899927421097,29.10619074151341,0.48311183980663386,113674.65753424658,3,1,0
2023-08-25,24.9,0.0,54.0,76.23278564534895,65.82732551946312,1182.4657534246576,62.466033823053785,45.53848025789598,14.071221976742047,36.21721435465105,0.5924388001483858,113684.93150684932,4,1,0
2023-08-26,24.5,3.8,52.0,86.75363068424977,65.23697376901758,1182.6027397260273,77.37121659250447,51.95443416416945,17.852478618890174,25.49636931575023,1.9925244208198158,113695.20547945205,5,1,0
2023-08-27,25.0,0.1,46.0,78.49333728601056,47.47746592784723,1182.7397260273972,52.03142731618371,28.439378478999757,12.491208548894527,34.00666271398944,0.5012700509134441,113705.47945205479,6,0,0
2023-08-28,25.6,0.0,46.0,76.0145701444098,45.19196930554638,1182.876712328767,80.462556264824,51.04495821246948,16.57970725822921,36.785429855590195,0.16829774042541396,113715.75342465754,0,0,0
2023-08-29,25.4,0.7,43.0,75.1329866822953,46.17862452997453,1183.013698630137,28.782670161317775,33.48293975854874,3.3752777299468057,37.567013317704706,1.6104518623094524,113726.02739726027,1,0,0
2023-08-30,24.9,12.5,48.0,82.33765156755935,45.051412324562925,1183.150684931507,64.80740655095076,29.5223048846146,12.230632685104053,30.11234843244065,2.44235948654188,113736.30136986301,2,0,0
2023-08-31,23.9,8.8,58.0,79.55911590729386,70.485409776838,1183.2876712328766,93.02214678383484,56.37632076920245,26.010775489040974,32.390884092706145,0.8949131550954913,113746.57534246575,3,1,0
2023-09-01,24.3,9.2,55.0,82.70208111187743,49.82413262014593,1183.4246575342465,86.17669032645009,41.132057642617305,12.664662722998496,29.447918888122565,0.3847736876710055,113756.8493150685,4,1,0
2023-09-02,23.4,11.8,52.0,84.10286990524934,52.57150760937317,1183.5616438356165,131.86067327960993,49.19514887486108,12.580808512534066,27.597130094750664,1.468929580882074,113767.12328767125,5,1,0
2023-09-03,23.7,0.0,52.0,77.41523010076708,48.678607207571986,1183.6986301369864,84.99600049135815,38.68241367741463,13.360193307750125,34.434769899232926,2.2752501066295507,113777.39726027397,6,1,0
2023-09-04,22.8,1.2,56.0,79.98469084873174,87.89176522242515,1183.835616438356,63.91890806315979,44.20173856470097,10.725969320556784,31.415309151268254,1.9817482715883492,113787.6712328767,0,1,0
2023-09-05,22.1,1.5,56.0,83.9032313739317,82.73087315759177,1183.972602739726,82.09071505821854,49.73560204334292,5.7585961188587405,27.146768626068297,1.5940380841905184,113797.94520547945,1,1,0
2023-09-06,23.2,1.3,35.0,83.64777067720662,51.52474186757604,1184.109589041096,16.975073330670966,30.90897057590006,9.347068007381935,27.95222932279338,0.8561355918582385,113808.2191780822,2,0,0
2023-09-07,23.3,4.7,27.0,73.57551015775049,56.3783146961063,1184.2465753424658,38.88800501406478,1.6446821954826163,8.779297120408284,38.07448984224951,1.4005124158629279,113818.49315068492,3,0,0
2023-09-08,23.4,2.1,29.0,66.83039432549022,50.49464211524986,1184.3835616438355,26.838878859984828,11.987562599056085,8.437474657306739,44.869605674509785,0.3189876191302129,113828.76712328767,4,0,0
2023-09-09,23.6,1.1,27.0,83.87159955619637,64.59379797304119,1184.5205479452054,58.807805511203235,30.89409984790816,7.375607190260565,27.92840044380363,1.7294690182736079,113839.04109589041,5,0,0
2023-09-10,23.7,2.0,30.0,72.66560650792289,40.98052662371268,1184.6575342465753,34.0091945080893,22.67863411098453,9.215204354251938,39.18439349207711,1.840230445354362,113849.31506849316,6,0,0
2023-09-11,23.4,1.6,29.0,78.22617299053658,73.5684004448398,1184.7945205479452,41.164681684095065,17.962686972285784,13.81420735775382,33.47382700946342,2.416075894983805,113859.58904109588,0,0,0
2023-09-12,23.6,2.5,30.0,73.8994348697032,66.15790749088208,1184.9315068493152,32.288843171911935,10.414259847425257,8.047769070353915,37.9005651302968,0.7249536609881719,113869.86301369863,1,0,0
2023-09-13,23.0,4.1,33.0,71.3900978120999,84.93194641505517,1185.0684931506848,84.27702703706663,15.602636787241519,7.029587114563652,40.109902187900104,0.14429540570325433,113880.13698630137,2,0,0
2023-09-14,22.9,0.6,33.0,81.35731364102394,48.21963421642071,1185.2054794520548,43.07514467764177,6.182013600380529,8.494372575559568,30.092686358976064,1.4094603146251614,113890.41095890412,3,0,0
2023-09-15,23.1,3.5,26.0,84.24577580151323,80.20546230305658,1185.3424657534247,75.65114086958403,19.78719281298467,10.696733798783878,27.304224198486768,1.7962972105523547,113900.68493150684,4,0,0
2023-09-16,23.5,5.8,24.0,78.81744799636641,79.59805072333579,1185.4794520547946,52.28303524236533,13.215624194189534,14.260134392716246,32.93255200363359,1.9969779421191711,113910.95890410959,5,0,0
2023-09-17,22.5,7.5,26.0,69.49478853927545,46.35905946084435,1185.6164383561643,48.641334546707725,11.134121090146849,4.659281304154108,41.75521146072455,0.5649734392595455,113921.23287671233,6,0,0
2023-09-18,22.8,4.8,31.0,78.1187777587376,59.92796120720638,1185.7534246575342,53.8746629463504,24.11876574832047,9.794668935144417,33.281222241262405,0.7282068856888567,113931.50684931508,0,0,0
2023-09-19,23.4,1.0,38.0,80.55902002701272,48.50763205722585,1185.890410958904,64.87594596432503,34.039706308527386,13.091787209679799,31.140979972987278,1.3302182206415112,113941.7808219178,1,0,0
2023-09-20,23.3,0.3,42.0,70.65544215612937,52.73602502287744,1186.027397260274,24.446548413087797,54.531979322099446,7.637109966355885,40.99455784387063,0.8934419439280044,113952.05479452055,2,0,0
2023-09-21,23.2,0.2,48.0,78.61679959889577,53.16230874152722,1186.1643835616437,66.42233211698488,23.28116580436787,14.50208583606459,32.983200401104234,2.1652275678098682,113962.32876712328,3,0,0
2023-09-22,23.2,6.2,54.0,80.32345075413501,67.81181970128864,1186.3013698630136,97.90315942368643,54.79381043300522,8.871630713289523,31.27654924586499,1.2370243689729288,113972.60273972603,4,1,0
2023-09-23,23.6,6.5,52.0,83.54645749800545,60.57054658802328,1186.4383561643835,77.02205633051788,51.33101561015072,6.754748481303006,28.25354250199455,2.018988745844807,113982.87671232875,5,1,0
2023-09-24,23.0,7.5,43.0,82.19790184207076,87.38664020031527,1186.5753424657535,36.396203063928496,26.609072606232992,14.733732039461286,29.302098157929237,1.493487425157649,113993.1506849315,6,0,0
2023-09-25,22.8,1.1,46.0,73.38465529559222,46.318507097350256,1186.7123287671234,67.9519109884506,38.832359545860314,11.880626293346085,38.015344704407774,1.9554163398810687,114003.42465753425,0,0,0
2023-09-26,23.3,1.8,47.0,84.53285750832246,88.68460674250994,1186.849315068493,104.58211032510982,33.02366750662385,15.111402038106096,27.117142491677534,0.8984151676727772,114013.69863013699,1,0,0
2023-09-27,23.0,11.5,44.0,82.75735213486514,51.5319320107132,1186.986301369863,90.93783431069438,37.056885804187395,13.110525114958248,28.742647865134856,2.095399892632747,114023.97260273971,2,0,0
2023-09-28,21.9,9.4,32.0,82.96347730245034,78.64369681909265,1187.123287671233,46.759919812679364,40.69131013404551,4.717999756681013,27.986522697549656,0.7589735573224518,114034.24657534246,3,0,0
2023-09-29,22.4,5.7,27.0,76.83366020463401,56.94849630864107,1187.2602739726028,59.52898554116173,27.656062326313133,7.873728490178317,34.36633979536599,1.410637139207898,114044.52054794521,4,0,0
2023-09-30,23.0,2.7,27.0,77.78358874404245,47.154069770865696,1187.3972602739725,33.169859592638964,26.68608373233442,1.9344934749257234,33.71641125595755,0.6136170716172981,114054.79452054795,5,0,0
2023-10-01,23.0,1.1,30.0,74.62598642986549,82.894459262312,1187.5342465753424,10.922568263465621,19.696906800453576,15.954861790007003,36.87401357013451,1.2412636519028641,114065.06849315068,6,0,0
2023-10-02,23.5,0.3,52.0,76.68526970038289,55.44304496182316,1187.6712328767123,59.51068023740891,26.75943335075665,8.82014827570018,35.06473029961711,0.8636205028208875,114075.34246575342,0,1,0
2023-10-03,23.2,0.1,76.0,84.80854240071172,72.94277021134211,1187.8082191780823,145.25777537016396,58.71531789459593,21.821073645157092,26.791457599288286,0.7400882335293142,114085.61643835617,1,1,0
2023-10-04,23.5,0.4,87.0,68.99049428534323,68.32218425433133,1187.945205479452,125.02013836341392,81.66608154863916,20.888642059763754,42.75950571465677,2.42076404326729,114095.8904109589,2,1,0
2023-10-05,23.6,2.2,105.0,67.78219301061628,63.58781546954371,1188.0821917808219,152.63232041249964,68.72832143410352,34.35210586680398,44.017806989383715,0.48417785316815354,114106.16438356164,3,2,0
2023-10-06,24.5,1.5,133.0,81.45585163746804,64.79097363242695,1188.2191780821918,193.50323607450238,95.84910631823305,38.24284314359248,30.794148362531956,1.9895820098977486,114116.43835616438,4,2,0
2023-10-07,24.2,0.8,132.0,72.75338161424068,76.61189570461437,1188.3561643835617,236.08273179146013,106.86267736234069,37.00666640189395,39.34661838575932,2.461995902759716,114126.71232876713,5,2,0
2023-10-08,23.9,14.4,112.0,78.25463630670042,44.38864570617203,1188.4931506849316,200.51917830724125,79.75345215152738,37.866007725257774,33.69536369329958,0.1477635609761868,114136.98630136986,6,2,0
2023-10-09,22.8,19.3,111.0,89.2995234369804,73.40903309789526,1188.6301369863013,210.8756046689627,80.87476552884789,33.44715295838776,22.100476563019605,1.777665793701028,114147.2602739726,0,2,0
2023-10-10,23.3,1.9,111.0,72.37192230131569,84.79060506992894,1188.7671232876712,163.31909579199896,84.56401418271824,35.88322222967983,39.27807769868431,0.706988333335089,114157.53424657533,1,2,0
2023-10-11,24.0,1.0,111.0,84.08004856773468,42.88940985099321,1188.9041095890411,172.4124897749419,75.14382595809852,28.393370317412675,27.91995143226532,0.19717077838793068,114167.80821917808,2,2,0
2023-10-12,24.1,0.3,105.0,78.28962935669635,47.03266696168334,1189.041095890411,127.16714901158417,74.25878153783631,24.475915280362464,33.760370643303645,1.066934989495914,114178.08219178082,3,2,0
2023-10-13,23.4,0.0,102.0,72.46044295927149,75.83159683510158,1189.1780821917807,182.53868852236548,88.6342791678731,31.136039810200668,39.23955704072851,2.3445227444101002,114188.35616438356,4,2,0
2023-10-14,23.7,0.0,88.0,86.38654106632751,61.86408241223088,1189.3150684931506,108.6444089746413,57.326302177690366,24.805768222526343,25.46345893367249,0.12823622648079444,114198.63013698629,5,1,0
2023-10-15,24.2,0.0,87.0,72.62142538498331,60.17743104068442,1189.4520547945206,134.83551127525257,53.62127865505163,29.23217336226972,39.47857461501669,1.510925660631476,114208.90410958904,6,1,0
2023-10-16,24.3,0.4,85.0,79.66047686004654,46.84833172721179,1189.5890410958905,105.55394944734311,61.69975020466106,25.10045773668725,32.489523139953455,1.3033515486287783,114219.17808219178,0,1,0
2023-10-17,24.5,0.3,85.0,77.39646290203247,65.3385020358894,1189.7260273972602,115.72266346522608,75.31955502509845,26.52537669617315,34.85353709796753,2.196121994490514,114229.45205479451,1,1,0
2023-10-18,24.3,0.0,93.0,81.85870644699398,46.32726555981886,1189.86301369863,122.754751379006,72.43078192003111,19.783087350293783,30.29129355300602,0.30160411484950156,114239.72602739725,2,1,0
2023-10-19,24.1,0.0,113.0,82.15755598363425,63.83102281552702,1190.0,157.34249478648366,85.75418921884382,43.34218469807128,29.892444016365747,1.735662471727961,114250.0,3,2,0
2023-10-20,24.7,0.0,129.0,73.71002074532883,78.18076494808284,1190.13698630137,182.71754593702042,103.64358797515607,37.878790074839834,38.63997925467117,1.7322632762398655,114260.27397260274,4,2,0
2023-10-21,25.0,0.0,127.0,69.88291064826909,52.913217894358176,1190.2739726027398,179.53462410149845,84.14292567140349,41.587934851696,42.61708935173091,1.7057920404694797,114270.54794520549,5,2,0
2023-10-22,24.9,0.0,108.0,76.89986071469558,64.03930840898636,1190.4109589041095,178.66667823560613,91.34705653775033,28.219541648901867,35.550139285304425,2.3616027878440886,114280.82191780822,6,2,0
2023-10-23,23.9,0.0,122.0,70.51142315123947,89.60079846984178,1190.5479452054794,160.9027441387496,101.43435031403645,38.14004951108671,41.43857684876053,2.0754100696165128,114291.09589041096,0,2,0
2023-10-24,23.5,0.0,122.0,83.96693623763312,74.33252116770186,1190.6849315068494,187.41082854027735,93.5069152590428,30.085776182376275,27.78306376236688,0.20073454298441443,114301.3698630137,1,2,0
2023-10-25,23.5,0.0,138.0,73.78267665541368,82.06783856525993,1190.821917808219,231.35918304611118,120.45924511796417,43.660339191298355,37.96732334458632,1.2305988416908316,114311.64383561644,2,2,0
2023-10-26,23.7,0.0,138.0,71.27339224343945,60.74238032802729,1190.958904109589,196.73607270973207,99.12503901046962,39.62012957807084,40.576607756560556,1.0550873348832004,114321.91780821918,3,2,0
2023-10-27,24.4,0.0,128.0,74.52340152932453,78.39304615629277,1191.0958904109589,177.64162218504796,113.6790899325357,38.54595251967783,37.67659847067547,0.844353330617925,114332.19178082192,4,2,0
2023-10-28,25.0,0.0,94.0,68.56436855235151,42.02545864706609,1191.2328767123288,136.38950749639497,76.74493665595251,31.689870150650485,43.93563144764849,1.1832081403698336,114342.46575342467,5,1,0
2023-10-29,23.4,6.1,69.0,74.74192980744674,46.14555912711225,1191.3698630136987,127.09450416721421,51.83447410121827,14.5372984438986,36.958070192553265,1.022066043822346,114352.7397260274,6,1,0
2023-10-30,23.3,4.1,62.0,84.95206953972213,50.15352964600311,1191.5068493150684,96.88215261906716,49.401263646316885,15.177541346936014,26.697930460277867,1.1376013597087968,114363.01369863014,0,1,0
2023-10-31,22.9,1.4,77.0,73.56552860514303,60.09759623076098,1191.6438356164383,104.87571410784803,60.527352341890584,25.386621405433825,37.88447139485697,2.450228477460742,114373.28767123287,1,1,0
2023-11-01,23.5,1.3,78.0,71.5154450865903,82.28724391628816,1191.7808219178082,126.67753302376079,74.60282896417718,33.891107372733735,40.234554913409696,0.3127191393989938,114383.56164383562,2,1,0
2023-11-02,23.2,0.6,71.0,79.43326376263643,57.313302539396524,1191.9178082191781,84.45415700327153,46.03320872528987,20.60958832669259,32.16673623736357,2.3133540876129515,114393.83561643836,3,1,0
2023-11-03,23.6,2.0,41.0,84.87852077331499,72.73105967577314,1192.054794520548,75.12719020885896,25.17480760853402,15.255680589619661,26.921479226685012,1.2525681123304642,114404.1095890411,4,0,0
2023-11-04,22.6,4.8,33.0,84.34476655332533,75.46571474017418,1192.1917808219177,57.67214615403535,36.7630289207248,9.3651426507076,26.955233446674672,1.5969813891988989,114414.38356164383,5,0,0
2023-11-05,22.2,22.6,35.0,94.53023842902908,69.30911770441708,1192.3287671232877,46.34383057722232,22.044650648161408,20.211227973781497,16.56976157097092,2.092439119882465,114424.65753424658,6,0,0
2023-11-06,22.4,26.6,56.0,86.71602455715269,57.86209840850681,1192.4657534246576,67.22828403105538,53.805330773315916,8.063891665173722,24.483975442847306,0.9651112699582133,114434.93150684932,0,1,0
2023-11-07,22.0,9.2,64.0,74.29094666629078,68.85266708567721,1192.6027397260273,78.26638155433085,68.1943598300871,19.673105223346788,36.70905333370922,1.1330125794111205,114445.20547945205,1,1,0
2023-11-08,22.4,13.2,61.0,91.05666825977742,57.11327963948731,1192.7397260273972,102.19634672691821,44.782049730583665,10.172279832189696,20.143331740222575,1.0828443526689135,114455.47945205479,2,1,0
2023-11-09,22.2,6.4,49.0,79.13660080578933,44.1936869276006,1192.876712328767,98.07961004978124,46.013623265753054,2.167142147316415,31.963399194210673,0.9993544540858236,114465.75342465754,3,0,0
2023-11-10,22.8,0.9,63.0,76.04583491772476,89.64019890930072,1193.013698630137,81.75384505942411,38.86307718660142,20.387310265589083,35.35416508227524,2.321270371952548,114476.02739726027,4,1,0
2023-11-11,21.9,0.0,88.0,82.24097070924529,46.35912268162554,1193.150684931507,141.16773407102968,77.9473329806781,27.097488980737293,28.70902929075471,2.089431738863229,114486.30136986301,5,1,0
2023-11-12,21.3,0.0,103.0,77.63115004700329,43.61741919180287,1193.2876712328766,112.75945962795862,84.39423985986768,29.47581531128899,33.01884995299671,0.36159997567114266,114496.57534246575,6,2,0
2023-11-13,21.5,0.0,125.0,76.02943886040804,83.92653746035779,1193.4246575342465,175.807645386856,104.73038282160215,36.969029549801235,34.720561139591965,0.3594960459450305,114506.8493150685,0,2,0
2023-11-14,20.8,0.7,129.0,84.7250117245054,55.091733044644755,1193.5616438356165,192.87882134258197,96.74427927964605,54.191497170356286,25.67498827549459,1.1268868356471788,114517.12328767125,1,2,0
2023-11-15,22.0,1.0,108.0,71.88240884809927,72.51484870367538,1193.6986301369864,143.80633166036333,69.78916584432828,31.109124309842827,39.117591151900726,0.33677770415874175,114527.39726027397,2,2,0
2023-11-16,23.3,0.0,122.0,78.5392006404062,56.45028648311164,1193.835616438356,164.26987250420808,102.63252064749506,39.15062180625038,33.110799359593805,1.5858234286506872,114537.6712328767,3,2,0
2023-11-17,23.4,0.0,115.0,74.53506562448543,59.57271353972356,1193.972602739726,159.14440887062227,71.36596847520545,31.253175901930597,37.16493437551458,0.44485985742816136,114547.94520547945,4,2,0
2023-11-18,23.6,0.0,87.0,76.9929613943163,53.10564860083983,1194.109589041096,136.34385456652745,66.42649507757466,27.576162875203014,34.8070386056837,1.3536958335203226,114558.2191780822,5,1,0
2023-11-19,22.7,0.0,58.0,84.74234213206265,57.15220028965051,1194.2465753424658,83.2534196318725,55.811818664199706,16.20883162472191,26.607657867937355,0.11732787280892261,114568.49315068492,6,1,0
2023-11-20,22.3,0.1,57.0,79.73917878144812,60.53502002932716,1194.3835616438355,40.735375333500556,47.51897735873036,15.047407586351348,31.41082121855188,0.8598312361903521,114578.76712328767,0,1,0
2023-11-21,22.7,3.5,59.0,81.49148039524816,76.02080345461715,1194.5205479452054,46.085996947298675,66.68342644789814,26.794492661001623,29.85851960475184,1.725257736814373,114589.04109589041,1,1,0
2023-11-22,23.0,1.7,59.0,83.262536686549,65.57680971173959,1194.6575342465753,76.36269644285649,57.45109152581774,23.585924815921693,28.237463313451002,1.2616934565468363,114599.31506849316,2,1,0
2023-11-23,22.1,5.4,36.0,79.07523635228559,87.17826085784884,1194.7945205479452,63.15373172107104,22.261016116744237,11.483733236996152,31.974763647714415,2.4478467663975714,114609.58904109588,3,0,0
2023-11-24,22.2,3.7,51.0,75.10395166330497,42.094019691938776,1194.9315068493152,21.549903145495307,41.07313379851439,3.7789403202801655,35.99604833669503,2.1978491105589057,114619.86301369863,4,1,0
2023-11-25,22.5,1.5,49.0,73.07595402989483,65.1534161316014,1195.0684931506848,63.50539647696739,38.72629297455564,12.89495388373715,38.17404597010517,0.9617698697035628,114630.13698630137,5,0,0
2023-11-26,22.0,0.6,57.0,67.61821705311999,69.2112394415859,1195.2054794520548,74.97504286965157,29.77823236653873,30.615137822025417,43.38178294688001,0.20916769953345904,114640.41095890412,6,1,0
2023-11-27,22.3,1.9,57.0,88.38103564970162,86.0098493037137,1195.3424657534247,113.26675556416896,36.19601083515647,15.946691666801456,22.768964350298383,2.1295031202760453,114650.68493150684,0,1,0
2023-11-28,22.6,0.7,51.0,72.28395817139159,42.45792618107138,1195.4794520547946,68.79956376574273,35.1923909302014,20.81608786026829,39.01604182860841,2.2869623447552114,114660.95890410959,1,1,0
2023-11-29,22.5,0.5,49.0,76.69373188207113,68.6749792467608,1195.6164383561643,81.15977969481857,18.837794971440637,21.909712009763005,34.556268117928866,2.069505744205688,114671.23287671233,2,0,0
2023-11-30,22.4,0.2,34.0,77.01593350055539,82.68149642639784,1195.7534246575342,53.825142801749266,27.674934682516433,11.294819579279874,34.18406649944461,0.40707985820743564,114681.50684931508,3,0,0
2023-12-01,22.2,2.9,33.0,81.3370334890455,52.09638640596183,1195.890410958904,6.88867040385599,23.909281553469594,5.690891840659239,29.762966510954506,2.4949963225894907,114691.7808219178,4,0,0
2023-12-02,22.0,1.2,58.0,81.77868606269647,83.81461742619688,1196.027397260274,102.36414433263475,29.671060986884264,5.223438341085556,29.221313937303535,0.7206021317266571,114702.05479452055,5,1,0
2023-12-03,22.0,2.8,58.0,82.80236744179872,40.952170463714594,1196.1643835616437,91.30793010912576,50.44212865277333,20.820816043044772,28.197632558201278,1.8380917907400882,114712.32876712328,6,1,0
2023-12-04,21.5,0.0,40.0,75.08461280715531,76.6227314566865,1196.3013698630136,70.1653727934918,39.158727446909595,7.926219985882259,35.66538719284469,2.279283703205732,114722.60273972603,0,0,0
2023-12-05,22.8,0.0,58.0,76.26439143106793,86.65566105843266,1196.4383561643835,165.52475412872653,48.6703447886489,18.280752259438458,35.135608568932064,0.6656490743937026,114732.87671232875,1,1,0
2023-12-06,22.5,0.0,95.0,76.6628997524415,72.85988308200311,1196.5753424657535,100.81774121002823,72.7593182479103,22.25089830205318,34.587100247558496,2.2798205312249586,114743.1506849315,2,1,0
2023-12-07,23.3,0.1,109.0,73.35654436908226,61.9514621990224,1196.7123287671234,197.99393299522217,93.11442151751855,31.373812297648985,38.29345563091774,0.8427557900676806,114753.42465753425,3,2,0
2023-12-08,22.9,1.9,100.0,83.98672788009996,42.2440508236359,1196.849315068493,144.2510496119929,86.80220360476692,30.168595274505265,27.463272119900036,2.4433917337217346,114763.69863013699,4,1,0
2023-12-09,22.8,1.9,75.0,79.65487475819126,86.00569066613144,1196.986301369863,118.24657808806019,63.074035697196884,23.84296790522149,31.745125241808744,0.775024048913139,114773.97260273971,5,1,0
2023-12-10,23.0,0.0,78.0,79.77438893024907,63.514811134578736,1197.123287671233,116.08975509397516,54.153877495652395,17.825889063237927,31.725611069750926,2.3882459794188042,114784.24657534246,6,1,0
2023-12-11,22.6,0.2,78.0,79.51440634333706,41.4498372167974,1197.2602739726028,108.51527333203913,65.16600765511181,29.38455474380676,31.785593656662943,0.22850716214241978,114794.52054794521,0,1,0
2023-12-12,22.3,0.0,80.0,81.86736928742663,74.4910535664381,1197.3972602739725,108.60334143522482,75.95480650825479,21.015526076340144,29.282630712573372,1.8022528280075514,114804.79452054795,1,1,0
2023-12-13,20.8,0.0,87.0,76.55510779351854,64.0918626788129,1197.5342465753424,137.09017471146018,63.633709413882706,17.727652697733774,33.844892206481454,1.377066721208809,114815.06849315068,2,1,0
2023-12-14,21.2,0.0,80.0,69.51584026022077,46.217265872120535,1197.6712328767123,89.65652606656641,84.97939339132431,23.45488290018268,41.08415973977923,1.2469049850945535,114825.34246575342,3,1,0
2023-12-15,21.6,0.0,72.0,78.39843975876322,50.71359046551298,1197.8082191780823,123.01158335043532,52.34369066014616,21.771876545132297,32.40156024123678,0.6363863542140159,114835.61643835617,4,1,0
2023-12-16,22.5,0.7,71.0,73.54321553104086,43.22453402279231,1197.945205479452,98.17611190229492,57.12407013340137,22.1029471658588,37.70678446895914,1.7934298954635808,114845.8904109589,5,1,0
2023-12-17,21.5,0.2,55.0,74.70691659125121,68.71467698542868,1198.0821917808219,59.898613219192846,37.275144039936634,23.310662018425397,36.043083408748785,0.557942779471137,114856.16438356164,6,1,0
2023-12-18,21.5,0.0,75.0,79.18182009377547,71.10147396260047,1198.2191780821918,103.49974284008373,62.23270835920261,21.3177558163207,31.56817990622453,1.4268203103634438,114866.43835616438,0,1,0
2023-12-19,21.3,0.0,100.0,81.19141535716818,65.28711491777221,1198.3561643835617,175.14298433725145,62.57778307364725,29.401901878156142,29.458584642831816,0.7077888712966018,114876.71232876713,1,1,0
2023-12-20,21.1,0.0,103.0,74.9563578836803,80.85510665013075,1198.4931506849316,143.79329825967554,76.9395820118328,25.384078093834532,35.5936421163197,2.3934913114752545,114886.98630136986,2,2,0
2023-12-21,21.8,0.0,94.0,76.84416506299482,83.05044106540068,1198.6301369863013,148.1690723641924,64.27878799651432,32.30276751443948,34.05583493700518,0.16871486520556678,114897.2602739726,3,1,0
2023-12-22,22.3,0.0,106.0,83.2110747231762,70.78121983415633,1198.7671232876712,144.38087448569053,86.15338347892292,32.72154532039051,27.938925276823802,0.5793478722669677,114907.53424657533,4,2,0
2023-12-23,20.9,0.0,124.0,75.00376589744283,40.637823985371526,1198.9041095890411,201.15843699847238,109.14447375508908,35.099861363529186,35.44623410255717,0.6815454553298745,114917.80821917808,5,2,0
2023-12-24,20.9,0.0,120.0,87.00841557090197,74.76148278738678,1199.041095890411,193.71015477580409,102.46006187114551,26.476626532672682,23.441584429098025,1.0937627818427593,114928.08219178082,6,2,0
2023-12-25,22.0,0.0,82.0,78.72754822815773,60.89996084601758,1199.1780821917807,159.97217666592823,41.883406391411086,31.822060975275434,32.27245177184227,0.6585525804881285,114938.35616438356,0,1,0
2023-12-26,20.7,0.0,66.0,67.89618620422091,68.27787416131935,1199.3150684931506,95.48872109001569,73.22069652927881,13.661600177719714,42.45381379577909,1.2792378166450846,114948.63013698629,1,1,0
2023-12-27,20.6,0.0,64.0,80.56670810552266,72.45403010094422,1199.4520547945206,109.37309609515813,54.152799406208686,16.24360995315147,29.733291894477336,2.1939172558204936,114958.90410958904,2,1,0
2023-12-28,21.1,0.0,62.0,78.8057919244139,57.51183071635384,1199.5890410958905,94.9613507907789,41.83500859507,20.391722555380014,31.744208075586105,1.80895221138201,114969.17808219178,3,1,0
2023-12-29,21.4,0.0,60.0,83.44876377041373,85.8549252585897,1199.7260273972602,115.91743563726028,49.57127918990941,12.017210356916568,27.251236229586265,1.4919087532842665,114979.45205479451,4,1,0
2023-12-30,21.5,0.0,57.0,80.51590675634979,46.69874333748906,1199.86301369863,71.1233522478254,47.36189822502693,9.63245110873428,30.234093243650207,0.31360762715843116,114989.72602739725,5,1,0
2023-12-31,21.2,0.0,72.0,75.70772008008113,73.57559036405186,1200.0,122.90010625754562,50.931512830484365,10.980262086496673,34.89227991991887,1.7655810601342614,115000.0,6,1,0
