date,temperature,rainfall,windspeed,humidity,aqi,co,no2,so2,water_quality,industry_emission,day_of_week,traffic_density,population_density,forest_cover_ha,urban_expansion_rate,drought_index,time_of_day,crisis_score,crisis_label,health_risk_label,traffic_status_label
2020-01-01,21.6,1.9,18.5,80,0.0,0.0,0.0,0.0,82.74685661204494,4.23279713923881,2,2.987269645423778,12000.0,115225.30652471569,2.0457296150684194,0.1725314338795506,12,5.870607980180816,0,0,0
2020-01-02,22.4,1.0,15.1,77,0.0,0.0,0.0,0.0,79.84694279531527,0.0,3,7.282805921093227,12001.369112814897,115034.26706525526,0.20740344142297157,0.20153057204684732,12,6.191573279827283,0,0,0
2020-01-03,23.0,0.0,14.0,73,0.0,0.0,0.0,0.0,82.59075415240277,0.056548868834542985,4,0.14356933815883882,12002.738225629791,115004.15264331219,0.8114577394705532,0.17409245847597232,12,5.234127471367528,0,0,0
2020-01-04,23.4,0.0,13.2,70,0.0,0.0,0.0,0.0,86.0921194256321,2.1246432697696713,5,0.0,12004.107338444688,113786.48844569476,0.7723218850609114,0.13907880574367892,12,4.491060662775819,0,0,0
2020-01-05,23.3,0.2,16.6,73,0.0,0.0,0.0,0.0,79.14338650110665,0.6996483937905049,6,3.2097924794696016,12005.476451259583,115344.09788559256,0.4504405734210597,0.2085661349889335,12,6.426127158325974,0,0,0
2020-01-06,22.4,0.0,19.0,78,0.0,0.0,0.0,0.0,79.06345217220328,2.859409901739735,0,44.25062078794484,12006.84556407448,115031.48627481062,0.7940278092554635,0.20936547827796714,12,7.594888249358872,0,0,0
2020-01-07,22.0,0.0,19.7,73,0.0,0.0,0.0,0.0,86.31685126202956,0.8613724956054727,1,0.0,12008.214676889376,115171.4547055056,0.8434367539429681,0.1368314873797044,12,4.234150495731953,0,0,0
2020-01-08,22.5,0.0,16.4,67,0.0,0.0,0.0,0.0,83.06973891661164,0.0,2,0.0,12009.583789704271,114594.43319649594,1.352522708625948,0.16930261083388354,12,5.079078325016508,0,0,0
2020-01-09,22.8,0.0,17.9,67,0.0,0.0,0.0,0.0,78.1221024562602,1.0845105756183049,3,7.4669711942279635,12010.952902519168,114750.81646741177,1.6928907494230145,0.2187789754373981,12,6.875385273349247,0,0,0
2020-01-10,21.7,0.0,18.4,67,0.0,0.0,0.0,0.0,82.17024017434386,0.0,4,6.2475642093314345,12012.322015334064,114730.41305201128,1.0146412326683538,0.17829759825656144,12,5.473879231883471,0,0,0
2020-01-11,20.9,0.0,18.0,64,0.0,0.0,0.0,0.0,78.14632922875015,0.32567911732956945,5,23.85470330832829,12013.69112814896,115439.61762566194,1.8267285551521149,0.21853670771249856,12,7.082047165140956,0,0,0
2020-01-12,20.6,0.0,18.4,70,0.0,0.0,0.0,0.0,78.13708098571897,0.0,6,0.0,12015.060240963856,114732.3068286864,0.9067968125909919,0.21862919014281035,12,6.558875704284309,0,0,0
2020-01-13,22.2,0.0,14.8,65,0.0,0.0,0.0,0.0,80.96784908626414,0.0,0,14.627605051499849,12016.42935377875,115955.8975214054,0.7966808255554247,0.19032150913735857,12,6.002197375150756,0,0,0
2020-01-14,22.0,0.0,17.3,61,0.0,0.0,0.0,0.0,72.3468790213688,0.0,1,11.80844122502927,12017.798466593647,115122.87918322055,1.3988513340568585,0.27653120978631196,12,8.532105118089943,0,0,0
2020-01-15,20.7,0.0,18.4,60,0.0,0.0,0.0,0.0,73.10032866994787,0.0,2,0.0,12019.167579408544,114262.48725707771,0.15691926473389745,0.26899671330052133,12,8.069901399015638,0,0,0
2020-01-16,21.0,0.0,17.8,65,0.0,0.0,0.0,0.0,77.75084988303611,0.0,3,6.7737463584338,12020.536692223439,114828.93605381214,0.29149389672160086,0.2224915011696389,12,6.810219962257842,0,0,0
2020-01-17,21.7,0.0,17.3,63,0.0,0.0,0.0,0.0,75.9486755186623,0.27853470342334413,4,20.589149631967146,12021.905805038336,114560.25225272245,1.103126904607665,0.240513244813377,12,7.668960542554154,0,0,0
2020-01-18,22.1,0.1,18.2,77,0.0,0.0,0.0,0.0,81.2969893303811,0.4795691759922011,5,17.446307600569007,12023.27491785323,113781.77919225318,2.3629905073402155,0.18703010669618902,12,6.031764729295882,0,0,0
2020-01-19,22.7,0.2,17.8,70,0.0,0.0,0.0,0.0,76.44790369791515,0.0,6,0.0,12024.644030668127,115671.58651058264,1.8316282716242167,0.23552096302084846,12,7.0656288906254545,0,0,0
2020-01-20,23.3,0.0,21.3,62,0.0,0.0,0.0,0.0,74.35078519465884,3.7971235225941022,0,16.40316373510969,12026.013143483024,115216.30292499828,0.3115037668013386,0.2564921480534116,12,8.592396244693656,0,0,0
2020-01-21,22.1,0.0,21.3,60,0.0,0.0,0.0,0.0,85.86259507568622,0.0,1,0.0,12027.382256297919,115124.21592620047,2.131163230674097,0.1413740492431379,12,4.241221477294135,0,0,0
2020-01-22,21.8,0.0,20.2,69,0.0,0.0,0.0,0.0,79.09689479805385,2.9083716015802104,2,1.4574819603103077,12028.751369112815,114933.19471076321,1.8575218494596344,0.20903105201946148,12,6.7363369400270825,0,0,0
2020-01-23,22.3,0.0,19.6,66,0.0,0.0,0.0,0.0,80.2701128187517,1.2815830856150545,3,1.46393982003389,12030.12048192771,114152.36470962968,1.5662716616863677,0.19729887181248307,12,6.140482413617426,0,0,0
2020-01-24,22.3,0.0,16.3,56,0.0,0.0,0.0,0.0,74.30100725514617,0.0,4,0.0,12031.489594742607,114594.44553756074,2.0687031054620255,0.2569899274485382,12,7.709697823456148,0,0,0
2020-01-25,22.1,0.0,17.0,45,0.0,0.0,0.0,0.0,77.82246910189927,5.325932677828536,5,23.8341499421413,12032.858707557503,115250.02510809299,1.069863634583097,0.22177530898100728,12,7.928832169947325,0,0,0
2020-01-26,22.5,0.0,14.8,51,0.0,0.0,0.0,0.0,80.44369035883946,0.0,6,0.0,12034.227820372398,114296.40531917228,0.6316025220492465,0.1955630964116054,12,5.866892892348162,0,0,0
2020-01-27,23.1,0.0,15.0,54,0.0,0.0,0.0,0.0,75.3960256903108,2.7574625208300043,0,0.0,12035.596933187295,113549.01128930066,1.3288561338610225,0.24603974309689203,12,7.794811671031263,0,0,0
2020-01-28,23.1,0.0,12.0,58,0.0,0.0,0.0,0.0,81.5027920733827,3.0017469541289348,1,0.0,12036.966046002191,114694.22355689814,1.4172202134243372,0.1849720792661731,12,5.999424421104531,0,0,0
2020-01-29,23.9,0.0,13.7,58,0.0,0.0,0.0,0.0,77.59744524032477,0.0,2,3.573894336209512,12038.335158817086,114729.77839713737,1.391983292823789,0.2240255475967523,12,6.792244314626758,0,0,0
2020-01-30,23.9,0.0,12.7,54,0.0,0.0,0.0,0.0,78.8332250008269,4.177395900192987,3,24.584295685941008,12039.704271631983,114861.31949572105,1.4561770995522527,0.211667749991731,12,7.468327798499698,0,0,0
2020-01-31,24.3,0.0,20.5,54,0.0,0.0,0.0,0.0,77.59317355108242,0.0,4,12.061893698976672,12041.073384446878,115150.67772263351,2.376891803774034,0.22406826448917583,12,6.963285808654808,0,0,0
2020-02-01,23.0,0.0,16.8,62,0.0,0.0,0.0,0.0,87.40911273803574,0.8660808878395712,5,0.0,12042.442497261774,115098.10192035437,2.2653894954309552,0.12590887261964256,12,3.9071783117652124,0,0,0
2020-02-02,22.9,0.0,17.4,61,0.0,0.0,0.0,0.0,79.94601110104827,0.7809655163136622,6,49.70379833357783,12043.811610076671,114901.56453022327,2.2017208877414545,0.20053988898951725,12,7.127417463804125,0,0,0
2020-02-03,22.5,0.0,16.6,53,0.0,0.0,0.0,0.0,75.7691562841764,0.0,0,5.295506219559592,12045.180722891566,115362.8259350072,2.023400346180705,0.2423084371582359,12,7.3751632391382715,0,0,0
2020-02-04,22.0,0.0,18.8,59,0.0,0.0,0.0,0.0,83.29017964841276,2.4324248194793463,1,25.507814759980295,12046.549835706463,113998.45596391974,2.364227457436685,0.16709820351587235,12,5.88796612359768,0,0,0
2020-02-05,22.9,0.0,15.8,62,0.0,0.0,0.0,0.0,75.11662540011591,2.380466161656639,2,0.0,12047.918948521357,115003.11237492763,0.3363871400305678,0.2488337459988409,12,7.8220823042137235,0,0,0
2020-02-06,23.0,0.0,16.1,60,0.0,0.0,0.0,0.0,80.83545438001902,0.0,3,10.667184894108988,12049.288061336254,115056.97126271995,0.7362958274697747,0.19164545619980988,12,5.962707383876475,0,0,0
2020-02-07,23.1,0.0,17.6,63,0.0,0.0,0.0,0.0,72.1613195044809,3.9130207286344576,4,16.789370090368095,12050.65717415115,114116.8015513739,1.2881342695710039,0.27838680495519097,12,9.27434465975826,0,0,0
2020-02-08,23.8,0.0,14.0,60,0.0,0.0,0.0,0.0,74.68725580440628,0.0,5,24.36389423508512,12052.026286966046,113978.02800343536,2.1316827834961725,0.2531274419559373,12,8.081101143379819,0,0,0
2020-02-09,22.8,0.7,21.2,65,0.0,0.0,0.0,0.0,81.06744494347649,3.097638613024972,6,21.1473661075645,12053.395399780942,114349.37285790131,1.312397707654558,0.18932555056523515,12,6.567359631062089,0,0,0
2020-02-10,22.7,0.0,23.8,64,0.0,0.0,0.0,0.0,82.95386631998164,3.38011541048275,0,17.443940001459556,12054.764512595837,114384.45381324399,1.895283374419813,0.1704613368001836,12,5.96973621560711,0,0,0
2020-02-11,21.9,0.0,21.3,63,0.0,0.0,0.0,0.0,80.68547312475988,0.0,1,0.0,12056.133625410734,115084.8148796154,0.4335037725973989,0.19314526875240123,12,5.7943580625720355,0,0,0
2020-02-12,22.7,0.0,19.8,64,0.0,0.0,0.0,0.0,79.53740687044704,0.0,2,0.0,12057.50273822563,114393.71636938117,0.7057931511437444,0.20462593129552953,12,6.1387779388658865,0,0,0
2020-02-13,23.5,0.0,21.1,57,0.0,0.0,0.0,0.0,78.79558521764284,0.0,3,6.652150206483951,12058.871851040525,114265.69211544866,1.8562626280904138,0.21204414782357162,12,6.494367438836828,0,0,0
2020-02-14,23.7,0.0,12.0,55,0.0,0.0,0.0,0.0,74.0859120385303,0.0,4,18.662561446821385,12060.240963855422,114380.93011960453,0.49536162133053774,0.259140879614697,12,8.147477617377339,0,0,0
2020-02-15,23.9,0.0,16.6,47,0.0,0.0,0.0,0.0,77.12062316642117,0.0,5,0.0,12061.610076670318,115238.94376839146,0.9432542431718242,0.22879376833578835,12,6.86381305007365,0,0,0
2020-02-16,23.8,0.0,17.7,38,0.0,0.0,0.0,0.0,78.15744491616086,2.3389815968080194,6,21.30343931428773,12062.979189485213,114679.02990186536,0.7356790187525714,0.21842555083839144,12,7.329682550958701,0,0,0
2020-02-17,22.8,0.0,17.3,46,0.0,0.0,0.0,0.0,84.22848890487566,3.930926238358825,0,29.052334909723587,12064.34830230011,114575.76331536098,0.9396680661339483,0.15771511095124335,12,5.902138962485597,0,0,0
2020-02-18,23.0,0.0,18.0,47,0.0,0.0,0.0,0.0,81.37447315827384,4.187051432369868,1,0.0,12065.717415115005,114603.26669205145,1.7999777177871288,0.1862552684172616,12,6.215715767373327,0,0,0
2020-02-19,23.1,0.0,19.2,54,0.0,0.0,0.0,0.0,72.94783937854906,0.0,2,0.0,12067.086527929901,115297.18022192777,0.9828332347427224,0.2705216062145094,12,8.115648186435282,0,0,0
2020-02-20,22.8,0.0,19.6,54,0.0,0.0,0.0,0.0,81.29633587757918,0.0,3,0.0,12068.455640744798,114269.44480482544,1.4326319742590565,0.18703664122420816,12,5.611099236726245,0,0,0
2020-02-21,22.8,0.0,19.8,56,0.0,0.0,0.0,0.0,78.45967087833473,0.0,4,6.152253363783928,12069.824753559693,115294.66542695965,0.33983650493058315,0.2154032912166527,12,6.585143803775259,0,0,0
2020-02-22,23.3,0.0,21.2,62,0.0,0.0,0.0,0.0,77.29231199877617,0.0,5,0.0,12071.19386637459,114735.04004431289,2.0320424637631067,0.22707688001223825,12,6.812306400367149,0,0,0
2020-02-23,23.5,0.0,21.6,60,0.0,0.0,0.0,0.0,82.44670515536347,2.894554899292373,6,27.044053577342886,12072.562979189484,114542.462817227,0.9877327015554996,0.17553294844636524,12,6.241052759831671,0,0,0
2020-02-24,23.5,0.0,19.5,58,0.0,0.0,0.0,0.0,84.1239980899838,4.846748470644695,0,8.481337230369023,12073.932092004381,115866.00337054436,1.6564819816800218,0.15876001910016202,12,5.6594395882089445,0,0,0
2020-02-25,24.5,0.0,14.4,54,0.0,0.0,0.0,0.0,83.7251204764648,0.0,1,0.7889409648147898,12075.301204819278,114080.61399004045,1.8409350439883985,0.16274879523535202,12,4.898242676356857,0,0,0
2020-02-26,24.6,0.0,16.1,59,0.0,0.0,0.0,0.0,76.64312990710944,0.0,2,0.0,12076.670317634173,114424.4714685188,0.603186213068081,0.23356870092890558,12,7.0070610278671674,0,0,0
2020-02-27,24.5,0.0,22.7,58,0.0,0.0,0.0,0.0,78.76315049659515,0.0,3,0.0,12078.03943044907,113977.97934208284,2.22321996388804,0.21236849503404853,12,6.371054851021457,0,0,0
2020-02-28,24.1,0.0,22.9,60,0.0,0.0,0.0,0.0,81.32505372561425,0.8404834764588204,4,5.6201850056361256,12079.408543263966,115063.30656029547,1.578938203856687,0.1867494627438575,12,5.840960103897269,0,0,0
2020-02-29,24.5,0.0,20.6,57,0.0,0.0,0.0,0.0,83.90218050848944,0.0,5,0.0,12080.77765607886,115424.55065521577,1.1289403402035556,0.16097819491510568,12,4.829345847453168,0,0,0
2020-03-01,24.5,0.0,19.6,59,0.0,0.0,0.0,0.0,78.08330304861884,1.272183133392269,6,20.252748192881434,12082.146768893757,115407.79819245478,0.5376044405877269,0.21916696951381154,12,7.170891519280816,0,0,0
2020-03-02,24.1,0.0,16.3,62,0.0,0.0,0.0,0.0,79.25736409334473,0.0,0,0.0,12083.515881708652,115177.69179168802,2.361522250962896,0.2074263590665527,12,6.222790771996579,0,0,0
2020-03-03,25.3,0.5,9.9,55,0.0,0.0,0.0,0.0,75.77466010397589,0.0,1,64.86185939189467,12084.884994523549,114459.78779457956,1.9121636899159002,0.24225339896024112,12,8.564839156645126,0,0,0
2020-03-04,25.4,1.1,14.5,58,0.0,0.0,0.0,0.0,75.65517350367732,1.6388527440110987,2,46.15832501232221,12086.254107338445,114368.85815309516,0.5992589505597973,0.2434482649632268,12,8.472442360744914,0,0,0
2020-03-05,25.1,1.8,16.7,62,0.0,0.0,0.0,0.0,83.9701032895768,0.019266809432813448,3,0.0,12087.62322015334,113708.7743689556,0.9105058593381388,0.16029896710423197,12,4.811859034541882,0,0,0
2020-03-06,24.3,2.7,16.5,68,0.0,0.0,0.0,0.0,86.50496011428329,0.0,4,0.0,12088.992332968237,115555.17663615607,2.0432182194113757,0.1349503988571671,12,4.048511965715012,0,0,0
2020-03-07,24.2,2.2,14.0,72,0.0,0.0,0.0,0.0,80.59195951367866,0.0,5,19.911630280040594,12090.361445783132,114764.60952100194,1.7696263917168136,0.19408040486321343,12,6.220644751497213,0,0,0
2020-03-08,24.7,1.0,17.2,68,0.0,0.0,0.0,0.0,84.41413159156811,0.0,6,34.06345219836076,12091.730558598028,114277.0226428555,1.9378823025177385,0.1558586840843189,12,5.357029566496782,0,0,0
2020-03-09,24.7,0.9,15.7,67,0.0,0.0,0.0,0.0,81.80654410019054,0.0,0,0.0,12093.099671412925,115179.91015314628,1.158882645311038,0.18193455899809463,12,5.458036769942839,0,0,0
2020-03-10,25.3,0.5,17.8,58,0.0,0.0,0.0,0.0,77.61952098157951,0.0,1,0.0,12094.46878422782,114022.38006363533,1.8195430303412006,0.22380479018420485,12,6.714143705526146,0,0,0
2020-03-11,25.7,0.0,18.4,57,0.0,0.0,0.0,0.0,81.44558242203365,4.795941511514151,2,0.0,12095.837897042717,114704.95395248922,1.027584934873393,0.18554417577966342,12,6.285716500117027,0,0,0
2020-03-12,25.8,0.0,17.4,51,0.0,0.0,0.0,0.0,86.15214626586388,1.6827583438237161,3,11.654751663477288,12097.207009857611,114408.208981595,0.6070310006516714,0.13847853734136129,12,4.6398649050839404,0,0,0
2020-03-13,25.4,0.0,18.7,52,0.0,0.0,0.0,0.0,79.85669584356019,0.0,4,9.937471810151942,12098.576122672508,114806.74273204312,1.6184248836192638,0.20143304156439812,12,6.241740683134982,0,0,0
2020-03-14,25.3,0.0,17.6,52,0.0,0.0,0.0,0.0,86.25857462325602,2.0908632135322067,5,21.395429099677003,12099.945235487405,114448.49800587243,2.442433421437106,0.13741425376743976,12,4.863965677046564,0,0,0
2020-03-15,25.6,0.0,19.6,56,0.0,0.0,0.0,0.0,69.52101958364102,0.0,6,0.0,12101.3143483023,113747.70144327242,0.845442331348791,0.3047898041635898,12,9.143694124907693,0,0,0
2020-03-16,25.5,0.0,19.0,59,0.0,0.0,0.0,0.0,83.2876100175009,3.519373912759924,0,0.0,12102.683461117196,114503.8341885256,1.2063270213100952,0.1671238998249911,12,5.54162308166372,0,0,0
2020-03-17,25.6,0.0,20.5,54,0.0,0.0,0.0,0.0,80.34818827295268,1.1089265765942817,1,17.160283906042906,12104.052573932093,114983.3586864908,1.7176032905676486,0.1965181172704732,12,6.405088182724194,0,0,0
2020-03-18,26.2,0.0,18.7,46,0.0,0.0,0.0,0.0,78.80397059813653,0.0,2,0.0,12105.421686746988,114437.19902598868,1.3996150770939708,0.2119602940186347,12,6.358808820559041,0,0,0
2020-03-19,26.8,0.0,15.1,44,0.0,0.0,0.0,0.0,80.367043106142,1.3431507774308329,3,0.0,12106.790799561884,114832.24540307275,2.124226709701718,0.1963295689385799,12,6.091359684772024,0,0,0
2020-03-20,25.3,0.4,17.3,56,0.0,0.0,0.0,0.0,72.20972434159643,0.0,4,2.9012749191876326,12108.15991237678,113914.80371280372,1.9281824955268383,0.27790275658403574,12,8.395108195904823,0,0,0
2020-03-21,26.9,0.1,15.9,51,0.0,0.0,0.0,0.0,79.16131244864995,0.0,5,15.863513764373547,12109.529025191676,114417.31867236836,0.23991328926965688,0.20838687551350044,12,6.568876540692485,0,0,0
2020-03-22,26.3,0.1,15.0,54,0.0,0.0,0.0,0.0,81.46845028604699,0.0,6,0.0,12110.898138006572,114111.07445482154,2.4962109614170576,0.1853154971395301,12,5.559464914185904,0,0,0
2020-03-23,25.1,0.7,19.0,63,0.0,0.0,0.0,0.0,86.19157617896606,0.42882928429112027,0,0.0,12112.267250821467,114789.70071578072,1.9057658889267213,0.13808423821033944,12,4.20685153895385,0,0,0
2020-03-24,26.7,0.0,16.4,55,0.0,0.0,0.0,0.0,77.9269191269054,5.1975449984552755,1,0.0,12113.636363636364,114424.83669022191,2.173367959105872,0.22073080873094597,12,7.40155601169667,0,0,0
2020-03-25,26.1,0.0,19.6,51,0.0,0.0,0.0,0.0,76.76602558842725,6.693900438577897,2,0.0,12115.005476451259,114747.00836062175,1.6628745090288313,0.23233974411572744,12,7.974277389258508,0,0,0
2020-03-26,26.2,0.0,19.9,51,0.0,0.0,0.0,0.0,77.99297182566185,1.9141533043222716,3,0.0,12116.374589266155,114938.70734889492,2.1550843073122294,0.2200702817433815,12,6.8892314479497845,0,0,0
2020-03-27,25.7,0.0,17.0,49,0.0,0.0,0.0,0.0,83.66160847080829,1.5025334248333708,4,0.0,12117.743702081052,114733.54203673922,0.3697191398289026,0.1633839152919171,12,5.1268974724825185,0,0,0
2020-03-28,25.9,0.0,17.7,42,0.0,0.0,0.0,0.0,81.31500443863874,0.0,5,10.42559810027629,12119.112814895947,114517.17257968789,0.9345708053423574,0.18684995561361262,12,5.814010630413905,0,0,0
2020-03-29,26.5,0.0,17.0,37,0.0,0.0,0.0,0.0,77.88095918493184,0.0,6,6.433570827530001,12120.481927710844,113874.38784664792,2.2034102646507825,0.22119040815068158,12,6.764383661071048,0,0,0
2020-03-30,26.9,0.0,18.6,42,0.0,0.0,0.0,0.0,82.05306973245342,0.0,0,3.361196119336405,12121.851040525738,114364.9815339327,0.5839725070405414,0.1794693026754658,12,5.451303002650701,0,0,0
2020-03-31,26.8,0.0,18.1,39,0.0,0.0,0.0,0.0,80.38831019739216,0.0,1,0.0,12123.220153340635,114092.71000162078,0.28778103659205456,0.19611689802607846,12,5.883506940782353,0,0,0
2020-04-01,27.6,0.0,19.1,36,0.0,0.0,0.0,0.0,83.87457996213156,0.0,2,0.0,12124.589266155532,114180.10383763912,1.9914854558685255,0.16125420037868432,12,4.837626011360531,0,0,0
2020-04-02,28.0,0.0,17.7,38,0.0,0.0,0.0,0.0,77.19178762449059,0.0,3,0.0,12125.958378970427,114157.74935397865,2.105166773543911,0.22808212375509418,12,6.8424637126528225,0,0,0
2020-04-03,27.9,0.0,18.9,42,0.0,0.0,0.0,0.0,78.68935141360893,0.0,4,3.569533277707795,12127.327491785323,113847.93425532519,0.49036532365576146,0.21310648586391068,12,6.464585241471477,0,0,0
2020-04-04,27.5,0.0,17.1,43,0.0,0.0,0.0,0.0,78.43156738747138,2.2437307683526013,5,28.577154156271348,12128.69660460022,113352.10836151187,2.150430358678517,0.2156843261252862,12,7.378632482136904,0,0,0
2020-04-05,27.8,0.1,16.5,51,0.0,0.0,0.0,0.0,74.18594020747153,0.0,6,0.0,12130.065717415115,113989.58674527751,1.7482427094332071,0.25814059792528465,12,7.744217937758539,0,0,0
2020-04-06,27.4,0.3,13.7,59,0.0,0.0,0.0,0.0,81.30448110825832,0.7177405923334486,0,0.0,12131.434830230011,114413.22860876602,1.3481984397198015,0.1869551889174168,12,5.716316756372524,0,0,0
2020-04-07,25.3,6.1,11.3,70,0.0,0.0,0.0,0.0,83.48422108871955,6.22224800924992,1,6.582135574202591,12132.803943044906,113635.33097345274,2.092600462675324,0.16515778911280454,12,6.0197135862556745,0,0,0
2020-04-08,26.2,0.6,15.2,61,0.0,0.0,0.0,0.0,80.26045382656984,0.0,2,25.056852688549675,12134.173055859803,114310.14122776483,1.106198198365518,0.19739546173430156,12,6.42300090580004,0,0,0
2020-04-09,25.4,3.1,19.5,67,0.0,0.0,0.0,0.0,80.30165146649941,0.0,3,0.0,12135.5421686747,115245.31493504705,0.5655854949361533,0.19698348533500587,12,5.909504560050177,0,0,0
2020-04-10,25.8,0.0,16.0,61,0.0,0.0,0.0,0.0,74.33851703179835,0.0,4,0.0,12136.911281489594,114799.58961388022,0.7836464238654727,0.25661482968201654,12,7.698444890460496,0,0,0
2020-04-11,26.3,0.0,15.0,58,0.0,0.0,0.0,0.0,78.31741870893856,3.3028789049957132,5,0.0,12138.280394304491,115102.71270417691,1.3123936439039556,0.21682581291061442,12,7.0002062230677895,0,0,0
2020-04-12,26.5,0.0,16.5,48,0.0,0.0,0.0,0.0,78.62914193389292,5.875042362661782,6,2.0687625861621277,12139.649507119386,114469.38650144555,1.375193902415622,0.2137085806610708,12,7.333889025954631,0,0,0
2020-04-13,27.1,0.0,16.9,37,0.0,0.0,0.0,0.0,76.79089092311352,0.0,0,40.84152080287488,12141.018619934282,114850.45808783495,2.0333939834589607,0.2320910907688648,12,7.779563139123439,0,0,0
2020-04-14,27.1,0.0,19.8,34,0.0,0.0,0.0,0.0,79.35485715333596,1.4900976697095651,1,5.547169239293518,12142.38773274918,113897.60142447037,1.9992465367656027,0.20645142846664044,12,6.528000889241517,0,0,0
2020-04-15,27.0,0.0,16.1,40,0.0,0.0,0.0,0.0,81.61620342725816,0.0,2,0.0,12143.756845564074,113930.29426955582,1.4952797372909796,0.1838379657274184,12,5.5151389718225525,0,0,0
2020-04-16,27.5,0.0,16.9,46,0.0,0.0,0.0,0.0,87.54474360484213,0.0,3,6.441646215339709,12145.12595837897,112875.77491336063,1.9738851600771432,0.12455256395157877,12,3.865409842854156,0,0,0
2020-04-17,28.2,0.0,16.2,44,0.0,0.0,0.0,0.0,80.69831125132735,7.933030041051104,4,0.0,12146.495071193867,114831.29836681305,0.5602562999048103,0.1930168874867264,12,6.980461130759459,0,0,0
2020-04-18,28.1,0.0,15.6,51,0.0,0.0,0.0,0.0,81.03020156289105,0.0,5,0.0,12147.864184008762,115001.26823306439,0.2201548650239064,0.18969798437108953,12,5.690939531132684,0,0,0
2020-04-19,27.9,0.0,17.3,51,0.0,0.0,0.0,0.0,79.70221633693534,0.7612189844837203,6,16.465598313554107,12149.233296823659,113947.39823384334,2.1967211743232804,0.2029778366306466,12,6.532829912863041,0,0,0
2020-04-20,27.4,0.0,17.8,51,0.0,0.0,0.0,0.0,72.32491513880383,1.4030795152962996,0,4.515230462235088,12150.602409638554,114089.8916166809,0.28133078503064696,0.27675084861196164,12,8.603291994897996,0,0,0
2020-04-21,27.4,0.0,14.2,47,0.0,0.0,0.0,0.0,79.89394449820313,3.2573589748180414,1,0.3522650386731463,12151.97152245345,113832.81702639657,0.6920522313855935,0.2010605550179687,12,6.527465797535231,0,0,0
2020-04-22,28.0,0.0,17.7,48,0.0,0.0,0.0,0.0,80.2409208397641,0.2939494604126863,2,0.0,12153.340635268347,114393.95547234335,1.768765479098523,0.19759079160235904,12,5.971816167132673,0,0,0
2020-04-23,28.7,0.0,15.1,50,0.0,0.0,0.0,0.0,89.85296844994114,0.924151618512307,3,26.070158638695183,12154.709748083242,114757.97558261876,1.082675050305542,0.1014703155005886,12,3.704135380568406,0,0,0
2020-04-24,27.5,0.0,13.4,57,0.0,0.0,0.0,0.0,79.2305561408755,0.0,4,13.294054906662199,12156.078860898138,113317.00393638917,2.203153527797221,0.20769443859124492,12,6.496714255870592,0,0,0
2020-04-25,26.4,6.3,16.8,68,0.0,0.0,0.0,0.0,83.72618936933445,0.8073808237353219,5,0.0,12157.447973713033,114385.98980201334,0.8151515071894468,0.16273810630665553,12,5.003250312759963,0,0,0
2020-04-26,26.5,2.5,11.3,64,0.0,0.0,0.0,0.0,80.86115292117903,0.0,6,20.036497073638742,12158.81708652793,114035.81526419519,0.1284912320064623,0.19138847078820975,12,6.142384065119066,0,0,0
2020-04-27,26.6,0.2,18.7,65,0.0,0.0,0.0,0.0,75.40528784952187,1.8647156695681524,0,0.0,12160.186199342827,114223.72895940066,0.8215735373457859,0.24594712150478126,12,7.6581209955786615,0,0,0
2020-04-28,26.6,0.5,15.3,64,0.0,0.0,0.0,0.0,84.77129125806009,0.0,1,0.0,12161.555312157721,114389.40937761699,1.487380118043596,0.15228708741939911,12,4.568612622581973,0,0,0
2020-04-29,23.6,8.1,10.6,77,0.0,0.0,0.0,0.0,86.2477321307471,1.1313011817065595,2,0.0,12162.924424972618,114058.69177075598,1.002252100967904,0.137522678692529,12,4.2953755380318555,0,0,0
2020-04-30,26.3,0.2,12.2,57,0.0,0.0,0.0,0.0,83.2441277881722,0.0,3,0.0,12164.293537787513,114093.88017680203,1.3836946138210127,0.16755872211827805,12,5.026761663548342,0,0,0
2020-05-01,27.2,0.0,13.2,54,0.0,0.0,0.0,0.0,76.36245018082104,3.3781507523165044,4,9.430847608364115,12165.66265060241,114031.61663309015,2.2038354852040447,0.2363754981917896,12,7.786604510768444,0,0,0
2020-05-02,27.8,0.1,12.8,52,0.0,0.0,0.0,0.0,85.6511772437444,0.0,5,0.0,12167.031763417306,114616.59293112415,2.2899641301528844,0.14348822756255597,12,4.30464682687668,0,0,0
2020-05-03,28.0,0.0,12.2,52,0.0,0.0,0.0,0.0,74.39259574883087,0.0,6,0.0,12168.400876232201,114333.6954236563,0.738337755169869,0.2560740425116913,12,7.682221275350738,0,0,0
2020-05-04,28.1,0.0,12.7,50,0.0,0.0,0.0,0.0,82.34742837520108,3.785764502141975,0,0.0,12169.769989047098,114227.48782582377,1.2091371358477618,0.17652571624798918,12,5.863636162760973,0,0,0
2020-05-05,28.2,0.0,11.2,48,0.0,0.0,0.0,0.0,88.76182250323991,0.0,1,0.0,12171.139101861994,113474.6008097715,1.417945636579483,0.11238177496760082,12,3.371453249028026,0,0,0
2020-05-06,28.4,0.2,12.4,48,0.0,0.0,0.0,0.0,76.11785469947725,0.0,2,0.0,12172.50821467689,113913.6674120736,2.377869896531793,0.2388214530052275,12,7.164643590156825,0,0,0
2020-05-07,28.0,0.1,14.0,55,0.0,0.0,0.0,0.0,77.77480908158891,0.0,3,0.0,12173.877327491786,114545.1724772123,2.4966815659945234,0.22225190918411086,12,6.667557275523325,0,0,0
2020-05-08,27.7,0.1,11.6,59,0.0,0.0,0.0,0.0,80.43860546035057,4.123314279512452,4,0.0,12175.24644030668,114107.56679696722,0.6649773972196639,0.19561394539649424,12,6.486915503821695,0,0,0
2020-05-09,28.5,0.0,15.1,54,0.0,0.0,0.0,0.0,77.98609738353521,0.0,5,0.0,12176.615553121577,114411.36485856236,1.844751691229957,0.22013902616464787,12,6.604170784939437,0,0,0
2020-05-10,28.3,0.0,15.5,51,0.0,0.0,0.0,0.0,73.79734627573546,9.41324560097998,6,9.287397270931484,12177.984665936474,114957.73563729416,1.0072745493596684,0.26202653724264535,12,9.458530902844986,0,0,0
2020-05-11,27.9,0.0,14.7,49,0.0,0.0,0.0,0.0,80.27425189922411,3.1681704271981554,0,0.0,12179.353778751369,114586.66338509729,0.11945967252691175,0.19725748100775886,12,6.39294999431249,0,0,0
2020-05-12,27.6,0.0,18.2,55,0.0,0.0,0.0,0.0,75.75078514509558,0.669716742387479,1,6.327166430722895,12180.722891566265,114106.8201327053,0.12220605384616566,0.24249214854904422,12,7.501765296443906,0,0,0
2020-05-13,27.4,0.0,14.3,58,0.0,0.0,0.0,0.0,81.89436972254073,0.0,2,0.0,12182.09200438116,113797.62699212009,1.205358418149414,0.18105630277459273,12,5.431689083237781,0,0,0
2020-05-14,28.7,0.0,15.0,49,0.0,0.0,0.0,0.0,76.3223030630648,0.8566622245729708,3,3.621254855421647,12183.461117196057,112769.22739255255,1.2720037912104032,0.2367769693693521,12,7.30423351187494,0,0,0
2020-05-15,28.8,0.0,15.4,51,0.0,0.0,0.0,0.0,86.19973762007015,1.563367285138015,4,26.065560746321275,12184.830230010954,113954.69034270663,0.15416727177626238,0.1380026237992985,12,4.895895021676082,0,0,0
2020-05-16,28.4,0.5,16.5,53,0.0,0.0,0.0,0.0,77.06698683065505,1.935646757850171,5,11.723316007855667,12186.199342825848,113868.75716939715,1.748625800258326,0.2293301316934495,12,7.404717284638123,0,0,0
2020-05-17,27.5,5.7,15.6,63,0.0,0.0,0.0,0.0,80.9917539351773,1.6668133980103454,6,0.0,12187.568455640745,114219.82712786582,0.8056081326278874,0.19008246064822698,12,5.952495829148361,0,0,0
2020-05-18,26.3,5.1,25.5,72,0.0,0.0,0.0,0.0,85.29406886947868,0.26874204376574645,0,5.143979407118548,12188.93756845564,113940.57203054332,1.4437434436862786,0.14705931130521321,12,4.55497023386363,0,0,0
2020-05-19,26.3,0.3,24.6,67,0.0,0.0,0.0,0.0,75.19654273426418,0.0,1,0.0,12190.306681270537,113850.21272767482,0.822205775597005,0.24803457265735818,12,7.441037179720745,0,0,0
2020-05-20,26.7,0.0,19.2,61,0.0,0.0,0.0,0.0,80.90983973841652,0.0,2,0.15760369389456302,12191.675794085433,113113.58640550214,0.5011223556863372,0.19090160261583478,12,5.730200152352935,0,0,0
2020-05-21,27.3,0.0,15.8,59,0.0,0.0,0.0,0.0,85.22857101712971,0.0,3,0.0,12193.044906900328,113526.18256954326,1.0772169726373007,0.14771428982870294,12,4.431428694861087,0,0,0
2020-05-22,28.0,0.0,17.7,58,0.0,0.0,0.0,0.0,73.57006706175508,3.4013102906011934,4,0.0,12194.414019715225,114227.3726178811,0.6574560754972018,0.26429932938244916,12,8.439176425063653,0,0,0
2020-05-23,29.1,0.0,19.4,53,0.0,0.0,0.0,0.0,80.73853543412922,1.7806701668425857,5,4.241867061483505,12195.783132530121,114839.88152640972,1.3835223446060034,0.19261464565870778,12,6.130377236017292,0,0,0
2020-05-24,27.9,0.0,17.4,61,0.0,0.0,0.0,0.0,81.03953117699369,0.0,6,0.0,12197.152245345016,113926.0456323331,0.5771884726875519,0.18960468823006305,12,5.688140646901893,0,0,0
2020-05-25,28.2,0.0,13.8,59,0.0,0.0,0.0,0.0,83.12729148710925,1.967702329589283,0,0.0,12198.521358159913,114131.59447435552,1.320174343947105,0.16872708512890755,12,5.356967903305618,0,0,0
2020-05-26,27.5,0.8,13.8,63,0.0,0.0,0.0,0.0,75.37219715648766,0.5842085841563245,1,0.0,12199.890470974808,114436.8086294074,0.4777084356852821,0.24627802843512336,12,7.475972140677152,0,0,0
2020-05-27,26.3,11.0,12.2,77,0.0,0.0,0.0,0.0,79.1181735476629,0.0,2,0.0,12201.259583789704,113548.00319619341,1.710339302765884,0.20881826452337093,12,6.264547935701128,0,0,0
2020-05-28,26.6,0.9,16.2,73,0.0,0.0,0.0,0.0,82.4477662624676,0.0,3,0.0,12202.628696604601,114129.7377992988,1.9094504426594177,0.17552233737532408,12,5.2656701212597214,0,0,0
2020-05-29,25.7,8.5,14.8,78,0.0,0.0,0.0,0.0,84.58793869293275,3.3723381599580406,4,3.189250136082584,12203.997809419496,113568.96633785254,0.3649461621998411,0.15412061307067249,12,5.193254118835532,0,0,0
2020-05-30,25.0,1.7,13.4,81,0.0,0.0,0.0,0.0,81.6819714013835,2.8425793863685733,5,0.0,12205.366922234392,114364.50422362667,1.2227257888896141,0.18318028598616498,12,5.921795487540233,0,0,0
2020-05-31,25.4,0.2,14.3,78,0.0,0.0,0.0,0.0,81.4657928379879,0.0,6,10.272289284621925,12206.736035049287,114000.67414171956,0.2700920815716966,0.18534207162012095,12,5.765707934296067,0,0,0
2020-06-01,24.6,4.3,14.0,80,0.0,0.0,0.0,0.0,78.99990111368604,1.2211568613736055,0,0.6942749750512373,12208.105147864184,114067.07913809696,1.5356378693008057,0.21000098886313967,12,6.497088694601254,0,0,0
2020-06-02,23.7,1.6,22.7,80,0.0,0.0,0.0,0.0,81.56901478864401,0.0,1,0.0,12209.47426067908,113519.43454575949,0.7345703150311489,0.18430985211355988,12,5.529295563406796,0,0,0
2020-06-03,24.0,0.3,25.5,76,0.0,0.0,0.0,0.0,81.29228989319473,0.0,2,13.099511684433796,12210.843373493975,114257.13063763671,1.366298696412899,0.18707710106805264,12,5.874303265730255,0,0,0
2020-06-04,24.2,3.4,25.1,77,0.0,0.0,0.0,0.0,78.50259432789453,0.0,3,16.215972911834196,12212.212486308872,114938.85153180939,1.341906422522299,0.21497405672105474,12,6.7735411598683255,0,0,0
2020-06-05,23.9,9.4,18.6,81,0.0,0.0,0.0,0.0,91.22309804457903,2.5871804171482764,4,0.0,12213.581599123769,113385.41983684231,2.318450430865121,0.08776901955420968,12,3.021147649198532,0,0,0
2020-06-06,23.8,14.5,17.7,80,0.0,0.0,0.0,0.0,87.69533168364714,2.8593751361282598,5,8.403830857899832,12214.950711938664,113712.3767940952,1.4177997341649349,0.12304668316352863,12,4.288383382483093,0,0,0
2020-06-07,23.5,8.3,22.7,79,0.0,0.0,0.0,0.0,78.55478601118939,1.539256260291879,6,0.0,12216.31982475356,113990.94064836553,1.4991963513239577,0.21445213988810607,12,6.664452635686964,0,0,0
2020-06-08,24.8,0.2,18.4,67,0.0,0.0,0.0,0.0,82.70621443453531,2.1752873605439915,0,1.953407534966708,12217.688937568455,114261.22063064194,1.0639675018345127,0.17293785565464692,12,5.553496924420339,0,0,0
2020-06-09,24.9,0.0,19.8,71,0.0,0.0,0.0,0.0,76.10127331909071,1.548534861344875,1,0.0,12219.058050383352,113581.12499536184,2.3777910476387603,0.23898726680909288,12,7.401898233474519,0,0,0
2020-06-10,23.7,1.2,19.6,78,0.0,0.0,0.0,0.0,83.62833841496982,0.0,2,0.0,12220.427163198248,112437.26360629774,1.9652461826550631,0.16371661585030184,12,4.911498475509054,0,0,0
2020-06-11,22.7,7.3,21.2,84,0.0,0.0,0.0,0.0,87.55438231602962,1.2957676340218218,3,0.0,12221.796276013143,114526.25411181366,0.7849726967268197,0.12445617683970378,12,3.9280504502943883,0,0,0
2020-06-12,22.6,5.1,27.1,80,0.0,0.0,0.0,0.0,78.75727072659316,2.4012285756830467,4,0.0,12223.16538882804,114219.79303788627,2.126103005862957,0.21242729273406835,12,6.733003068374507,0,0,0
2020-06-13,23.6,1.3,25.4,78,0.0,0.0,0.0,0.0,84.37350451697728,2.262873989440723,5,0.0,12224.534501642935,112960.9468262134,1.137751264444216,0.15626495483022718,12,5.027379743322926,0,0,0
2020-06-14,24.0,3.4,27.7,78,0.0,0.0,0.0,0.0,83.011123707746,3.566740114423929,6,0.0,12225.903614457831,113521.5168089295,2.0888011444806254,0.16988876292254007,12,5.63167390483979,0,0,0
2020-06-15,24.8,0.6,28.9,72,0.0,0.0,0.0,0.0,83.52824063997795,2.124911541603191,0,0.0,12227.272727272728,114602.2730329455,2.0749313639044047,0.16471759360022054,12,5.260264539247093,0,0,0
2020-06-16,24.3,0.7,27.1,76,0.0,0.0,0.0,0.0,87.8671719306158,1.0543446226247486,1,5.38589505161468,12228.641840087623,114534.9606407733,0.5532884482308505,0.12132828069384205,12,3.9057180152412663,0,0,0
2020-06-17,23.4,0.4,28.9,80,0.0,0.0,0.0,0.0,79.17844753598851,3.2104507149492822,2,0.0,12230.01095290252,114273.26305624637,1.7827387153205847,0.20821552464011495,12,6.728033346445839,0,0,0
2020-06-18,23.9,0.1,27.6,75,0.0,0.0,0.0,0.0,77.02505534257004,0.0,3,3.650020611984268,12231.380065717414,113708.7674412895,0.7975431263356746,0.22974944657429963,12,6.9654838094686715,0,0,0
2020-06-19,24.3,6.2,26.3,76,0.0,0.0,0.0,0.0,78.9219422814979,0.0,4,0.0,12232.74917853231,113831.19798103823,0.8139824079824036,0.21078057718502097,12,6.323417315550628,0,0,0
2020-06-20,24.5,2.4,21.2,75,0.0,0.0,0.0,0.0,77.69675886013825,0.0,5,23.434358294323193,12234.118291347208,113717.12198243146,0.8112353845133937,0.2230324113986175,12,7.15965950784499,0,0,0
2020-06-21,23.7,1.8,22.4,79,0.0,0.0,0.0,0.0,80.41159316234358,0.0,6,0.0,12235.487404162102,114339.58538999148,1.8413637941438756,0.19588406837656425,12,5.876522051296926,0,0,0
2020-06-22,23.3,8.4,22.6,80,0.0,0.0,0.0,0.0,84.72460789926657,0.0,0,9.751205941734373,12236.856516976999,113330.42490847206,0.6515825003020865,0.15275392100733431,12,4.777641749054714,0,0,0
2020-06-23,24.7,0.2,15.5,70,0.0,0.0,0.0,0.0,81.18676319732008,0.0,1,23.63782185919923,12238.225629791896,113358.32689764004,0.10217400459061654,0.18813236802679922,12,6.116727477987962,0,0,0
2020-06-24,24.0,14.9,11.8,78,0.0,0.0,0.0,0.0,89.26873299614411,0.0,2,9.618161854977908,12239.59474260679,114259.2446318627,1.8165684483583195,0.10731267003855893,12,3.4117433382563256,0,0,0
2020-06-25,23.7,27.7,9.7,83,0.0,0.0,0.0,0.0,91.13200756751162,0.0,3,0.0,12240.963855421687,113724.80722405144,0.5108433852043006,0.08867992432488381,12,2.660397729746513,0,0,0
2020-06-26,23.5,14.9,14.2,85,0.0,0.0,0.0,0.0,91.77413630862928,0.0,4,0.0,12242.332968236582,114429.10224289668,0.35075774873880317,0.08225863691370716,12,2.4677591074112155,0,0,0
2020-06-27,23.6,2.5,14.3,83,0.0,0.0,0.0,0.0,79.94137266704817,0.6398811221188156,5,20.72175302092512,12243.702081051479,113396.99307504203,0.6700386894257443,0.20058627332951828,12,6.528005428621873,0,0,0
2020-06-28,23.5,14.4,11.5,85,0.0,0.0,0.0,0.0,96.64067666635847,0.0036164260866727105,6,0.0,12245.071193866375,113698.24061172544,1.0117612535744895,0.033593233336415285,12,1.0083394640054588,0,0,0
2020-06-29,23.4,13.8,14.5,85,0.0,0.0,0.0,0.0,88.02266939106002,0.0,0,0.0,12246.44030668127,113257.30391283541,1.2421751859356818,0.11977330608939984,12,3.5931991826819933,0,0,0
2020-06-30,23.3,7.8,20.2,84,0.0,0.0,0.0,0.0,79.69136977433487,1.9777370052972152,1,0.0,12247.809419496167,113715.07235933172,0.206968097710314,0.20308630225665125,12,6.389249618494119,0,0,0
2020-07-01,23.3,3.3,18.7,82,0.0,0.0,0.0,0.0,77.03643000775554,2.8127104128796754,2,24.75307515023996,12249.178532311062,112964.99816348306,2.429375998305665,0.2296356999224446,12,7.806039062610087,0,0,0
2020-07-02,22.1,6.1,19.6,88,0.0,0.0,0.0,0.0,84.36988966097275,0.0,3,7.595352720817921,12250.547645125958,113453.33553486754,1.8185513282069394,0.1563011033902726,12,4.840940156124534,0,0,0
2020-07-03,22.6,42.8,26.6,86,0.0,0.0,0.0,0.0,96.2261488586966,0.0,4,0.0,12251.916757940855,112971.9059262435,0.8756657567784067,0.03773851141303397,12,1.132155342391019,0,0,0
2020-07-04,22.5,6.2,24.2,86,0.0,0.0,0.0,0.0,85.33600197636837,0.0,5,0.0,12253.28587075575,114029.87508866572,0.8648734174849535,0.1466399802363163,12,4.39919940708949,0,0,0
2020-07-05,22.7,2.7,21.9,85,0.0,0.0,0.0,0.0,82.97295049829418,0.0,6,0.0,12254.654983570646,114034.08875531246,1.1765021184843025,0.17027049501705815,12,5.108114850511745,0,0,0
2020-07-06,22.6,5.3,20.8,86,0.0,0.0,0.0,0.0,81.82868434937251,2.4884245257952453,0,0.0,12256.024096385543,112803.54333355301,1.6029875746312792,0.18171315650627495,12,5.824658374057535,0,0,0
2020-07-07,23.0,2.2,22.6,83,0.0,0.0,0.0,0.0,77.49282512772638,0.0,1,19.577791171135583,12257.393209200438,114328.498184908,0.45129535981352265,0.22507174872273628,12,7.143708285104797,0,0,0
2020-07-08,22.7,10.3,18.7,84,0.0,0.0,0.0,0.0,78.06061110125654,0.0,2,0.0,12258.762322015335,114903.14348873019,0.5534315530358855,0.21939388898743462,12,6.581816669623038,0,0,0
2020-07-09,22.0,13.4,13.7,87,0.0,0.0,0.0,0.0,83.57394019173192,0.0,3,32.17561711468747,12260.13143483023,113670.31973225098,2.1626429988005222,0.1642605980826808,12,5.571330284774173,0,0,0
2020-07-10,21.4,10.2,19.2,90,0.0,0.0,0.0,0.0,87.50559517729388,1.9062540906276793,4,16.564593803692457,12261.500547645126,113319.64002213301,0.7150118173337741,0.12494404822706118,12,4.365551436479835,0,0,0
2020-07-11,22.9,1.3,16.0,83,0.0,0.0,0.0,0.0,81.37637497652081,0.0,5,21.81723341207396,12262.869660460023,115045.2430611094,1.012467995140426,0.18623625023479196,12,6.023432175285237,0,0,0
2020-07-12,23.1,3.4,18.7,86,0.0,0.0,0.0,0.0,76.37704488515205,0.17979789079898476,6,0.0,12264.238773274918,112966.47412981918,2.191052442280281,0.23622955114847954,12,7.113856218074233,0,0,0
2020-07-13,22.7,11.5,16.5,84,0.0,0.0,0.0,0.0,85.29272370340472,0.8321308138745751,0,0.0,12265.607886089814,113628.89222576751,1.691554790559574,0.14707276296595284,12,4.537002511059771,0,0,0
2020-07-14,22.2,6.8,19.2,89,0.0,0.0,0.0,0.0,84.26126951891534,4.081975787515953,1,0.0,12266.976998904709,113701.53074201147,0.9201085104200519,0.15738730481084662,12,5.33391551245279,0,0,0
2020-07-15,21.9,9.1,20.4,91,0.0,0.0,0.0,0.0,80.10457025519547,0.0,2,0.0,12268.346111719606,114277.17402928426,1.74087890973909,0.19895429744804527,12,5.968628923441359,0,0,0
2020-07-16,21.6,10.2,21.6,91,0.0,0.0,0.0,0.0,84.69490042378212,0.0,3,9.873096952863017,12269.715224534502,113777.35031998399,0.1472397169153929,0.15305099576217884,12,4.788991811922625,0,0,0
2020-07-17,21.4,4.2,23.8,91,0.0,0.0,0.0,0.0,81.912834873784,0.5515486342610846,4,25.921261235627924,12271.084337349397,113341.0444978889,1.8655423840272767,0.18087165126215998,12,6.027307057716518,0,0,0
2020-07-18,22.4,12.4,16.4,88,0.0,0.0,0.0,0.0,80.38811880867752,5.401533544532561,5,0.0,12272.453450164294,113107.6498739517,1.2688384972389748,0.19611881191322478,12,6.693794389076628,0,0,0
2020-07-19,22.8,10.0,13.5,88,0.0,0.0,0.0,0.0,85.43114944139313,3.7168390588183122,6,0.0,12273.822562979189,113405.21176238514,2.051637153482707,0.14568850558606872,12,4.928181026404807,0,0,0
2020-07-20,23.0,12.6,15.9,86,0.0,0.0,0.0,0.0,87.28313810547294,0.6289782458238773,0,0.0,12275.191675794085,113065.53960539818,2.391130364815524,0.12716861894527054,12,3.9094053052316986,0,0,0
2020-07-21,23.9,0.2,12.2,80,0.0,0.0,0.0,0.0,84.4122049727011,0.0,1,0.0,12276.560788608982,113585.79655912565,2.321892518786964,0.155877950272989,12,4.6763385081896685,0,0,0
2020-07-22,24.7,0.4,12.4,77,0.0,0.0,0.0,0.0,84.37520820813961,2.421367789911931,2,11.826984835168005,12277.929901423877,113272.6664226656,2.2822361042928176,0.15624791791860393,12,5.287182402748266,0,0,0
2020-07-23,23.4,64.9,9.7,84,0.0,0.0,0.0,0.0,100.0,0.0,3,0.0,12279.299014238773,112800.62622931351,1.3292078942413292,0.0,12,0.0,0,0,0
2020-07-24,22.7,50.2,16.3,85,0.0,0.0,0.0,0.0,96.32869984033951,1.4290733080686577,4,0.0,12280.66812705367,114168.09863350837,0.9643410739334513,0.036713001596604844,12,1.3157510441084457,0,0,0
2020-07-25,22.8,10.2,15.5,85,0.0,0.0,0.0,0.0,86.14014106883464,1.5164104774998806,5,0.0,12282.037239868565,113284.57009096895,1.2160847793536147,0.13859858931165359,12,4.38541925097459,0,0,0
2020-07-26,22.4,2.2,17.7,83,0.0,0.0,0.0,0.0,82.93514380364883,3.180629722496639,6,0.0,12283.406352683462,112892.21856355834,1.7557504079520658,0.17064856196351175,12,5.596551317279848,0,0,0
2020-07-27,22.7,1.3,19.1,82,0.0,0.0,0.0,0.0,82.58019074522419,8.278980116733234,0,0.0,12284.775465498356,113435.03801216478,2.221594664490848,0.1741980925477581,12,6.467789793942728,0,0,0
2020-07-28,22.7,6.9,17.3,85,0.0,0.0,0.0,0.0,98.1709259626189,1.177247901536301,1,0.0,12286.144578313253,113546.2339757549,0.5967671272002869,0.018290740373811065,12,0.7253093964447765,0,0,0
2020-07-29,22.1,13.1,12.3,90,0.0,0.0,0.0,0.0,87.52356204277267,0.0,2,0.0,12287.51369112815,112631.69544334411,2.303663580308087,0.12476437957227338,12,3.7429313871681997,0,0,0
2020-07-30,22.9,4.4,15.1,87,0.0,0.0,0.0,0.0,86.3022625607224,0.0,3,0.0,12288.882803943045,113663.63325305904,2.0564325567277337,0.13697737439277602,12,4.10932123178328,0,0,0
2020-07-31,22.7,5.2,17.3,87,0.0,0.0,0.0,0.0,85.89600705397281,0.0,4,6.390493415659108,12290.251916757941,112967.11124851358,2.449254436427763,0.14103992946027188,12,4.359007752121339,0,0,0
2020-08-01,22.1,2.7,22.5,87,0.0,0.0,0.0,0.0,83.6855650052232,0.0,5,33.0723453698457,12291.621029572836,114339.08505081665,2.212604255876049,0.16314434994776805,12,5.555777405829955,0,0,0
2020-08-02,21.4,20.7,26.8,91,0.0,0.0,0.0,0.0,87.01892302143862,0.0,6,2.7977446567825477,12292.990142387733,113738.43151562216,0.771849591260576,0.1298107697856138,12,3.950277986704064,0,0,0
2020-08-03,22.2,3.0,28.8,85,0.0,0.0,0.0,0.0,84.23587688197307,0.0,0,19.92236429822258,12294.35925520263,113269.38187789168,0.3542941872257145,0.1576412311802693,12,5.12768422137253,0,0,0
2020-08-04,22.1,3.1,36.0,82,0.0,0.0,0.0,0.0,78.1486991418497,0.457064616101166,1,0.0,12295.728368017524,113089.6286011502,0.3693785727798127,0.2185130085815029,12,6.623949949860264,0,0,0
2020-08-05,22.4,4.9,42.6,81,0.0,0.0,0.0,0.0,81.01272557303996,0.0,2,3.15522878587539,12297.09748083242,113402.6092458896,0.7989359645878626,0.18987274426960044,12,5.75928690380552,0,0,0
2020-08-06,23.0,3.4,29.7,81,0.0,0.0,0.0,0.0,79.41854580868359,3.3630920019734143,3,0.0,12298.466593647316,113754.3690838256,1.5740409375628943,0.20581454191316406,12,6.678900057690935,0,0,0
2020-08-07,22.4,4.6,22.5,85,0.0,0.0,0.0,0.0,82.16749655754529,0.0006211947545912815,4,0.0,12299.835706462212,113428.10726210389,2.030368782633214,0.17832503442454706,12,5.349844211949601,0,0,0
2020-08-08,22.4,2.3,24.8,85,0.0,0.0,0.0,0.0,90.17863426669403,0.0,5,0.0,12301.204819277109,113325.1555361906,2.2582007367557555,0.09821365733305965,12,2.94640971999179,0,0,0
2020-08-09,21.6,13.6,22.2,89,0.0,0.0,0.0,0.0,77.970939229633,0.0,6,23.837986688271457,12302.573932092004,113455.80069853053,1.5970081224861588,0.22029060770366993,12,7.085477964875528,0,0,0
2020-08-10,21.5,6.5,23.8,90,0.0,0.0,0.0,0.0,85.34504076149805,0.4655720515769374,0,19.00031657339291,12303.9430449069,113117.56670086565,0.11351515059532896,0.1465495923850194,12,4.8463299107549815,0,0,0
2020-08-11,22.4,3.5,23.0,85,0.0,0.0,0.0,0.0,74.9491365152414,2.475294794002904,1,4.860094441087994,12305.312157721797,113240.77381642514,0.5471602636444804,0.2505086348475859,12,7.983755153349775,0,0,0
2020-08-12,22.5,0.4,25.9,82,0.0,0.0,0.0,0.0,78.27227253684227,0.0,2,0.0,12306.681270536692,112362.3611737567,0.3393428892480831,0.2172772746315773,12,6.5183182389473195,0,0,0
2020-08-13,23.0,0.0,24.7,78,0.0,0.0,0.0,0.0,84.35580238786946,0.0,3,0.0,12308.050383351589,113885.00112199792,0.971978741365624,0.1564419761213054,12,4.693259283639161,0,0,0
2020-08-14,22.3,0.4,24.0,81,0.0,0.0,0.0,0.0,80.41712007638185,0.0,4,6.034000178034711,12309.419496166483,113540.41751009517,1.3032423847209902,0.19582879923618146,12,5.99554398064614,0,0,0
2020-08-15,22.0,0.2,27.1,81,0.0,0.0,0.0,0.0,75.76902088828277,0.0,5,3.5107245915719583,12310.78860898138,112997.17131128011,0.20415322858854604,0.24230979111717232,12,7.339508225346609,0,0,0
2020-08-16,21.8,1.7,26.8,83,0.0,0.0,0.0,0.0,77.81878516296014,0.0,6,0.0,12312.157721796277,114326.14733733698,0.9363471419095727,0.22181214837039864,12,6.654364451111958,0,0,0
2020-08-17,22.3,7.2,25.1,84,0.0,0.0,0.0,0.0,85.5983909957387,0.0,0,0.0,12313.526834611172,113413.1687002181,0.5300312191007742,0.14401609004261307,12,4.320482701278391,0,0,0
2020-08-18,22.0,7.9,22.7,85,0.0,0.0,0.0,0.0,80.23853347313145,2.623167542138183,1,0.0,12314.895947426068,112844.46928739685,1.6529683990212976,0.19761466526868543,12,6.321915089381291,0,0,0
2020-08-19,22.5,3.3,22.3,83,0.0,0.0,0.0,0.0,82.1858343583279,0.7876839870057749,2,10.725818190343798,12316.265060240963,113783.79039748223,1.2142536863784161,0.17814165641672108,12,5.6769186543593735,0,0,0
2020-08-20,22.2,1.0,21.1,83,0.0,0.0,0.0,0.0,80.58228735961526,0.5807697341026331,3,0.0,12317.63417305586,113547.32640836416,1.2887623526413812,0.19417712640384732,12,5.912429252230815,0,0,0
2020-08-21,22.6,0.8,21.2,82,0.0,0.0,0.0,0.0,77.71359860957672,2.5526938865039166,4,0.0,12319.003285870756,113538.47290621419,1.1264602912803066,0.22286401390423283,12,7.068824500102572,0,0,0
2020-08-22,23.0,3.9,15.1,83,0.0,0.0,0.0,0.0,90.13577635730131,0.0,5,2.860975397579047,12320.372398685651,113121.18572450882,2.394447305167761,0.09864223642698688,12,3.0164866007611875,0,0,0
2020-08-23,23.1,2.1,14.8,84,0.0,0.0,0.0,0.0,83.37567608927205,1.1713945497866687,6,16.99223977032426,12321.741511500548,113552.19200208617,0.6153643002917517,0.16624323910727956,12,5.502851151092871,0,0,0
2020-08-24,22.5,3.4,13.0,86,0.0,0.0,0.0,0.0,73.25942965336957,0.0,0,13.857151684748734,12323.110624315443,113188.94560844914,1.3399942236252984,0.2674057034663043,12,8.299314137684105,0,0,0
2020-08-25,23.7,0.0,9.7,74,0.0,0.0,0.0,0.0,80.74581725907771,0.7960870481988853,1,11.651426376176104,12324.47973713034,113590.67609274515,1.8664416840768063,0.19254182740922288,12,6.1286964070300405,0,0,0
2020-08-26,23.6,0.0,10.7,78,0.0,0.0,0.0,0.0,77.35285414092645,0.0,2,0.0,12325.848849945236,112353.11375327945,1.4364265915229502,0.22647145859073547,12,6.794143757722064,0,0,0
2020-08-27,23.1,0.1,14.0,76,0.0,0.0,0.0,0.0,83.4497333391849,0.0,3,0.0,12327.21796276013,113081.52986215772,2.3296501257203226,0.16550266660815094,12,4.965079998244529,0,0,0
2020-08-28,23.4,0.0,13.9,72,0.0,0.0,0.0,0.0,76.8299170462692,0.0,4,0.0,12328.587075575027,114152.42475591395,1.007124053539082,0.23170082953730797,12,6.951024886119239,0,0,0
2020-08-29,23.5,0.3,15.7,75,0.0,0.0,0.0,0.0,79.66105423413241,4.26824440829982,5,20.0326365041712,12329.956188389924,112900.69409267225,1.2128219338556272,0.2033894576586759,12,7.142573121088675,0,0,0
2020-08-30,23.6,5.1,12.5,79,0.0,0.0,0.0,0.0,84.05994911592184,2.778646206724777,6,27.86909055048863,12331.325301204819,112975.18928498836,0.31245355651534823,0.1594005088407816,12,5.756194007241937,0,0,0
2020-08-31,23.2,4.7,12.0,81,0.0,0.0,0.0,0.0,85.34302077668048,2.896192453773512,0,14.210982045955706,12332.694414019716,113046.0083778725,1.5615978665246284,0.14656979223319522,12,5.115742275980998,0,0,0
2020-09-01,22.6,6.6,16.4,87,0.0,0.0,0.0,0.0,77.83881437177689,3.708392165418654,1,8.586816456034686,12334.06352683461,112655.4665925157,0.7917087242754545,0.22161185628223112,12,7.376350842400424,0,0,0
2020-09-02,22.0,19.9,17.4,90,0.0,0.0,0.0,0.0,86.6219950566362,0.2659727728843123,2,7.592792967719309,12335.432639649507,112151.60988570843,0.4847416948373653,0.13378004943363808,12,4.205153258296175,0,0,0
2020-09-03,22.8,16.8,8.5,86,0.0,0.0,0.0,0.0,84.82021875535618,0.5919471222167868,3,0.0,12336.801752464404,113133.3376879233,1.4068751029708195,0.1517978124464382,12,4.642726441725664,0,0,0
2020-09-04,23.4,3.1,13.0,83,0.0,0.0,0.0,0.0,78.62668306970515,0.0,4,0.0,12338.170865279299,113309.44121258847,1.3775446321117855,0.2137331693029485,12,6.411995079088453,0,0,0
2020-09-05,23.4,5.4,12.6,85,0.0,0.0,0.0,0.0,89.22181696112439,0.0,5,33.38139051652662,12339.539978094195,113208.13957964086,0.2820919389377141,0.1077818303887561,12,3.901082721993215,0,0,0
2020-09-06,23.6,11.1,13.8,85,0.0,0.0,0.0,0.0,86.05992684384383,1.8473134493134247,6,0.0,12340.90909090909,113154.83344629878,1.7757170883867348,0.13940073156156174,12,4.459118964243865,0,0,0
2020-09-07,22.9,6.1,21.9,86,0.0,0.0,0.0,0.0,77.39646418265981,3.6116533115064486,0,32.29557581419703,12342.278203723987,113241.67377606046,1.5970532575620469,0.22603535817340192,12,7.968720258211964,0,0,0
2020-09-08,23.2,12.5,12.0,85,0.0,0.0,0.0,0.0,88.6714477882191,0.0,1,0.0,12343.647316538883,113724.45468977319,0.5536414785915933,0.11328552211780907,12,3.3985656635342707,0,0,0
2020-09-09,22.6,18.1,16.0,88,0.0,0.0,0.0,0.0,95.72862478805052,0.0,2,26.50864218190157,12345.016429353778,113110.69147439575,1.2266436691697054,0.0427137521194948,12,1.811585407222874,0,0,0
2020-09-10,22.0,21.8,19.4,89,0.0,0.0,0.0,0.0,92.84986104220458,0.0015838765697918783,3,0.0,12346.385542168675,112911.75389217926,1.8287749995485438,0.07150138957795416,12,2.1452792688240945,0,0,0
2020-09-11,21.7,3.5,24.7,88,0.0,0.0,0.0,0.0,75.32252013618395,1.8036202467873446,4,11.718084023292983,12347.754654983572,113051.11305164138,1.3706457772990637,0.24677479863816043,12,7.908148676628775,0,0,0
2020-09-12,21.2,13.2,22.6,93,0.0,0.0,0.0,0.0,83.343063708535,0.0,5,0.0,12349.123767798466,113474.22978732636,1.0491737828405685,0.16656936291464997,12,4.997080887439501,0,0,0
2020-09-13,20.7,22.1,18.9,93,0.0,0.0,0.0,0.0,93.9076445967465,0.0,6,0.0,12350.492880613363,113883.45046008214,0.8736122993942647,0.06092355403253502,12,1.827706620976052,0,0,0
2020-09-14,21.0,6.0,21.0,89,0.0,0.0,0.0,0.0,79.56932213752488,0.0,0,4.370680848218914,12351.861993428258,112856.24576458847,1.5649452799457286,0.20430677862475122,12,6.2166169757069145,0,0,0
2020-09-15,21.7,14.4,21.9,88,0.0,0.0,0.0,0.0,87.53527771258491,0.0,1,20.189435771919374,12353.231106243154,113212.66514105003,2.3538608759445774,0.12464722287415086,12,4.143205401662913,0,0,0
2020-09-16,22.1,11.6,21.5,86,0.0,0.0,0.0,0.0,87.73853621371735,0.0,2,0.0,12354.600219058051,113325.25758186611,1.7121876171459602,0.12261463786282645,12,3.6784391358847945,0,0,0
2020-09-17,22.5,5.6,20.8,83,0.0,0.0,0.0,0.0,78.53227811368767,0.0,3,0.0,12355.969331872946,112652.67047089628,0.2793901687271572,0.2146772188631233,12,6.4403165658937,0,0,0
2020-09-18,22.2,10.2,24.1,88,0.0,0.0,0.0,0.0,83.8418985757528,0.0,4,0.0,12357.338444687843,113152.04867122968,1.2056439363571212,0.16158101424247207,12,4.847430427274162,0,0,0
2020-09-19,21.3,11.7,23.4,90,0.0,0.0,0.0,0.0,71.71493063972372,4.357402603412236,5,0.0,12358.707557502737,112401.88377231472,2.237977915625506,0.2828506936027628,12,9.13913119859472,0,0,0
2020-09-20,20.6,21.9,28.0,94,0.0,0.0,0.0,0.0,84.66244943466285,0.9802342938069601,6,10.966392551089974,12360.076670317634,112243.0761624786,0.3267098219226085,0.15337550565337155,12,4.96762816469399,0,0,0
2020-09-21,20.9,9.4,32.1,91,0.0,0.0,0.0,0.0,82.74972739442737,0.9014230788324851,0,18.991891427289765,12361.44578313253,113303.85513165698,2.473301709130104,0.17250272605572636,12,5.6901330720424586,0,0,0
2020-09-22,22.3,0.4,34.6,79,0.0,0.0,0.0,0.0,75.1688672721406,1.8666214321302057,1,0.0,12362.814895947426,112921.425170408,2.377766544749011,0.24831132727859395,12,7.72933303317735,0,0,0
2020-09-23,22.2,0.0,26.7,78,0.0,0.0,0.0,0.0,86.52964521572655,0.0,2,37.11006629588526,12364.184008762322,113207.38335824653,0.28785875375170206,0.13470354784273453,12,4.783307761199741,0,0,0
2020-09-24,22.4,0.2,16.3,84,0.0,0.0,0.0,0.0,74.35943448815746,3.117335362260806,3,4.4846948907058355,12365.553121577217,113090.17627929429,2.3401919690789317,0.2564056551184254,12,8.249463855705999,0,0,0
2020-09-25,22.6,8.8,13.3,85,0.0,0.0,0.0,0.0,81.75982205321206,0.0,4,0.0,12366.922234392114,112603.8043568291,0.9715182166227092,0.1824017794678794,12,5.472053384036381,0,0,0
2020-09-26,21.7,2.4,18.4,88,0.0,0.0,0.0,0.0,81.48296230914436,2.011441851723638,5,0.0,12368.29134720701,113062.25784354137,2.1273020009820702,0.18517037690855642,12,5.856827585015239,0,0,0
2020-09-27,21.9,1.9,15.8,84,0.0,0.0,0.0,0.0,86.52509315626446,0.0,6,0.0,12369.660460021905,112461.21495537866,1.1041200105118516,0.13474906843735535,12,4.042472053120662,0,0,0
2020-09-28,22.3,3.8,14.3,84,0.0,0.0,0.0,0.0,75.77655139528224,0.0,0,0.0,12371.029572836802,113766.13240024933,1.158052270486038,0.24223448604717757,12,7.267034581415327,0,0,0
2020-09-29,22.0,10.7,18.5,88,0.0,0.0,0.0,0.0,88.93265500861983,2.453668974075086,1,19.206095925629405,12372.398685651699,112385.54166218119,1.6221834183461024,0.11067344991380168,12,4.072375762037901,0,0,0
2020-09-30,21.0,7.2,15.7,91,0.0,0.0,0.0,0.0,82.92093224407834,1.1292285782925497,2,9.24967248133708,12373.767798466593,112958.51481248943,1.95874580626236,0.1707906775592165,12,5.4780980631471206,0,0,0
2020-10-01,22.1,0.6,21.1,81,0.0,0.0,0.0,0.0,76.3139653958082,0.0,3,0.0,12375.13691128149,112528.15226731263,0.18109396227579672,0.23686034604191808,12,7.105810381257541,0,0,0
2020-10-02,22.6,1.8,12.7,82,0.0,0.0,0.0,0.0,82.56841389705308,0.0,4,3.44508772822075,12376.506024096385,113327.3792613792,1.5235743892651223,0.17431586102946928,12,5.298377585448491,0,0,0
2020-10-03,22.5,5.0,16.1,84,0.0,0.0,0.0,0.0,82.79623878229388,3.376304353244308,5,13.430623434581069,12377.875136911282,112869.33360242058,0.5481591858336904,0.17203761217706115,12,5.936186486990103,0,0,0
2020-10-04,22.1,2.3,17.7,84,0.0,0.0,0.0,0.0,78.51913249136483,0.0,6,30.560627187756655,12379.244249726178,112768.59654161327,0.930278842871687,0.2148086750863517,12,7.055472796345685,0,0,0
2020-10-05,22.2,1.4,18.1,81,0.0,0.0,0.0,0.0,80.83920833996008,4.9280188597678904,0,17.750079348281186,12380.613362541073,113447.41128731219,0.9351247987725195,0.19160791660039922,12,6.842441913942783,0,0,0
2020-10-06,23.1,0.8,12.2,81,0.0,0.0,0.0,0.0,78.77874561255295,0.0,1,15.216933086229556,12381.98247535597,113028.40642398773,1.2257448165307687,0.21221254387447042,12,6.670714977958705,0,0,0
2020-10-07,23.2,0.3,13.7,80,0.0,0.0,0.0,0.0,80.574069381005,1.915175776825149,2,1.2017198923032721,12383.351588170864,113264.89396447949,0.9019273885028161,0.19425930618995002,12,6.139089950068337,0,0,0
2020-10-08,23.4,0.7,9.8,79,0.0,0.0,0.0,0.0,82.9285226980842,0.0,3,7.766240108468993,12384.720700985761,112508.7893866153,0.35766668428160264,0.17071477301915805,12,5.276767992744121,0,0,0
2020-10-09,23.2,4.8,8.8,83,0.0,0.0,0.0,0.0,88.26406726458141,1.8095622932470292,4,24.990098014123173,12386.089813800658,112289.92449627284,0.44950897246108346,0.11735932735418586,12,4.292016124895094,0,0,0
2020-10-10,22.2,4.6,13.4,88,0.0,0.0,0.0,0.0,76.88873800469261,0.0,5,0.0,12387.458926615553,113038.81756261918,0.18025116534663443,0.23111261995307386,12,6.933378598592216,0,0,0
2020-10-11,21.3,17.1,19.6,90,0.0,0.0,0.0,0.0,95.37213349862508,0.0,6,0.0,12388.82803943045,112818.6710172143,1.2285978047890105,0.04627866501374922,12,1.3883599504124775,0,0,0
2020-10-12,21.1,9.6,18.4,92,0.0,0.0,0.0,0.0,76.03164880191,0.1227575261871634,0,0.0,12390.197152245346,113284.19214455117,2.3906744676471723,0.2396835119809001,12,7.208918988355075,0,0,0
2020-10-13,21.7,1.5,27.0,85,0.0,0.0,0.0,0.0,79.99285961985765,0.0,1,7.583062374522482,12391.56626506024,112923.90119535547,0.3776205367554797,0.2000714038014234,12,6.1538033615331535,0,0,0
2020-10-14,21.4,0.5,31.1,79,0.0,0.0,0.0,0.0,82.5532688259383,2.2224730362603777,2,24.604443513015752,12392.935377875137,113059.2737046666,2.371034783207397,0.17446731174061691,12,6.05947917791788,0,0,0
2020-10-15,22.1,0.0,27.4,79,0.0,0.0,0.0,0.0,81.12396747094013,0.0,3,0.0,12394.304490690032,112137.92538344121,1.8600676353570245,0.18876032529059872,12,5.662809758717961,0,0,0
2020-10-16,22.3,1.0,17.8,82,0.0,0.0,0.0,0.0,77.90920192071763,0.0,4,0.0,12395.673603504929,113886.7157315815,1.6299971270419917,0.2209079807928237,12,6.627239423784709,0,0,0
2020-10-17,22.6,0.0,10.0,76,0.0,0.0,0.0,0.0,79.1675109985709,0.0,5,0.0,12397.042716319826,112853.25688262089,1.648666612776551,0.208324890014291,12,6.249746700428728,0,0,0
2020-10-18,22.5,0.5,9.1,81,0.0,0.0,0.0,0.0,78.22799626136467,0.0,6,18.269474640348133,12398.41182913472,113277.05197366906,2.084146356151077,0.21772003738635337,12,6.896990614397562,0,0,0
2020-10-19,22.0,11.4,13.4,90,0.0,0.0,0.0,0.0,82.20254097222316,0.0,0,10.752598058997593,12399.780941949617,112503.09326675217,0.35660767451157127,0.1779745902777684,12,5.554289669513003,0,0,0
2020-10-20,21.8,8.4,15.3,91,0.0,0.0,0.0,0.0,86.75840838808409,7.237846264838748,1,8.563724956211523,12401.150054764512,113068.02466633321,1.3114103765573002,0.13241591611915904,12,5.229428922424814,0,0,0
2020-10-21,21.7,19.5,15.3,90,0.0,0.0,0.0,0.0,89.22806194386018,2.3538128636940714,2,0.0,12402.519167579409,112255.4779468247,1.7730187318258206,0.10771938056139818,12,3.5846533463960557,0,0,0
2020-10-22,21.5,15.3,15.3,92,0.0,0.0,0.0,0.0,83.34836161895738,0.0,3,0.0,12403.888280394305,113125.81486107946,1.508369068176553,0.16651638381042622,12,4.995491514312785,0,0,0
2020-10-23,21.8,5.6,14.7,87,0.0,0.0,0.0,0.0,85.838399501733,0.0,4,10.305886432489348,12405.2573932092,112714.67451311923,2.098669770455907,0.14161600498267002,12,4.454597878129889,0,0,0
2020-10-24,20.9,12.2,12.4,83,0.0,0.0,0.0,0.0,86.10919808350643,0.06739767843613914,5,0.0,12406.626506024097,112900.13742064248,0.2734521016272436,0.13890801916493567,12,4.177350226713492,0,0,0
2020-10-25,22.4,2.6,12.3,83,0.0,0.0,0.0,0.0,84.29144847535585,1.6413573455256298,6,43.68193466760913,12407.995618838992,113227.40979710229,1.7576824947979983,0.15708551524644154,12,5.832407752574273,0,0,0
2020-10-26,22.6,0.6,13.6,77,0.0,0.0,0.0,0.0,82.75851536769444,0.0,0,11.41014416709032,12409.364731653888,112255.03323978964,1.3816665529233225,0.1724148463230556,12,5.4006482730334735,0,0,0
2020-10-27,22.1,0.0,16.1,74,0.0,0.0,0.0,0.0,76.68401995631172,3.3429650840066163,1,0.0,12410.733844468785,112521.93814345593,1.0099860735518642,0.2331598004368829,12,7.496238775707479,0,0,0
2020-10-28,21.8,0.0,17.3,71,0.0,0.0,0.0,0.0,77.75927583921212,2.146143946323732,2,0.0,12412.10295728368,113085.72676266824,0.916659957361674,0.22240724160787873,12,6.994138840184923,0,0,0
2020-10-29,21.2,0.4,17.4,72,0.0,0.0,0.0,0.0,83.14917442049304,2.1545571771238032,3,0.0,12413.472070098576,113899.05597276078,1.5899983186580628,0.16850825579506956,12,5.378431250420658,0,0,0
2020-10-30,21.6,0.0,14.0,65,0.0,0.0,0.0,0.0,82.44148106173385,1.3154272164291818,4,0.0,12414.841182913473,112773.7846815192,2.2383888991462357,0.17558518938266143,12,5.464869763944221,0,0,0
2020-10-31,22.3,1.6,8.5,74,0.0,0.0,0.0,0.0,80.55639362414341,0.05884997308196971,5,22.336675510599086,12416.210295728368,113131.27452117446,1.2908222226426767,0.19443606375856592,12,6.288642918931253,0,0,0
2020-11-01,22.8,0.1,13.0,73,0.0,0.0,0.0,0.0,80.50930953323514,2.0185837079004596,6,3.7283233948809262,12417.579408543264,112775.10134064578,2.079335593784608,0.1949069046676486,12,6.224561164112146,0,0,0
2020-11-02,23.5,0.4,12.3,72,0.0,0.0,0.0,0.0,85.2706595831537,1.775442401224134,0,0.0,12418.94852135816,113792.59048631572,1.065175316425522,0.14729340416846304,12,4.68511848523751,0,0,0
2020-11-03,23.1,0.4,14.4,75,0.0,0.0,0.0,0.0,77.79371444465667,0.0,1,37.80881370311565,12420.317634173056,111940.73746881748,0.3457467107036237,0.2220628555534333,12,7.418061940665312,0,0,0
2020-11-04,23.0,0.7,15.6,79,0.0,0.0,0.0,0.0,82.46838952468015,0.0,2,0.9861666304044526,12421.686746987953,112854.53943799733,0.24761376750073252,0.17531610475319848,12,5.2792064752040435,0,0,0
2020-11-05,22.7,4.8,17.0,82,0.0,0.0,0.0,0.0,81.11122939026443,0.3055688857859601,3,15.376793519377935,12423.055859802847,111987.33751224416,0.22320249117682617,0.18888770609735572,12,6.020002386176125,0,0,0
2020-11-06,22.9,0.0,17.0,80,0.0,0.0,0.0,0.0,79.12927518709112,4.647060454485562,4,0.0,12424.424972617744,111539.70435711938,1.0123603406984079,0.2087072481290888,12,6.9582765120454955,0,0,0
2020-11-07,22.8,0.8,16.6,80,0.0,0.0,0.0,0.0,84.71510740794875,0.0,5,7.2623125548904675,12425.794085432639,112934.60178230918,0.9093706020060209,0.15284892592051247,12,4.730714028713185,0,0,0
2020-11-08,22.6,0.2,22.4,78,0.0,0.0,0.0,0.0,83.38166539595211,0.0,6,6.222199822863904,12427.163198247536,112848.50026718654,1.823048856694167,0.1661833460404789,12,5.109944377671645,0,0,0
2020-11-09,21.6,0.0,16.4,74,0.0,0.0,0.0,0.0,83.25403854400255,0.4942825237095502,0,0.0,12428.532311062432,112629.21351360426,1.882771603803678,0.1674596145599745,12,5.097930815355666,0,0,0
2020-11-10,19.7,0.0,14.8,63,0.0,0.0,0.0,0.0,85.22191522861732,0.15266310556805418,1,40.305502209212804,12429.901423877327,112711.41555081801,0.2220495252009756,0.14778084771382682,12,5.262434941434268,0,0,0
2020-11-11,20.8,0.0,15.1,71,0.0,0.0,0.0,0.0,80.08401536653103,0.5200249931112246,2,25.81288921845094,12431.270536692224,114306.54292623607,0.6306958309336359,0.19915984633468964,12,6.569056923376391,0,0,0
2020-11-12,22.2,1.8,18.3,80,0.0,0.0,0.0,0.0,83.44781188517986,0.7318595937255008,3,0.0,12432.63964950712,112621.18625354726,0.7582284403813593,0.16552188114820143,12,5.075435373504867,0,0,0
2020-11-13,22.2,2.7,21.7,85,0.0,0.0,0.0,0.0,79.83893297362617,0.0,4,0.0,12434.008762322015,112998.21661655056,1.4142687619427428,0.20161067026373825,12,6.048320107912148,0,0,0
2020-11-14,22.5,0.2,20.7,78,0.0,0.0,0.0,0.0,81.37666540995377,4.469590315806246,5,6.95123227607104,12435.377875136912,112411.35263948113,0.4468365373766806,0.18623334590046225,12,6.396463569906226,0,0,0
2020-11-15,21.4,8.2,23.7,88,0.0,0.0,0.0,0.0,82.75942778252926,0.0,6,1.7339539882879316,12436.746987951807,112876.5319501709,0.42145892656000083,0.1724057221747074,12,5.206850745006982,0,0,0
2020-11-16,21.5,39.5,18.0,91,0.0,0.0,0.0,0.0,96.18798385997087,0.0,0,7.113378971264588,12438.116100766703,112602.67943848534,2.3650933340990994,0.038120161400291286,12,1.2858724214340305,0,0,0
2020-11-17,21.9,0.6,27.4,85,0.0,0.0,0.0,0.0,82.62062810174766,0.0,1,3.8315479238817924,12439.4852135816,112509.41764801081,2.0300869775146744,0.1737937189825235,12,5.2904425279533385,0,0,0
2020-11-18,21.8,1.0,20.9,82,0.0,0.0,0.0,0.0,77.12711726706611,0.0,2,10.124819786118522,12440.854326396495,113617.00676883839,0.5335717650188088,0.22872882732933886,12,7.064361215602537,0,0,0
2020-11-19,21.8,0.2,20.4,80,0.0,0.0,0.0,0.0,88.44954910274184,0.0,3,28.94611398783613,12442.223439211391,113289.03059769294,1.0757627389731783,0.11550450897258158,12,4.04405754893417,0,0,0
2020-11-20,21.7,0.0,16.2,74,0.0,0.0,0.0,0.0,75.97593047400119,4.984410497184054,4,11.362064102572923,12443.592552026286,112761.69205316293,0.9534927982181572,0.24024069525998815,12,8.18212371442871,0,0,0
2020-11-21,20.1,0.0,14.5,63,0.0,0.0,0.0,0.0,75.14324554884907,0.06265946488788536,5,0.0,12444.961664841183,111534.09337485387,1.9984097777569776,0.2485675445115093,12,7.466425255078462,0,0,0
2020-11-22,19.8,0.0,19.8,64,0.0,0.0,0.0,0.0,84.63244349400027,0.6921027171560504,6,27.25125705424904,12446.33077765608,112498.57534456211,1.324510999547493,0.15367556505999724,12,5.259107500458308,0,0,0
2020-11-23,21.0,0.0,21.8,74,0.0,0.0,0.0,0.0,83.16665077585175,0.0,0,32.81229126976575,12447.699890470974,114023.47435175347,0.4068393687843208,0.16833349224148253,12,5.70625059263979,0,0,0
2020-11-24,21.5,0.1,22.1,78,0.0,0.0,0.0,0.0,82.53647926820862,0.0,1,63.0411346902417,12449.069003285871,112549.51034959362,1.8735809515749853,0.17463520731791382,12,6.499878913342247,0,0,0
2020-11-25,20.6,1.7,28.3,81,0.0,0.0,0.0,0.0,83.19338203705712,0.0,2,0.0,12450.438116100766,113209.33058230285,1.0525311477398054,0.16806617962942882,12,5.041985388882864,0,0,0
2020-11-26,19.1,24.2,28.5,95,0.0,0.0,0.0,0.0,89.63101290861235,0.0,3,4.8576402630055,12451.807228915663,113371.57361061485,0.7310181943171529,0.10368987091387649,12,3.2078489326764057,0,0,0
2020-11-27,19.2,0.0,23.7,85,0.0,0.0,0.0,0.0,76.41098251405667,3.8449313850113063,4,0.0,12453.17634173056,112752.96498092909,1.0011966928497285,0.2358901748594333,12,7.653444953534695,0,0,0
2020-11-28,20.5,1.1,15.3,82,0.0,0.0,0.0,0.0,80.74321823277491,1.6730731821753735,5,11.062983127584182,12454.545454545454,112215.45282042955,1.2946157526565514,0.19256781767225095,12,6.249255170045517,0,0,0
2020-11-29,21.4,0.6,17.8,82,0.0,0.0,0.0,0.0,77.53135315395154,0.0,6,0.0,12455.91456736035,111411.58808383474,0.9234772394008226,0.22468646846048457,12,6.7405940538145375,0,0,0
2020-11-30,21.4,0.1,18.5,80,0.0,0.0,0.0,0.0,83.94047893367102,0.7395143352960146,0,38.46891589649906,12457.283680175246,112964.20646739319,0.6805738542202188,0.16059521066328986,12,5.698161788123078,0,0,0
2020-12-01,20.0,0.0,19.0,72,0.0,0.0,0.0,0.0,79.41177047399144,1.4946652454903555,1,0.0,12458.652792990142,112207.62747503948,1.056404869129553,0.2058822952600856,12,6.400668644626122,0,0,0
2020-12-02,20.3,0.0,18.6,79,0.0,0.0,0.0,0.0,76.69801121282995,3.4204471155637997,2,0.0,12460.021905805039,112695.96131575764,0.14601498579975578,0.23301988787170047,12,7.503663703485584,0,0,0
2020-12-03,19.6,17.0,23.1,89,0.0,0.0,0.0,0.0,85.51445663338802,4.74162205970512,3,0.0,12461.391018619934,111975.85653338167,1.9539948306311534,0.14485543366611975,12,5.056906318939362,0,0,0
2020-12-04,20.5,5.7,27.0,90,0.0,0.0,0.0,0.0,83.9317258171025,0.0,4,0.0,12462.76013143483,112461.02854630379,0.5102677445622059,0.16068274182897502,12,4.8204822548692485,0,0,0
2020-12-05,21.0,3.7,25.4,88,0.0,0.0,0.0,0.0,79.2251017887841,0.0,5,15.021989090146201,12464.129244249727,112603.38745735194,0.2053710727135294,0.20774898211215898,12,6.5329092451676924,0,0,0
2020-12-06,20.9,4.1,24.8,87,0.0,0.0,0.0,0.0,78.35111841773427,0.0,6,0.0,12465.498357064622,112713.70533378611,1.6688768629721902,0.21648881582265733,12,6.494664474679719,0,0,0
2020-12-07,21.2,5.8,23.9,87,0.0,0.0,0.0,0.0,83.29474884596765,0.0,0,0.5691516236631776,12466.867469879518,112014.8780629503,1.9574467091768133,0.16705251154032352,12,5.0229583786829695,0,0,0
2020-12-08,21.1,9.2,23.1,89,0.0,0.0,0.0,0.0,84.6598662844349,1.3990751233390035,1,0.0,12468.236582694413,113163.62524436973,2.0531899158228235,0.15340133715565107,12,4.811901383170381,0,0,0
2020-12-09,20.9,3.0,19.6,87,0.0,0.0,0.0,0.0,79.17222729851548,2.9620035497673056,2,0.0,12469.60569550931,112259.6029909856,1.28442203838544,0.20827772701484515,12,6.692632342910451,0,0,0
2020-12-10,20.0,0.0,12.5,75,0.0,0.0,0.0,0.0,78.11584677752671,0.0,3,32.86756311609068,12470.974808324207,111713.6962664875,0.5928836432559647,0.2188415322247329,12,7.2225972290638,0,0,0
2020-12-11,19.7,0.0,13.5,74,0.0,0.0,0.0,0.0,80.92819974943055,0.0,4,7.212957828715899,12472.343921139101,112489.29990009493,1.8693464253995842,0.19071800250569448,12,5.865799231745155,0,0,0
2020-12-12,19.1,0.0,14.0,75,0.0,0.0,0.0,0.0,74.2076626340107,0.4552739767462211,5,0.0,12473.713033953998,112553.87987795244,1.7793113851704092,0.25792337365989293,12,7.805992306308722,0,0,0
2020-12-13,19.2,0.0,12.1,80,0.0,0.0,0.0,0.0,74.37014490249378,0.0,6,0.0,12475.082146768893,112609.86755338764,0.6910497618476157,0.25629855097506227,12,7.688956529251866,0,0,0
2020-12-14,19.4,0.0,16.0,77,0.0,0.0,0.0,0.0,77.12622311499025,6.26861616508432,0,0.3603374408889317,12476.45125958379,113203.51965200683,2.268178614070703,0.22873776885009744,12,7.80963223908335,0,0,0
2020-12-15,19.3,0.0,19.9,77,0.0,0.0,0.0,0.0,79.14621139315261,0.0,1,9.452606916868113,12477.820372398686,112397.10964515891,0.35049149939878954,0.2085378860684739,12,6.445188720391577,0,0,0
2020-12-16,20.4,0.5,21.3,83,0.0,0.0,0.0,0.0,81.44363026239202,0.5542217366871733,2,0.0,12479.189485213581,112448.404864705,2.4584517750191814,0.1855636973760798,12,5.65004418178547,0,0,0
2020-12-17,21.1,1.1,20.7,82,0.0,0.0,0.0,0.0,86.34142486779821,6.070818657688918,3,11.851345476946612,12480.558598028478,111949.50309963537,2.164594746345915,0.1365857513220179,12,5.245222247852807,0,0,0
2020-12-18,20.7,0.0,19.0,75,0.0,0.0,0.0,0.0,83.43063849280807,0.020399533679993306,4,0.0,12481.927710843374,112904.2526550584,1.7509567491497806,0.16569361507191926,12,4.973868382209578,0,0,0
2020-12-19,20.5,0.0,21.1,77,0.0,0.0,0.0,0.0,79.3602458801463,0.0,5,0.0,12483.29682365827,112579.01104901606,2.352999731871599,0.20639754119853704,12,6.191926235956112,0,0,0
2020-12-20,19.9,0.0,20.5,75,0.0,0.0,0.0,0.0,79.92393516838925,0.0,6,0.0,12484.665936473166,112269.72326669245,1.8335468039768987,0.20076064831610752,12,6.022819449483225,0,0,0
2020-12-21,18.7,0.0,17.3,75,0.0,0.0,0.0,0.0,75.98988254144876,0.0,0,12.666536521424769,12486.03504928806,111520.28039696935,0.5570967928721102,0.2401011745855124,12,7.456365967993866,0,0,0
2020-12-22,18.9,0.0,14.0,71,0.0,0.0,0.0,0.0,79.92594745603044,4.11854542402959,1,0.4526170535373828,12487.404162102957,113187.70445459215,1.1611747314707481,0.20074052543969556,12,6.649049917866052,0,0,0
2020-12-23,20.2,0.0,14.1,75,0.0,0.0,0.0,0.0,78.84536544431944,0.0,2,0.0,12488.773274917854,111844.53898819913,0.27160725839592487,0.21154634555680563,12,6.346390366704167,0,0,0
2020-12-24,20.4,0.0,14.6,75,0.0,0.0,0.0,0.0,81.29087424135236,4.6003011038889765,3,0.0,12490.142387732749,112155.62057910486,1.0351778134914769,0.1870912575864765,12,6.302782893177639,0,0,0
2020-12-25,19.9,0.0,14.8,71,0.0,0.0,0.0,0.0,76.69107622579071,0.0,4,3.9736001909481375,12491.511500547645,112623.31245269024,1.8798472473693009,0.2330892377420929,12,7.07214913608175,0,0,0
2020-12-26,19.4,0.0,15.6,72,0.0,0.0,0.0,0.0,82.07738605696468,0.0,5,0.0,12492.88061336254,111838.74184620645,1.0274640422339618,0.17922613943035315,12,5.376784182910594,0,0,0
2020-12-27,19.9,0.0,13.7,70,0.0,0.0,0.0,0.0,86.13095565201031,0.0,6,0.0,12494.249726177437,111683.14653475075,0.8927060211235218,0.1386904434798969,12,4.160713304396906,0,0,0
2020-12-28,19.8,0.0,13.4,61,0.0,0.0,0.0,0.0,79.56495940617258,1.7656598093121594,0,0.0,12495.618838992334,111360.80824588954,1.5288537340247486,0.20435040593827425,12,6.39536114954505,0,0,0
2020-12-29,20.6,0.0,17.0,74,0.0,0.0,0.0,0.0,81.60684688839576,0.0,1,13.92335994318578,12496.987951807228,112776.16112705522,2.193290869597348,0.18393153111604232,12,5.796413132344986,0,0,0
2020-12-30,21.6,0.4,20.1,73,0.0,0.0,0.0,0.0,82.92057596684445,1.3865179982458287,2,0.0,12498.357064622125,112135.95014160179,0.21419966211066982,0.17079424033155544,12,5.331804909683538,0,0,0
2020-12-31,20.3,2.0,19.9,79,0.0,0.0,0.0,0.0,79.19511811245665,6.072928869860558,3,0.0,12499.72617743702,113865.05892356415,1.025129043279365,0.20804881887543347,12,7.152403896742086,0,0,0
2021-01-01,19.9,0.0,19.1,72,0.0,0.0,0.0,0.0,80.89636992724166,0.0,4,43.398731761610854,12501.095290251917,111897.1269578746,0.47977778035663055,0.19103630072758337,12,6.599063657059717,0,0,0
2021-01-02,19.8,0.0,19.8,78,0.0,0.0,0.0,0.0,80.05036960312718,0.5691185028311869,5,0.0,12502.464403066813,111926.45959233811,1.768850201756487,0.1994963039687282,12,6.070256894486524,0,0,0
2021-01-03,21.2,1.3,19.8,80,0.0,0.0,0.0,0.0,80.91070439419532,0.0,6,0.0,12503.833515881708,112097.36923227241,0.3537389450347237,0.1908929560580468,12,5.726788681741404,0,0,0
2021-01-04,20.9,0.2,23.0,79,0.0,0.0,0.0,0.0,76.98796086457813,1.2776616185791072,0,15.671793295972133,12505.202628696605,112494.5136583469,1.6955386205925869,0.2301203913542187,12,7.40869684933287,0,0,0
2021-01-05,20.9,0.5,18.9,82,0.0,0.0,0.0,0.0,80.29804069703577,0.057443332247256174,1,0.0,12506.571741511501,112130.72527474754,0.7868340899149775,0.19701959302964223,12,5.919204290726356,0,0,0
2021-01-06,21.0,12.1,16.0,88,0.0,0.0,0.0,0.0,86.8319931649818,0.0,2,0.0,12507.940854326396,112664.873664504,0.5774003529693392,0.1316800683501821,12,3.950402050505461,0,0,0
2021-01-07,21.3,3.2,19.2,86,0.0,0.0,0.0,0.0,87.08457443118017,1.463616854613222,3,0.0,12509.309967141293,111862.29397587094,2.347246138779965,0.12915425568819827,12,4.094170198837931,0,0,0
2021-01-08,21.6,8.3,15.2,85,0.0,0.0,0.0,0.0,87.15708330434082,5.413044329360229,4,0.0,12510.679079956188,111653.67292499603,0.14445898419029407,0.1284291669565918,12,4.6648316581017895,0,0,0
2021-01-09,21.2,0.8,15.8,84,0.0,0.0,0.0,0.0,88.93272983004621,0.0,5,31.970762241926828,12512.048192771084,111438.2420278858,1.1506654525349655,0.11067270169953791,12,3.959596295824672,0,0,0
2021-01-10,21.4,0.0,17.5,78,0.0,0.0,0.0,0.0,76.93060974844781,2.1592738264445455,6,16.042569172362388,12513.417305585981,111218.44292698431,0.1519047819083051,0.2306939025155219,12,7.565559532879586,0,0,0
2021-01-11,21.2,0.0,14.1,80,0.0,0.0,0.0,0.0,83.48928254688272,0.0,0,17.24447023773954,12514.786418400876,112064.07611457793,1.2606233154503896,0.16510717453117285,12,5.298104640689974,0,0,0
2021-01-12,21.0,0.1,22.2,70,0.0,0.0,0.0,0.0,80.77336802295342,0.0,1,0.0,12516.155531215772,112165.50108148137,1.3025137067066037,0.19226631977046582,12,5.767989593113974,0,0,0
2021-01-13,20.8,0.0,21.6,70,0.0,0.0,0.0,0.0,88.75921173287068,1.4172188336411322,2,0.0,12517.524644030667,111993.15333729894,0.8719899313473928,0.1124078826712932,12,3.584819305184965,0,0,0
2021-01-14,20.4,0.6,19.6,78,0.0,0.0,0.0,0.0,77.0068068585794,4.452348085607895,3,0.0,12518.893756845564,112923.45536299664,0.41718826606005677,0.2299319314142061,12,7.565810155267365,0,0,0
2021-01-15,21.3,0.0,17.9,74,0.0,0.0,0.0,0.0,76.6411126312769,1.06684004635698,4,0.0,12520.26286966046,112908.64818256968,1.0033300905627407,0.23358887368723102,12,7.167692217570478,0,0,0
2021-01-16,21.3,0.0,15.5,75,0.0,0.0,0.0,0.0,77.6024294182239,0.0,5,19.13406372771317,12521.631982475355,112120.11219740589,1.7134310558381585,0.22397570581776094,12,7.101952449087092,0,0,0
2021-01-17,20.9,0.0,16.0,71,0.0,0.0,0.0,0.0,71.50441710276077,0.0,6,10.338930314967419,12523.001095290252,111383.43374789471,1.9777499407467019,0.28495582897239236,12,8.755453475471118,0,0,0
2021-01-18,19.6,0.0,20.3,68,0.0,0.0,0.0,0.0,77.89697991327695,0.0,0,0.0,12524.370208105149,111989.9223638257,1.3738014457315415,0.22103020086723046,12,6.630906026016914,0,0,0
2021-01-19,19.8,0.0,11.2,73,0.0,0.0,0.0,0.0,76.96346935378521,1.8135459790661002,1,0.0,12525.739320920044,111966.24483425725,1.5156025466554135,0.2303653064621478,12,7.18299109072435,0,0,0
2021-01-20,21.1,0.0,12.9,69,0.0,0.0,0.0,0.0,80.60157514590483,2.6469991869702274,2,0.0,12527.10843373494,111930.46866343929,0.5814792906991665,0.19398424854095164,12,6.216577334274084,0,0,0
2021-01-21,22.2,0.0,11.5,71,0.0,0.0,0.0,0.0,81.36702390310863,0.0,3,4.095177648035683,12528.477546549835,111903.05730599174,0.7895927997463587,0.18632976096891374,12,5.671796382028124,0,0,0
2021-01-22,23.0,0.0,14.9,67,0.0,0.0,0.0,0.0,87.50468335686355,0.0,4,15.317565589612297,12529.846659364732,111918.065923441,0.48854946412566025,0.12495316643136445,12,4.05494630473318,0,0,0
2021-01-23,22.0,0.0,16.7,65,0.0,0.0,0.0,0.0,83.8016953527442,0.7976346889561454,5,0.0,12531.215772179628,112044.40717671705,0.6983088400110672,0.161983046472558,12,4.97913659752016,0,0,0
2021-01-24,21.1,0.0,15.6,62,0.0,0.0,0.0,0.0,77.69238537735039,0.0,6,5.992953756746963,12532.584884994523,111912.7880486207,0.6397282725412762,0.22307614622649607,12,6.812143461929823,0,0,0
2021-01-25,20.4,0.0,13.8,69,0.0,0.0,0.0,0.0,76.40634131460656,0.0,0,18.648697419093345,12533.95399780942,112327.60046570381,1.3466770873389702,0.23593658685393437,12,7.451071553999898,0,0,0
2021-01-26,20.5,0.0,15.1,61,0.0,0.0,0.0,0.0,81.96767668602602,6.299165367499546,1,0.0,12535.323110624315,112396.50418270599,1.4504530138977507,0.18032323313973975,12,6.3545717993171245,0,0,0
2021-01-27,20.4,0.0,14.3,62,0.0,0.0,0.0,0.0,74.71906717191743,0.0,2,14.014012242411674,12536.692223439211,111753.87789452485,2.367873809971611,0.2528093282808257,12,7.864560093273004,0,0,0
2021-01-28,20.2,0.0,16.2,65,0.0,0.0,0.0,0.0,87.32583506341741,0.0,3,56.293088889451056,12538.061336254108,112837.61371448216,0.5693695530436553,0.12674164936582588,12,4.9281112587637965,0,0,0
2021-01-29,21.1,0.0,16.5,69,0.0,0.0,0.0,0.0,84.71776048288515,0.0,4,0.0,12539.430449069003,111704.93051392089,1.6400217043875902,0.15282239517114848,12,4.584671855134453,0,0,0
2021-01-30,22.1,0.0,14.9,68,0.0,0.0,0.0,0.0,78.12329739158118,2.2325759144998103,5,7.866141000106472,12540.7995618839,111378.94197129605,2.061422245570055,0.2187670260841883,12,7.055219989702749,0,0,0
2021-01-31,22.1,0.0,18.7,63,0.0,0.0,0.0,0.0,73.1474618836365,0.0,6,0.0,12542.168674698794,112371.1119272488,1.444579513079326,0.268525381163635,12,8.055761434909051,0,0,0
2021-02-01,21.5,0.0,17.3,56,0.0,0.0,0.0,0.0,85.41548949666165,0.0,0,3.625023252041008,12543.537787513691,111764.89943772163,0.7120087660025817,0.14584510503338355,12,4.447853616042325,0,0,0
2021-02-02,21.2,0.0,18.2,64,0.0,0.0,0.0,0.0,79.54184061898953,3.963912096819036,1,9.205432499646077,12544.906900328588,112327.12985367005,0.7301205520480005,0.20458159381010477,12,6.916143278818919,0,0,0
2021-02-03,21.2,0.0,16.9,68,0.0,0.0,0.0,0.0,84.95126524789384,4.258809013540912,2,3.896846805402761,12546.276013143482,110957.53043110362,0.1942073273703998,0.15048734752106152,12,5.231378713771038,0,0,0
2021-02-04,20.7,0.0,16.2,60,0.0,0.0,0.0,0.0,73.62228936482254,0.0,3,0.0,12547.64512595838,112848.47331575796,0.833066143716356,0.26377710635177465,12,7.9133131905532395,0,0,0
2021-02-05,20.7,0.0,20.0,59,0.0,0.0,0.0,0.0,77.60249990818491,0.0,4,4.127235426509014,12549.014238773276,112481.27266239916,1.8870488296081123,0.22397500091815092,12,6.801794736074706,0,0,0
2021-02-06,20.8,0.0,20.0,57,0.0,0.0,0.0,0.0,80.02097479887273,3.0225410695107664,5,29.243918774352736,12550.38335158817,111387.76829716002,0.21404261729706492,0.19979025201127276,12,7.031967096251851,0,0,0
2021-02-07,20.6,0.0,20.6,48,0.0,0.0,0.0,0.0,80.18792237505897,0.0,6,8.972715290290546,12551.752464403067,111391.4986231809,0.6263086780115935,0.19812077624941027,12,6.123077593288119,0,0,0
2021-02-08,20.7,0.0,21.1,50,0.0,0.0,0.0,0.0,78.19973811408302,2.371876797488306,0,19.23974378143682,12553.121577217962,112959.90075051536,1.7949579964762767,0.21800261885916983,12,7.280654961027076,0,0,0
2021-02-09,20.1,0.0,16.2,64,0.0,0.0,0.0,0.0,82.49139972939,0.0,1,0.0,12554.490690032859,111747.95846008016,1.978363750774904,0.17508600270610009,12,5.252580081183001,0,0,0
2021-02-10,20.1,0.0,13.1,55,0.0,0.0,0.0,0.0,75.72951828246963,2.6777920148979275,2,14.99800478847421,12555.859802847755,111692.43660082536,1.1927641841486283,0.24270481717530368,12,7.982773413263286,0,0,0
2021-02-11,20.5,0.0,15.6,59,0.0,0.0,0.0,0.0,79.43048205991482,0.0,3,5.585356764330519,12557.22891566265,110969.38359147958,1.7753784123487573,0.2056951794008518,12,6.282562517312164,0,0,0
2021-02-12,20.7,0.0,16.2,48,0.0,0.0,0.0,0.0,80.48118252684759,2.1922923571995736,4,0.0,12558.598028477547,111919.90114911598,1.031085204771741,0.19518817473152406,12,6.184489095525659,0,0,0
2021-02-13,20.7,0.0,15.5,53,0.0,0.0,0.0,0.0,82.05775533623499,0.04281920350930232,5,6.370420095977489,12559.967141292442,111974.31105786143,0.483791788057906,0.17942244663765006,12,5.516504681575448,0,0,0
2021-02-14,21.3,0.0,14.8,56,0.0,0.0,0.0,0.0,82.84645951235557,0.0,6,0.0,12561.336254107338,112438.79802702658,1.0555587844549756,0.17153540487644436,12,5.14606214629333,0,0,0
2021-02-15,22.7,0.0,16.2,53,0.0,0.0,0.0,0.0,75.50143163264852,0.0,0,0.0,12562.705366922235,111374.39287791215,1.491922768487543,0.2449856836735148,12,7.349570510205444,0,0,0
2021-02-16,22.6,0.0,19.1,54,0.0,0.0,0.0,0.0,73.8635433170575,2.0589553708701023,1,3.7865661458474826,12564.07447973713,111306.66930924662,2.3753278764469368,0.261364566829425,12,8.225511633430212,0,0,0
2021-02-17,22.9,0.0,19.4,53,0.0,0.0,0.0,0.0,85.11070728759404,0.3176833593457027,2,5.9448854676024805,12565.443592552027,112285.1746361177,0.2650022850128256,0.14889292712405966,12,4.633338026975693,0,0,0
2021-02-18,22.0,0.3,20.3,63,0.0,0.0,0.0,0.0,81.44925604791837,1.7532389414174527,3,0.0,12566.812705366923,112555.93896770554,1.3177458252279055,0.18550743952081628,12,5.828209026837108,0,0,0
2021-02-19,21.5,2.2,15.5,64,0.0,0.0,0.0,0.0,77.88605385377377,5.929321753546457,4,21.079715423657525,12568.181818181818,111259.8783698956,0.8894074677057384,0.22113946146226227,12,7.945176415372986,0,0,0
2021-02-20,20.0,10.3,18.3,81,0.0,0.0,0.0,0.0,90.3246079020901,0.0,5,11.440125566009458,12569.550930996715,112579.09220196697,1.319948066264067,0.09675392097909907,12,3.1314201406931605,0,0,0
2021-02-21,19.6,3.9,19.8,86,0.0,0.0,0.0,0.0,82.02269853717144,4.8516377249058715,6,0.0,12570.92004381161,112049.98669292303,0.15754107370367604,0.17977301462828565,12,6.120936097584449,0,0,0
2021-02-22,21.2,0.5,16.2,75,0.0,0.0,0.0,0.0,84.91718873625531,0.3130678125696388,0,0.0,12572.289156626506,112569.99905507949,0.8512608512837951,0.1508281126374469,12,4.571803551008852,0,0,0
2021-02-23,22.5,0.0,14.8,62,0.0,0.0,0.0,0.0,80.27007392564043,0.0,1,0.0,12573.658269441403,111981.86681814589,2.067683554064812,0.19729926074359572,12,5.918977822307871,0,0,0
2021-02-24,22.8,0.0,16.6,58,0.0,0.0,0.0,0.0,88.24299169952795,0.0,2,0.0,12575.027382256298,110748.71865352328,1.4294601612511302,0.1175700830047205,12,3.5271024901416155,0,0,0
2021-02-25,23.6,0.0,13.0,51,0.0,0.0,0.0,0.0,87.02136336977281,0.0,3,2.262809141060456,12576.396495071194,111926.75453447177,1.1813979827586818,0.1297863663022718,12,3.938847171889365,0,0,0
2021-02-26,24.0,0.0,13.8,46,0.0,0.0,0.0,0.0,79.0041434060837,2.764950335773378,4,0.0,12577.76560788609,112525.69074832796,0.785260172116815,0.20995856593916296,12,6.713499528540896,0,0,0
2021-02-27,24.6,0.0,13.7,45,0.0,0.0,0.0,0.0,83.88628380381742,0.0,5,0.0,12579.134720700986,111541.62644281302,0.8153020546992541,0.16113716196182581,12,4.8341148588547735,0,0,0
2021-02-28,24.8,0.0,17.7,40,0.0,0.0,0.0,0.0,82.58150379834059,4.533464790742043,6,0.0,12580.503833515882,111787.39758126369,1.0194434406174027,0.17418496201659406,12,5.905568579109128,0,0,0
2021-03-01,24.0,0.0,16.3,41,0.0,0.0,0.0,0.0,85.4745262301294,0.0,0,0.0,12581.872946330777,111886.19392730447,2.105369703914945,0.145254737698706,12,4.35764213096118,0,0,0
2021-03-02,24.4,0.0,23.9,41,0.0,0.0,0.0,0.0,76.14030615767959,0.0,1,12.673220495481175,12583.242059145674,110517.38435250825,2.421311696339844,0.23859693842320406,12,7.411372562605746,0,0,0
2021-03-03,24.3,0.0,22.0,39,0.0,0.0,0.0,0.0,82.74420583999375,0.0,2,0.0,12584.611171960569,112795.69569352378,1.152772915240899,0.17255794160006244,12,5.176738248001874,0,0,0
2021-03-04,23.1,0.0,21.3,39,0.0,0.0,0.0,0.0,84.23369794739835,1.0908956478749037,3,33.57349346745132,12585.980284775465,111502.21467921899,1.0440468129946283,0.15766302052601644,12,5.564994832310755,0,0,0
2021-03-05,23.3,0.0,15.3,48,0.0,0.0,0.0,0.0,72.96504205430755,2.660662170291901,4,0.0,12587.349397590362,112198.65084876653,2.1317218619676708,0.2703495794569245,12,8.50958670925152,0,0,0
2021-03-06,24.5,0.0,13.0,46,0.0,0.0,0.0,0.0,75.2669659493369,0.0,5,26.223349956052488,12588.718510405257,111895.31317781855,1.1245727695271286,0.24733034050663094,12,7.944377214319978,0,0,0
2021-03-07,24.9,0.0,16.1,44,0.0,0.0,0.0,0.0,71.84307128895959,0.0,6,0.0,12590.087623220154,112560.35388743489,1.424843613509563,0.2815692871104041,12,8.447078613312122,0,0,0
2021-03-08,24.4,0.0,16.9,44,0.0,0.0,0.0,0.0,78.92237266222178,0.5968444403894836,0,17.191697446871125,12591.456736035048,112127.45303383177,0.6542599950369866,0.21077627337778226,12,6.756648816329312,0,0,0
2021-03-09,24.3,0.0,21.6,49,0.0,0.0,0.0,0.0,82.87016902318385,1.3102156552005284,1,1.596029681174662,12592.825848849945,111799.84345021979,1.8844060858697806,0.17129830976816152,12,5.367402234948418,0,0,0
2021-03-10,24.7,0.0,21.3,55,0.0,0.0,0.0,0.0,86.00942820838411,1.2128842648850928,2,22.791110720509383,12594.194961664842,111463.42865308319,1.3767719638498765,0.1399057179161589,12,4.834926391627719,0,0,0
2021-03-11,24.9,0.0,16.5,55,0.0,0.0,0.0,0.0,80.2963791216791,3.7073465754664623,3,0.0,12595.564074479737,112301.99216339644,2.04168292057682,0.19703620878320904,12,6.46718824981624,0,0,0
2021-03-12,24.3,0.0,17.2,40,0.0,0.0,0.0,0.0,86.51446218228517,0.0,4,0.0,12596.933187294633,110959.22677409061,1.9737585520688072,0.13485537817714832,12,4.045661345314449,0,0,0
2021-03-13,23.9,0.0,16.7,44,0.0,0.0,0.0,0.0,74.47959416714043,2.0406483163513482,5,28.410085745421263,12598.30230010953,112211.77324956839,0.6160114438480685,0.2552040583285957,12,8.530420712218998,0,0,0
2021-03-14,24.3,0.0,20.3,44,0.0,0.0,0.0,0.0,73.18647024257938,3.577522537433925,6,0.0,12599.671412924425,111332.18627701556,1.8175253213386298,0.2681352975742063,12,8.580687307841275,0,0,0
2021-03-15,24.9,0.0,17.7,37,0.0,0.0,0.0,0.0,79.77780920441353,0.0,0,4.431169472484212,12601.040525739321,112500.73109713384,2.020130579083291,0.2022219079558647,12,6.155280628125625,0,0,0
2021-03-16,25.5,0.0,17.3,40,0.0,0.0,0.0,0.0,81.53626179575723,0.9589554777569317,1,24.6950382808959,12602.409638554216,111948.11965084942,0.9306573778777482,0.18463738204242774,12,6.17686554855429,0,0,0
2021-03-17,25.3,0.0,17.1,41,0.0,0.0,0.0,0.0,79.86922100762362,0.0,2,0.0,12603.778751369113,112182.41237680566,0.514261870965459,0.20130778992376375,12,6.0392336977129135,0,0,0
2021-03-18,25.3,0.0,18.3,44,0.0,0.0,0.0,0.0,71.7302315998405,0.0,3,11.909817952785147,12605.14786418401,111894.22551315551,0.10631717339101164,0.2826976840015951,12,8.719126879103554,0,0,0
2021-03-19,25.0,0.0,16.9,41,0.0,0.0,0.0,0.0,79.64351984194884,1.043029450615009,4,0.0,12606.516976998904,110969.92317203521,1.1821687674235557,0.2035648015805116,12,6.263398465007597,0,0,0
2021-03-20,24.9,0.0,15.1,44,0.0,0.0,0.0,0.0,74.78212199798058,0.0,5,0.0,12607.886089813801,111408.62775127057,0.9458385556932197,0.2521787800201942,12,7.565363400605825,0,0,0
2021-03-21,25.8,0.0,16.8,40,0.0,0.0,0.0,0.0,82.67869019532016,0.0,6,1.445579307685778,12609.255202628698,112168.06761513648,1.4317836011809815,0.1732130980467984,12,5.225304527557668,0,0,0
2021-03-22,26.1,0.0,18.4,35,0.0,0.0,0.0,0.0,81.4663929843874,0.10245725246407379,0,0.0,12610.624315443592,111908.08146837323,0.5512986222130858,0.18533607015612608,12,5.5754506925533915,0,0,0
2021-03-23,26.2,0.0,16.8,45,0.0,0.0,0.0,0.0,76.24048085469057,0.0,1,0.0,12611.993428258489,112408.1291257087,2.1631973143995404,0.23759519145309427,12,7.127855743592828,0,0,0
2021-03-24,26.4,0.0,18.8,48,0.0,0.0,0.0,0.0,77.94453233065323,0.0,2,27.021457848262784,12613.362541073384,112012.15206793699,0.7186125175074631,0.22055467669346773,12,7.1570694577692855,0,0,0
2021-03-25,26.9,0.0,23.4,44,0.0,0.0,0.0,0.0,75.76314591244419,2.03811984886951,3,17.723823771695912,12614.73165388828,111320.04445442962,0.6434310522103599,0.24236854087555815,12,7.931250679031088,0,0,0
2021-03-26,27.0,0.0,19.8,40,0.0,0.0,0.0,0.0,79.74928361090731,0.0,4,0.0,12616.100766703177,111398.24394428315,1.2537137355624544,0.20250716389092682,12,6.075214916727806,0,0,0
2021-03-27,27.0,0.0,18.1,44,0.0,0.0,0.0,0.0,83.82056928200495,1.9989375027276357,5,4.862469170257862,12617.469879518072,111840.61532176765,1.2972424569862582,0.16179430717995047,12,5.250919224212817,0,0,0
2021-03-28,27.2,0.0,19.1,43,0.0,0.0,0.0,0.0,76.05709581465783,1.3877738785618536,6,0.0,12618.838992332969,110625.01520686851,0.6162045490842227,0.23942904185342173,12,7.39103733738693,0,0,0
2021-03-29,27.4,0.0,17.6,39,0.0,0.0,0.0,0.0,82.01618606207138,0.0,0,27.13166771655964,12620.208105147864,112611.6387960426,0.7524657441421978,0.17983813937928617,12,5.9377775357097775,0,0,0
2021-03-30,27.4,0.0,15.0,46,0.0,0.0,0.0,0.0,77.87896952651023,0.0,1,0.0,12621.57721796276,111988.67183478244,0.5072925739725879,0.22121030473489767,12,6.63630914204693,0,0,0
2021-03-31,28.9,0.0,13.3,35,0.0,0.0,0.0,0.0,76.82850867095063,3.5823282091421174,2,4.636841842696961,12622.946330777657,112374.19637848063,1.8243044279756002,0.23171491329049376,12,7.581533466940068,0,0,0
2021-04-01,27.9,0.0,14.8,46,0.0,0.0,0.0,0.0,79.57187856018177,0.0,3,22.9206028828413,12624.315443592552,110963.25772291415,1.9482136750097965,0.20428121439818225,12,6.5868484896022945,0,0,0
2021-04-02,27.4,0.0,15.5,46,0.0,0.0,0.0,0.0,75.8590307103225,0.0,4,0.0,12625.684556407448,112368.7228868589,1.2095883939022782,0.24140969289677505,12,7.242290786903249,0,0,0
2021-04-03,27.4,0.0,21.2,51,0.0,0.0,0.0,0.0,77.78540277861127,1.3861826797556893,5,31.17578368993788,12627.053669222343,112855.07037555768,1.8138088544440418,0.22214597221388732,12,7.495822242178731,0,0,0
2021-04-04,27.6,0.0,13.4,48,0.0,0.0,0.0,0.0,75.2084884296446,2.3501715278477864,6,0.0,12628.42278203724,111071.76235571768,1.8662449406498693,0.24791511570355396,12,7.789979200283787,0,0,0
2021-04-05,27.5,0.0,21.5,48,0.0,0.0,0.0,0.0,87.85890053166555,0.0,0,32.59284262225597,12629.791894852136,112110.78304422078,0.4318612664267406,0.12141099468334449,12,4.294186692945453,0,0,0
2021-04-06,27.4,0.0,19.4,48,0.0,0.0,0.0,0.0,80.14105420788691,0.0,1,0.0,12631.161007667031,111718.51773247507,2.4188272596028884,0.19858945792113092,12,5.957683737633927,0,0,0
2021-04-07,27.3,0.0,22.7,39,0.0,0.0,0.0,0.0,77.20109796802966,4.267109585095523,2,0.0,12632.530120481928,110938.62644936985,2.0704766730314343,0.22798902031970347,12,7.47973704735543,0,0,0
2021-04-08,27.3,0.0,17.6,37,0.0,0.0,0.0,0.0,80.85591964293688,5.216698991392737,3,0.0,12633.899233296823,111950.16597278246,0.5907603068699764,0.1914408035706312,12,6.525728955827844,0,0,0
2021-04-09,27.0,0.0,17.7,39,0.0,0.0,0.0,0.0,79.55068780123668,2.9365741523453863,4,0.0,12635.26834611172,112113.40620263774,0.5467960857905686,0.20449312198763325,12,6.575279782480805,0,0,0
2021-04-10,26.5,0.0,17.0,45,0.0,0.0,0.0,0.0,79.1161216018671,0.25595442769507215,5,0.0,12636.637458926616,111388.92193724719,0.4015867493909986,0.20883878398132893,12,6.303556683594129,0,0,0
2021-04-11,26.5,0.0,17.3,53,0.0,0.0,0.0,0.0,82.4566668001737,0.0,6,0.0,12638.006571741511,112265.32408707174,0.4321085501006041,0.17543333199826294,12,5.262999959947888,0,0,0
2021-04-12,26.5,0.0,19.3,58,0.0,0.0,0.0,0.0,83.03003084018923,0.0,0,0.0,12639.375684556408,110841.86473691209,1.8955883176688708,0.16969969159810772,12,5.090990747943232,0,0,0
2021-04-13,26.7,0.0,16.9,57,0.0,0.0,0.0,0.0,77.87799540955788,1.5675423157972723,1,19.15583228945811,12640.744797371304,110920.74898044439,1.2271702166838965,0.22122004590442113,12,7.254849370291389,0,0,0
2021-04-14,24.7,4.6,16.1,72,0.0,0.0,0.0,0.0,79.53672703742129,1.2551946626660513,2,4.152067028012516,12642.113910186199,111729.30636482614,1.9790420145756813,0.20463272962578716,12,6.410302428733772,0,0,0
2021-04-15,23.0,22.6,11.5,83,0.0,0.0,0.0,0.0,87.93979321139344,4.204795778839288,3,6.153533068022277,12643.483023001096,111666.58091938043,1.891011746440493,0.12060206788606564,12,4.371852064768308,0,0,0
2021-04-16,24.5,0.9,12.0,68,0.0,0.0,0.0,0.0,71.15231534105766,1.9513502776084175,4,0.0,12644.85213581599,111288.4821495448,1.551070512412532,0.2884768465894234,12,8.947007939323964,0,0,0
2021-04-17,26.5,0.0,12.3,57,0.0,0.0,0.0,0.0,73.93923575120579,0.0,5,0.0,12646.221248630887,112044.44672510534,1.747279855788831,0.2606076424879421,12,7.818229274638265,0,0,0
2021-04-18,26.5,0.2,13.8,56,0.0,0.0,0.0,0.0,85.5474970697781,3.155842853168756,6,35.97450036702624,12647.590361445784,111897.9772775899,0.1440537385099403,0.144525029302219,12,5.528617314382407,0,0,0
2021-04-19,26.8,0.0,12.3,59,0.0,0.0,0.0,0.0,86.57987085400514,0.0,0,0.0,12648.959474260679,112054.48026931148,0.8482663523320526,0.13420129145994864,12,4.026038743798459,0,0,0
2021-04-20,25.2,7.9,11.8,71,0.0,0.0,0.0,0.0,82.16385584177448,0.0,1,33.124165041145915,12650.328587075575,111556.72312953087,1.6307732302225846,0.1783614415822552,12,6.013326548290575,0,0,0
2021-04-21,24.9,8.8,10.5,71,0.0,0.0,0.0,0.0,85.82622785222306,0.7506006187550834,2,0.0,12651.69769989047,111912.46209455872,0.12242788836698609,0.14173772147776942,12,4.364721737146346,0,0,0
2021-04-22,25.9,1.1,16.1,66,0.0,0.0,0.0,0.0,81.68500061817414,5.987002469351893,3,0.04575872287008099,12653.066812705367,111381.22742241708,0.17914466483822417,0.18314999381825858,12,6.393465359407942,0,0,0
2021-04-23,24.4,12.2,12.0,76,0.0,0.0,0.0,0.0,97.19552323382095,9.329755668016082,4,21.407303204598595,12654.435925520263,112623.84253233793,2.14453115792892,0.028044767661790537,12,2.668952444148099,0,0,0
2021-04-24,24.0,17.6,11.1,80,0.0,0.0,0.0,0.0,91.51829964573831,1.8201691774085482,5,25.43784843877313,12655.805038335158,111183.54091559617,1.7416596680609724,0.0848170035426169,12,3.326292451665252,0,0,0
2021-04-25,25.7,0.1,11.5,65,0.0,0.0,0.0,0.0,79.52832963407694,0.0,6,0.0,12657.174151150055,112635.34312874888,0.7368873594888254,0.20471670365923056,12,6.141501109776918,0,0,0
2021-04-26,26.3,0.0,9.6,55,0.0,0.0,0.0,0.0,76.1778382375983,1.6035169454416507,0,0.0,12658.543263964952,111593.01900092697,1.7511108162849016,0.23822161762401706,12,7.387176070536759,0,0,0
2021-04-27,26.1,0.0,13.7,56,0.0,0.0,0.0,0.0,73.57421471896971,2.662966277621508,1,0.0,12659.912376779846,110880.70019596042,2.0018960059342317,0.2642578528103029,12,8.327180525952311,0,0,0
2021-04-28,26.9,0.0,11.0,49,0.0,0.0,0.0,0.0,80.81385454346889,0.0,2,6.759150564642366,12661.281489594743,112245.37592935165,0.836306279464243,0.19186145456531112,12,5.89102664825218,0,0,0
2021-04-29,26.3,0.5,12.3,58,0.0,0.0,0.0,0.0,77.17459701886278,5.385634067736967,3,17.82607373739511,12662.650602409638,111617.16756166736,0.18648970599804987,0.22825402981137222,12,8.011987479249612,0,0,0
2021-04-30,26.5,0.0,18.9,57,0.0,0.0,0.0,0.0,74.31098516160931,0.6902122775742062,4,0.08459717988303153,12664.019715224535,111972.65953002255,2.338669899250563,0.2568901483839069,12,7.8119282367509975,0,0,0
2021-05-01,26.8,0.0,14.3,56,0.0,0.0,0.0,0.0,77.41370846302989,1.4932292672741827,5,12.377725960463072,12665.388828039431,112151.90605346626,0.9284316119095131,0.22586291536970104,12,7.247426370391421,0,0,0
2021-05-02,26.7,0.0,14.3,61,0.0,0.0,0.0,0.0,75.67380798554242,1.9977727561633842,6,32.76719464541882,12666.757940854326,111701.83648463002,0.3555562318832953,0.2432619201445757,12,8.252867410670156,0,0,0
2021-05-03,26.4,0.8,15.4,61,0.0,0.0,0.0,0.0,87.06856654029025,1.264759831843367,0,7.626192245295693,12668.127053669223,111229.61889851363,1.2804564913435537,0.1293143345970975,12,4.221667857595344,0,0,0
2021-05-04,25.2,3.3,14.5,70,0.0,0.0,0.0,0.0,84.8465590277978,2.5168215014088364,1,6.233057120095566,12669.496166484118,112006.47662311721,1.944322709593921,0.15153440972202203,12,5.048216659273898,0,0,0
2021-05-05,26.8,0.0,19.3,61,0.0,0.0,0.0,0.0,79.96810943473353,0.0,2,0.0,12670.865279299014,111511.87830137242,0.6319535550821419,0.20031890565266464,12,6.009567169579939,0,0,0
2021-05-06,27.1,0.0,16.1,59,0.0,0.0,0.0,0.0,85.9197765555601,0.0,3,0.0,12672.23439211391,111847.31007031187,0.746776120320072,0.140802234444399,12,4.224067033331968,0,0,0
2021-05-07,26.3,0.7,16.6,67,0.0,0.0,0.0,0.0,80.58947323059047,0.0,4,7.767514584603367,12673.603504928806,110420.39648747449,0.6825159683165996,0.1941052676940953,12,5.978508322514926,0,0,0
2021-05-08,26.8,0.9,20.1,61,0.0,0.0,0.0,0.0,76.91486319468694,1.3185036918606792,5,0.0,12674.972617743702,111713.63324623767,2.4800153267960274,0.23085136805313056,12,7.1233165953730175,0,0,0
2021-05-09,27.3,0.1,16.0,60,0.0,0.0,0.0,0.0,86.13249630907863,2.3368095105363422,6,0.0,12676.341730558597,111163.73008852277,0.5737689609533021,0.13867503690921368,12,4.510772533856861,0,0,0
2021-05-10,26.3,4.9,11.8,70,0.0,0.0,0.0,0.0,84.11564017473863,1.3733185984556573,0,4.870604083726892,12677.710843373494,112302.55843304709,1.4812485207186976,0.15884359825261374,12,5.068717819021298,0,0,0
2021-05-11,25.9,14.2,9.6,75,0.0,0.0,0.0,0.0,81.53101538269418,5.023477300042612,1,0.0,12679.07995618839,111780.32790176492,2.3206351399767144,0.18468984617305817,12,6.294216980198139,0,0,0
2021-05-12,25.1,10.0,14.0,78,0.0,0.0,0.0,0.0,83.23864528766556,0.0,2,22.555605012677972,12680.449069003285,111581.59371410756,0.4525517653066702,0.16761354712334442,12,5.479518513953891,0,0,0
2021-05-13,25.1,2.1,12.2,79,0.0,0.0,0.0,0.0,77.33752698646097,2.006224966777538,3,1.722217365179558,12681.818181818182,111697.70045122056,2.4300500748824807,0.2266247301353903,12,7.134119996381931,0,0,0
2021-05-14,25.7,2.3,22.3,71,0.0,0.0,0.0,0.0,75.38880107614266,0.0,4,0.0,12683.187294633079,110948.20564146963,2.373945362549499,0.24611198923857347,12,7.383359677157203,0,0,0
2021-05-15,22.9,3.9,22.8,82,0.0,0.0,0.0,0.0,85.26471019012656,0.0,5,19.80332477918578,12684.556407447973,112251.93502653456,2.22297276893983,0.1473528980987343,12,4.816653438545746,0,0,0
2021-05-16,22.6,8.2,20.8,86,0.0,0.0,0.0,0.0,90.91766656188052,2.0866132726973325,6,0.0,12685.92552026287,112428.87250384154,0.6149356511920053,0.09082333438119472,12,3.037692022340443,0,0,0
2021-05-17,24.3,4.7,16.3,77,0.0,0.0,0.0,0.0,76.28572970472344,2.5473063322294323,0,10.530733673446143,12687.294633077765,111622.52466326972,1.62173213442636,0.23714270295276563,12,7.706991711886306,0,0,0
2021-05-18,24.8,0.1,19.1,76,0.0,0.0,0.0,0.0,82.29187694676229,0.0,1,0.0,12688.663745892662,112214.15030564499,1.9261395351069763,0.17708123053237712,12,5.312436915971314,0,0,0
2021-05-19,24.7,4.5,14.5,77,0.0,0.0,0.0,0.0,79.19742972351268,0.0,2,0.0,12690.032858707558,111127.25503538443,2.466467027671431,0.2080257027648732,12,6.240771082946194,0,0,0
2021-05-20,23.8,22.0,16.0,84,0.0,0.0,0.0,0.0,86.85149846494122,0.0,3,1.683364603713923,12691.401971522453,111006.15296497075,0.5330171729952891,0.13148501535058787,12,3.9782177525919136,0,0,0
2021-05-21,23.1,13.9,15.8,86,0.0,0.0,0.0,0.0,83.19042430304452,0.0,4,0.2565728708737024,12692.77108433735,111418.05273581024,1.9384621588463116,0.1680957569695548,12,5.048004166504117,0,0,0
2021-05-22,23.2,2.4,14.5,82,0.0,0.0,0.0,0.0,77.50403692128073,2.6711494905593587,5,9.596540707336661,12694.140197152245,111607.94149399227,0.913122807825071,0.22495963078719272,12,7.341392161346418,0,0,0
2021-05-23,24.8,0.1,15.8,73,0.0,0.0,0.0,0.0,80.23408651177931,1.7256150483196988,6,0.0,12695.509309967141,111186.3582475493,0.5215035173632055,0.19765913488220688,12,6.188616303714162,0,0,0
2021-05-24,24.9,0.0,20.5,71,0.0,0.0,0.0,0.0,76.67619953435585,1.5019971641436292,0,0.0,12696.878422782038,111645.11629671765,1.1113046589132518,0.2332380046564415,12,7.222439714314791,0,0,0
2021-05-25,23.7,8.6,17.9,80,0.0,0.0,0.0,0.0,84.52182730311935,0.14932106154288022,1,0.0,12698.247535596933,111522.30755593267,2.005206189156679,0.15478172696880643,12,4.6658499682956265,0,0,0
2021-05-26,24.0,0.1,22.0,76,0.0,0.0,0.0,0.0,79.83904756220346,0.021189475884529355,2,15.876369342876313,12699.61664841183,110862.84004061297,1.2156395288897253,0.20160952437796542,12,6.368991539579167,0,0,0
2021-05-27,24.3,0.0,24.2,70,0.0,0.0,0.0,0.0,79.04420781253437,0.0,3,0.0,12700.985761226726,111614.27055034689,1.3900554404873164,0.20955792187465638,12,6.28673765623969,0,0,0
2021-05-28,24.3,0.0,19.4,68,0.0,0.0,0.0,0.0,76.36974535183361,2.0964852606076043,4,0.0,12702.35487404162,111779.51877624432,2.488382584480291,0.23630254648166382,12,7.403549183541055,0,0,0
2021-05-29,24.6,0.5,15.5,73,0.0,0.0,0.0,0.0,77.89291467772667,1.2629188331681696,5,19.727530118118743,12703.723986856518,111426.3699271413,1.0578623189378225,0.22107085322273334,12,7.216114024019599,0,0,0
2021-05-30,25.0,0.2,16.6,71,0.0,0.0,0.0,0.0,83.10156490330303,1.4760565439783977,6,0.0,12705.093099671412,111909.83993333949,1.5769618113021757,0.16898435096696973,12,5.290939010605851,0,0,0
2021-05-31,25.3,0.5,15.6,70,0.0,0.0,0.0,0.0,82.20366875049753,0.0,0,0.0,12706.462212486309,110717.69459832272,0.9765860838768924,0.17796331249502473,12,5.338899374850742,0,0,0
2021-06-01,25.5,4.8,17.3,73,0.0,0.0,0.0,0.0,78.0097790208058,0.0,1,0.0,12707.831325301206,111553.25231949966,1.042685551188892,0.21990220979194208,12,6.597066293758261,0,0,0
2021-06-02,24.8,18.0,11.9,78,0.0,0.0,0.0,0.0,87.5973292217169,3.291458135261087,2,0.0,12709.2004381161,110727.0173685979,1.7695378082689794,0.12402670778283098,12,4.214519953774092,0,0,0
2021-06-03,23.7,20.1,9.3,85,0.0,0.0,0.0,0.0,91.04554849348716,0.0,3,0.0,12710.569550930997,110747.99765604227,2.3509287426277203,0.0895445150651284,12,2.686335451953852,0,0,0
2021-06-04,22.9,18.3,10.1,90,0.0,0.0,0.0,0.0,80.64237887551451,0.0,4,0.0,12711.938663745892,110982.45353165246,1.4016614811815715,0.1935762112448549,12,5.807286337345647,0,0,0
2021-06-05,23.0,7.3,13.9,88,0.0,0.0,0.0,0.0,85.09344076951975,2.080436735741981,5,9.830112944935673,12713.307776560789,110819.76947009678,1.9441598294770717,0.14906559230480254,12,4.980635538404086,0,0,0
2021-06-06,23.4,2.3,14.0,80,0.0,0.0,0.0,0.0,78.26950496421661,0.0,6,0.0,12714.676889375685,111009.68226587588,0.31409574116071315,0.21730495035783393,12,6.519148510735018,0,0,0
2021-06-07,24.3,0.0,14.7,72,0.0,0.0,0.0,0.0,82.28239467437264,3.1798091521398657,0,6.1396214537247555,12716.04600219058,111169.4856332534,0.6067792898366247,0.1771760532562736,12,5.915045399583684,0,0,0
2021-06-08,24.4,0.0,18.3,70,0.0,0.0,0.0,0.0,76.94696337382993,1.8510178487300926,1,36.26815397030846,12717.415115005477,111688.01864513721,1.305115938206878,0.23053036626170065,12,7.918926744566704,0,0,0
2021-06-09,23.4,1.7,23.0,75,0.0,0.0,0.0,0.0,73.46047159734194,2.050707969601433,2,0.0,12718.784227820372,111101.74249598122,0.1480281367090595,0.26539528402658064,12,8.269464716237634,0,0,0
2021-06-10,23.6,0.7,23.4,75,0.0,0.0,0.0,0.0,73.76983024846734,0.0,3,5.566972692893391,12720.153340635268,110462.3897753118,0.706851949030141,0.2623016975153266,12,7.980390379317663,0,0,0
2021-06-11,23.6,0.0,27.5,71,0.0,0.0,0.0,0.0,80.19233978664553,3.635831956159201,4,0.0,12721.522453450165,111818.11716530673,1.3417630955799187,0.19807660213354472,12,6.48767285743022,0,0,0
2021-06-12,23.1,3.2,32.1,79,0.0,0.0,0.0,0.0,82.31889000688592,0.7837515937015682,5,0.0,12722.89156626506,110822.41878861416,0.1359068758151217,0.17681109993114075,12,5.421895736989459,0,0,0
2021-06-13,22.6,2.0,29.6,80,0.0,0.0,0.0,0.0,77.18273349958237,0.0,6,0.0,12724.260679079956,111204.48425523192,0.7349110869425001,0.22817266500417632,12,6.8451799501252895,0,0,0
2021-06-14,21.5,4.7,28.4,87,0.0,0.0,0.0,0.0,84.4343698351095,0.43016540202675324,0,0.0,12725.629791894851,111449.99333561712,1.3336739667420867,0.1556563016489051,12,4.734213859771165,0,0,0
2021-06-15,22.5,2.9,29.8,80,0.0,0.0,0.0,0.0,74.51391975092416,0.0,1,7.189515950942511,12726.998904709748,111319.4109047107,1.4755581951549896,0.2548608024907584,12,7.789614393741602,0,0,0
2021-06-16,22.7,3.2,29.5,80,0.0,0.0,0.0,0.0,81.01568080541074,1.2259584344420125,2,46.98151573401515,12728.368017524645,111759.5760826326,2.321804063332733,0.1898431919458926,12,6.818819838223384,0,0,0
2021-06-17,23.3,0.8,32.7,75,0.0,0.0,0.0,0.0,75.47593520095016,0.0,3,0.0,12729.73713033954,111444.86849393077,1.6488294958014589,0.24524064799049838,12,7.357219439714951,0,0,0
2021-06-18,23.3,1.1,30.0,75,0.0,0.0,0.0,0.0,77.83265556879137,0.0,4,0.0,12731.106243154436,110767.59274574838,1.095365926071985,0.22167344431208635,12,6.650203329362589,0,0,0
2021-06-19,22.7,0.0,27.2,76,0.0,0.0,0.0,0.0,80.18959468526566,0.0,5,0.0,12732.475355969333,112280.4092359553,2.332842825119363,0.19810405314734336,12,5.943121594420302,0,0,0
2021-06-20,23.6,0.3,26.4,73,0.0,0.0,0.0,0.0,76.67834653886419,3.3380651249697757,6,7.915976974194941,12733.844468784228,111281.17549399113,1.9837191601307063,0.23321653461135805,12,7.655525346570108,0,0,0
2021-06-21,23.6,0.2,21.3,75,0.0,0.0,0.0,0.0,78.5417778230807,0.0,0,5.271016239095699,12735.213581599124,111103.2192623738,0.5800214106705942,0.21458222176919306,12,6.542886977857706,0,0,0
2021-06-22,24.2,0.0,20.0,70,0.0,0.0,0.0,0.0,84.02517123685776,4.601183129749497,1,25.681915878962343,12736.582694414019,111651.73270057488,0.4140216672371675,0.15974828763142246,12,5.996264415984344,0,0,0
2021-06-23,24.7,0.3,14.5,66,0.0,0.0,0.0,0.0,77.81243252190741,0.0,2,0.0,12737.951807228916,111287.37607537468,1.7219479257825592,0.22187567478092585,12,6.656270243427777,0,0,0
2021-06-24,24.4,0.6,19.4,69,0.0,0.0,0.0,0.0,83.58276844826057,0.0,3,0.0,12739.320920043812,111355.14531224185,1.4437195973847612,0.1641723155173943,12,4.92516946552183,0,0,0
2021-06-25,24.6,0.0,20.8,63,0.0,0.0,0.0,0.0,75.48117258136952,0.0,4,0.0,12740.690032858707,112394.50382843507,1.9952166731026137,0.24518827418630484,12,7.355648225589144,0,0,0
2021-06-26,23.0,17.2,20.2,79,0.0,0.0,0.0,0.0,88.99921671166112,3.707434860020816,5,21.946003750874176,12742.059145673604,111003.73172836973,1.8731321201888476,0.11000783288338878,12,4.29527029052227,0,0,0
2021-06-27,22.1,2.6,23.2,81,0.0,0.0,0.0,0.0,86.80627448263161,0.0,6,0.0,12743.4282584885,110975.29260885112,1.600507681258036,0.13193725517368393,12,3.9581176552105175,0,0,0
2021-06-28,23.8,0.1,13.8,71,0.0,0.0,0.0,0.0,70.15342199949085,0.0,0,0.0,12744.797371303395,111185.34292522857,2.467317211909341,0.2984657800050915,12,8.953973400152746,0,0,0
2021-06-29,25.1,0.6,11.5,69,0.0,0.0,0.0,0.0,77.05241897811808,0.48005467755836306,1,11.423588124384175,12746.166484118292,111655.6922503754,1.3806153522649809,0.22947581021881913,12,7.184754270686013,0,0,0
2021-06-30,25.7,0.8,10.8,68,0.0,0.0,0.0,0.0,82.62828850872215,1.5053482085026348,2,4.873144474054288,12747.535596933187,110359.54788085222,0.3714538156041276,0.17371711491277853,12,5.534778568139836,0,0,0
2021-07-01,24.6,10.9,14.8,77,0.0,0.0,0.0,0.0,83.54781845582802,3.3521964477073825,3,0.0,12748.904709748083,110122.91756357171,2.087856555558372,0.16452181544171973,12,5.438483930407701,0,0,0
2021-07-02,23.8,4.3,17.2,81,0.0,0.0,0.0,0.0,83.20458349348523,4.345497689678779,4,0.0,12750.27382256298,110805.01848736242,0.7044480696297015,0.1679541650651477,12,5.690449605406248,0,0,0
2021-07-03,23.8,7.8,12.7,79,0.0,0.0,0.0,0.0,80.70405925313672,0.0,5,0.0,12751.642935377875,110274.49525650541,1.9655251555454039,0.19295940746863283,12,5.788782224058984,0,0,0
2021-07-04,23.3,6.9,14.4,83,0.0,0.0,0.0,0.0,83.1063591498916,0.0,6,2.2107063494788024,12753.012048192772,110871.92167563477,2.3970570304001235,0.16893640850108393,12,5.112306382022094,0,0,0
2021-07-05,23.5,1.6,15.3,79,0.0,0.0,0.0,0.0,80.01729105843168,0.0,0,0.0,12754.381161007666,111328.46781082478,1.772309233514419,0.19982708941568317,12,5.994812682470496,0,0,0
2021-07-06,23.9,3.8,10.5,81,0.0,0.0,0.0,0.0,86.19112824663922,0.7808415197486585,1,9.881278379510393,12755.750273822563,110624.72414434655,1.5304723862795226,0.13808871753360774,12,4.4574133215607405,0,0,0
2021-07-07,23.4,10.0,13.8,85,0.0,0.0,0.0,0.0,85.01768337320485,0.0,2,0.0,12757.11938663746,110349.56590109454,1.2049268216200975,0.14982316626795156,12,4.494694988038546,0,0,0
2021-07-08,23.6,2.3,15.7,81,0.0,0.0,0.0,0.0,82.27041064830081,0.0,3,0.0,12758.488499452355,111090.52838370543,0.9745836783889678,0.17729589351699193,12,5.318876805509757,0,0,0
2021-07-09,22.6,10.9,15.8,88,0.0,0.0,0.0,0.0,82.71249213551013,1.0313636446496564,4,0.0,12759.857612267251,111480.01215851787,0.947211402332407,0.1728750786448987,12,5.340956906044409,0,0,0
2021-07-10,22.0,3.4,24.0,85,0.0,0.0,0.0,0.0,79.40957510371003,0.0,5,0.0,12761.226725082146,110194.13431031453,1.6272944937030174,0.20590424896289972,12,6.177127468886992,0,0,0
2021-07-11,22.2,3.0,30.6,81,0.0,0.0,0.0,0.0,79.46976724872152,0.09839098623475953,6,0.0,12762.595837897043,111444.61784208837,1.9030554806505902,0.20530232751278477,12,6.173828473318756,0,0,0
2021-07-12,22.6,0.7,29.5,80,0.0,0.0,0.0,0.0,81.85780856951318,0.0,0,15.956875597915332,12763.96495071194,111436.03535816708,1.7284409667625946,0.1814219143048682,12,5.761794941104352,0,0,0
2021-07-13,22.1,4.5,30.9,84,0.0,0.0,0.0,0.0,80.11606207671895,0.0,1,0.0,12765.334063526834,111497.30542073878,0.5761842428645505,0.19883937923281048,12,5.965181376984316,0,0,0
2021-07-14,21.2,10.5,20.7,91,0.0,0.0,0.0,0.0,85.35909942758565,0.0,2,0.90982952661504,12766.70317634173,111622.38359045885,1.2855692323443788,0.1464090057241435,12,4.410466762256607,0,0,0
2021-07-15,20.5,17.3,25.1,92,0.0,0.0,0.0,0.0,95.22160319458176,2.6705952333743603,3,11.16672846423411,12768.072289156626,112107.03105871535,1.9999361732393512,0.04778396805418239,12,2.0574428959163082,0,0,0
2021-07-16,21.2,22.3,23.0,93,0.0,0.0,0.0,0.0,92.40449881372678,3.1057480041712577,4,37.1329487312391,12769.441401971522,110820.85868543855,1.241689787653735,0.07595501186273224,12,3.487171531132438,0,0,0
2021-07-17,22.0,14.4,18.8,87,0.0,0.0,0.0,0.0,84.45590587132864,0.0,5,0.0,12770.810514786419,111046.57111314956,1.3878958713651852,0.1554409412867136,12,4.663228238601408,0,0,0
2021-07-18,20.8,10.9,23.9,94,0.0,0.0,0.0,0.0,89.16485568865578,0.0,6,6.489172087050341,12772.179627601314,110776.44671984915,1.9507265156099731,0.10835144311344225,12,3.380326735144274,0,0,0
2021-07-19,22.6,1.7,28.5,81,0.0,0.0,0.0,0.0,79.04769850791381,0.0,0,0.0,12773.54874041621,110978.53497221362,1.6870367350362196,0.2095230149208619,12,6.285690447625858,0,0,0
2021-07-20,22.4,2.2,28.0,80,0.0,0.0,0.0,0.0,72.72750185928858,0.0,1,0.0,12774.917853231107,111736.8638410164,1.0824278101177423,0.2727249814071142,12,8.181749442213427,0,0,0
2021-07-21,22.0,3.4,29.2,83,0.0,0.0,0.0,0.0,77.32765475633039,0.0,2,16.895487515634,12776.286966046002,110290.80053459546,2.2489905068661256,0.22672345243669612,12,7.139613323413563,0,0,0
2021-07-22,21.1,11.2,33.8,87,0.0,0.0,0.0,0.0,76.99683231589658,0.0,3,0.0,12777.656078860899,110525.66355384055,0.4901609647923486,0.2300316768410342,12,6.900950305231025,0,0,0
2021-07-23,21.8,8.1,28.6,86,0.0,0.0,0.0,0.0,81.83394606383476,0.0,4,23.570253795968455,12779.025191675793,111637.65947153815,2.4892394766167794,0.18166053936165238,12,5.921221256768941,0,0,0
2021-07-24,22.7,2.6,24.1,83,0.0,0.0,0.0,0.0,81.11367351675821,0.0,5,0.0,12780.39430449069,111451.96787009946,0.3852461883429693,0.1888632648324179,12,5.665897944972537,0,0,0
2021-07-25,23.1,1.9,24.3,81,0.0,0.0,0.0,0.0,87.46574924910114,0.6218019881968319,6,10.398042790575051,12781.763417305587,110753.26440660241,0.13587993065017337,0.12534250750898868,12,4.061506379310684,0,0,0
2021-07-26,22.8,0.0,26.3,79,0.0,0.0,0.0,0.0,81.30770949505666,0.20803301110875128,0,37.37635681087706,12783.132530120482,111354.91184393386,2.2360453627570354,0.18692290504943343,12,6.386419239366855,0,0,0
2021-07-27,22.8,0.5,26.5,77,0.0,0.0,0.0,0.0,79.32359788476455,0.0,1,8.394112167145318,12784.501642935378,111091.19937798205,0.6878884200782945,0.20676402115235448,12,6.370802877913541,0,0,0
2021-07-28,23.1,0.9,27.1,75,0.0,0.0,0.0,0.0,83.67762232473396,0.5304626164181939,2,5.531630111820975,12785.870755750273,111663.60937459907,1.8512791058721303,0.16322377675266042,12,5.08691529727896,0,0,0
2021-07-29,22.7,1.2,26.8,77,0.0,0.0,0.0,0.0,71.63545876396846,0.0,3,0.17112161648699664,12787.23986856517,110943.6074803745,2.046436899836966,0.2836454123603154,12,8.512784803139203,0,0,0
2021-07-30,23.0,0.6,27.1,75,0.0,0.0,0.0,0.0,81.18245823243426,0.0,4,0.0,12788.608981380066,111412.04935375995,2.1615673384770804,0.18817541767565737,12,5.645262530269723,0,0,0
2021-07-31,23.1,1.0,28.2,75,0.0,0.0,0.0,0.0,83.48346077554787,5.020356270895611,5,27.11145871420696,12789.978094194961,112213.1198654325,2.479826165594,0.16516539224452131,12,6.25024438225412,0,0,0
2021-08-01,23.1,0.5,27.8,74,0.0,0.0,0.0,0.0,74.28565501688064,4.021383155371044,6,0.0,12791.347207009858,111184.04410107248,0.8056953040959978,0.25714344983119364,12,8.317510968241464,0,0,0
2021-08-02,22.8,1.0,27.7,75,0.0,0.0,0.0,0.0,84.97501617282772,0.0,0,10.08966512766034,12792.716319824754,110902.5392198087,1.804584020625422,0.15024983827172278,12,4.70928845070489,0,0,0
2021-08-03,23.0,0.9,25.5,76,0.0,0.0,0.0,0.0,81.71398562997766,2.4891972536375233,1,0.0,12794.08543263965,111231.9792428843,0.3769596598739877,0.1828601437002234,12,5.859183899052331,0,0,0
2021-08-04,23.1,2.1,27.3,77,0.0,0.0,0.0,0.0,79.1788483443968,2.4341896634747764,2,0.0,12795.454545454546,110680.99593453443,1.0763422992564387,0.20821151655603198,12,6.611473946202176,0,0,0
2021-08-05,22.8,4.9,25.0,80,0.0,0.0,0.0,0.0,84.49112746442513,0.0,3,28.701747984444708,12796.82365826944,112050.50082976127,2.1351320639502167,0.1550887253557487,12,5.226696720361354,0,0,0
2021-08-06,23.3,2.3,26.4,78,0.0,0.0,0.0,0.0,90.00277143121758,2.4563329312645816,4,0.0,12798.192771084337,110939.43310920944,0.98237931054186,0.09997228568782424,12,3.3676185103244127,0,0,0
2021-08-07,23.0,5.9,20.7,83,0.0,0.0,0.0,0.0,83.08746502023398,4.613795755237659,5,29.065509520850892,12799.561883899234,110705.81154361123,1.5186289132854738,0.16912534979766025,12,6.347140047632474,0,0,0
2021-08-08,23.5,4.0,15.1,82,0.0,0.0,0.0,0.0,82.59288234520133,0.0,6,0.0,12800.930996714129,110417.3143145765,1.3090562649391217,0.17407117654798665,12,5.2221352964396,0,0,0
2021-08-09,23.5,1.3,14.0,82,0.0,0.0,0.0,0.0,78.68255640183902,0.0,0,0.0,12802.300109529026,111376.6495262523,1.6502836746689082,0.2131744359816098,12,6.395233079448294,0,0,0
2021-08-10,23.0,3.8,18.0,82,0.0,0.0,0.0,0.0,78.12062252214083,3.0529844005305073,1,17.84135199463441,12803.66922234392,111254.51375022548,2.434946534530468,0.21879377477859163,12,7.378587943330013,0,0,0
2021-08-11,23.1,7.9,20.4,83,0.0,0.0,0.0,0.0,86.48134326617698,0.814485932476944,2,0.0,12805.038335158817,110565.12347146712,0.23376526360336508,0.1351865673382302,12,4.177769910018448,0,0,0
2021-08-12,22.5,8.8,21.7,84,0.0,0.0,0.0,0.0,80.09566469636452,1.6544288257185698,3,13.97377627034087,12806.407447973714,111094.9069430979,1.4775076420039113,0.1990433530363548,12,6.498940440355247,0,0,0
2021-08-13,22.6,7.2,21.6,83,0.0,0.0,0.0,0.0,83.16626494887757,1.0217676492014904,4,0.5042173508016423,12807.776560788609,110045.2838997928,2.1712690702006836,0.16833735051122434,12,5.213470009732986,0,0,0
2021-08-14,22.4,1.4,21.5,81,0.0,0.0,0.0,0.0,78.64937021293953,1.1720877627844324,5,0.0,12809.145673603505,110884.92778479835,1.2553185081962261,0.2135062978706047,12,6.581002100535806,0,0,0
2021-08-15,22.5,0.9,22.6,78,0.0,0.0,0.0,0.0,82.27591930298557,0.0,6,3.2858953074113812,12810.5147864184,111011.70128666266,0.28846524625977477,0.17724080697014433,12,5.382942115252557,0,0,0
2021-08-16,22.5,1.5,19.2,80,0.0,0.0,0.0,0.0,81.93464842114778,3.141953119864345,0,43.924462843055984,12811.883899233297,111631.86862876646,1.4452944458002501,0.18065351578852218,12,6.769387698496436,0,0,0
2021-08-17,22.0,1.3,16.3,84,0.0,0.0,0.0,0.0,84.67015977703159,3.5087699772833205,1,9.859729170289185,12813.253012048193,110385.67493598505,0.896977337977169,0.15329840222968416,12,5.322462146888805,0,0,0
2021-08-18,22.6,3.3,20.0,82,0.0,0.0,0.0,0.0,79.279934404581,0.0,2,0.0,12814.622124863088,110124.78863631077,0.47186028481104614,0.20720065595419002,12,6.216019678625701,0,0,0
2021-08-19,22.8,0.2,23.0,78,0.0,0.0,0.0,0.0,79.00050025882652,0.0,3,21.506868039137956,12815.991237677985,110309.13158361196,2.137682831880335,0.20999499741173477,12,6.729987283134803,0,0,0
2021-08-20,23.0,0.4,13.4,77,0.0,0.0,0.0,0.0,76.24494513687077,0.0,4,4.213369304062216,12817.360350492881,110081.44192727956,1.351838831178692,0.23755054863129232,12,7.210783845020013,0,0,0
2021-08-21,22.5,1.3,8.8,83,0.0,0.0,0.0,0.0,78.74282695969555,1.5427642680535048,5,4.190684605255886,12818.729463307776,111410.93546967905,2.33986338970976,0.21257173040304456,12,6.692380244404479,0,0,0
2021-08-22,22.3,20.7,6.5,86,0.0,0.0,0.0,0.0,89.78920197217941,1.7161723251424323,6,0.0,12820.098576122673,111509.80705167413,2.0344396110473655,0.10210798027820589,12,3.320665257117541,0,0,0
2021-08-23,22.3,11.8,12.6,86,0.0,0.0,0.0,0.0,87.7479544665814,0.0,0,4.676960515791968,12821.467688937568,110888.47630649905,1.7631323050568017,0.12252045533418598,12,3.7691528703414177,0,0,0
2021-08-24,23.0,2.8,10.0,82,0.0,0.0,0.0,0.0,77.4313387032895,3.373060079611508,1,20.708868328338895,12822.836801752464,111331.89610372976,0.11206120807674864,0.22568661296710502,12,7.690734767521653,0,0,0
2021-08-25,23.0,9.7,13.3,83,0.0,0.0,0.0,0.0,87.35842368042263,0.0,2,0.0,12824.205914567361,110781.10843453984,1.1267762959318,0.12641576319577363,12,3.7924728958732103,0,0,0
2021-08-26,23.1,8.0,15.2,83,0.0,0.0,0.0,0.0,88.6225514352198,1.6938177776808008,3,28.489916424938954,12825.575027382256,110659.45403376188,0.5739670759648775,0.1137744856478019,12,4.237105564584958,0,0,0
2021-08-27,22.6,30.8,13.4,88,0.0,0.0,0.0,0.0,93.9737396128948,0.0,4,0.0,12826.944140197153,110533.37166144792,2.2859149865172825,0.06026260387105198,12,1.8078781161315587,0,0,0
2021-08-28,21.7,7.4,19.5,88,0.0,0.0,0.0,0.0,90.46718325023225,0.0,5,0.0,12828.313253012047,110537.57558864857,0.5190015632232646,0.09532816749767747,12,2.8598450249303244,0,0,0
2021-08-29,21.5,32.8,22.5,90,0.0,0.0,0.0,0.0,90.02484320358572,0.0,6,19.95264153840489,12829.682365826944,109911.75091954536,0.7865441239822851,0.09975156796414286,12,3.391599869692383,0,0,0
2021-08-30,22.3,0.7,23.1,82,0.0,0.0,0.0,0.0,75.30138118675433,0.6759237661228248,0,0.0,12831.05147864184,110810.6596928661,1.3404082425627981,0.24698618813245676,12,7.510974208892125,0,0,0
2021-08-31,22.9,0.0,17.9,78,0.0,0.0,0.0,0.0,72.88511900438289,0.0,1,15.190297749722157,12832.420591456736,110651.24596931796,0.7320726855953902,0.2711488099561712,12,8.438270253679576,0,0,0
2021-09-01,23.1,1.4,13.7,80,0.0,0.0,0.0,0.0,86.54417724595673,0.0,2,0.0,12833.789704271632,111036.97389982645,0.6036752254698907,0.13455822754043267,12,4.03674682621298,0,0,0
2021-09-02,22.3,14.6,13.3,85,0.0,0.0,0.0,0.0,88.45746262541624,2.478141514324519,3,0.0,12835.158817086529,110703.93589936936,1.5378383802466058,0.11542537374583761,12,3.834482439523805,0,0,0
2021-09-03,21.5,12.7,14.8,90,0.0,0.0,0.0,0.0,84.85766131635818,0.0,4,9.871204086685832,12836.527929901424,110568.70291372805,0.3134308546120573,0.1514233868364182,12,4.740125686826263,0,0,0
2021-09-04,21.3,16.3,23.3,90,0.0,0.0,0.0,0.0,87.63987450527928,0.0,5,5.817941151800118,12837.89704271632,110207.33886287133,0.23960262093021933,0.1236012549472072,12,3.8243964714522183,0,0,0
2021-09-05,21.5,13.7,22.5,90,0.0,0.0,0.0,0.0,80.9780438108065,5.2487517126162615,6,0.0,12839.266155531215,110671.89260964855,0.9933887084465713,0.190219561891935,12,6.49389961365049,0,0,0
2021-09-06,21.6,2.6,23.0,86,0.0,0.0,0.0,0.0,90.82300791846731,4.144362236071459,0,0.0,12840.635268346112,110997.8152200083,1.8295946908188696,0.09176992081532687,12,3.3747519598705256,0,0,0
2021-09-07,22.0,2.1,28.1,83,0.0,0.0,0.0,0.0,81.35688472790092,0.0,1,18.58819969581631,12842.004381161008,110049.90772242083,1.4315362198574753,0.18643115272099076,12,5.96469857554605,0,0,0
2021-09-08,22.6,2.0,24.5,80,0.0,0.0,0.0,0.0,81.23757917841957,2.069123415735583,2,0.0,12843.373493975903,110658.19470816567,1.1149035243202692,0.1876242082158044,12,5.939094758834467,0,0,0
2021-09-09,22.9,1.0,24.1,80,0.0,0.0,0.0,0.0,83.30306649559478,0.0,3,0.0,12844.7426067908,110723.8599204526,1.4578037541389979,0.1669693350440522,12,5.0090800513215665,0,0,0
2021-09-10,22.8,0.3,23.7,79,0.0,0.0,0.0,0.0,82.04403692694686,0.7904616459931787,4,0.0,12846.111719605695,110241.18666624125,0.9770835631678566,0.17955963073053138,12,5.505358168814919,0,0,0
2021-09-11,22.3,1.0,23.8,84,0.0,0.0,0.0,0.0,81.29553609711652,0.8826723870404811,5,0.0,12847.480832420591,110299.17151895893,2.346751205037071,0.18704463902883472,12,5.743740028921114,0,0,0
2021-09-12,22.2,4.8,25.5,86,0.0,0.0,0.0,0.0,78.75810217821875,0.0,6,0.0,12848.849945235488,110701.28570915858,0.2317717381858584,0.21241897821781253,12,6.372569346534375,0,0,0
2021-09-13,23.0,1.7,30.0,79,0.0,0.0,0.0,0.0,82.565873428544,0.0,0,0.0,12850.219058050383,110012.1503889917,1.7161395496716045,0.1743412657145601,12,5.230237971436801,0,0,0
2021-09-14,23.3,1.0,23.3,78,0.0,0.0,0.0,0.0,87.92809798590014,0.0,1,0.0,12851.58817086528,110746.70336912524,2.2390783955866014,0.12071902014099867,12,3.6215706042299587,0,0,0
2021-09-15,22.9,1.6,18.7,81,0.0,0.0,0.0,0.0,86.02168018461991,0.0,2,0.0,12852.957283680174,110116.94493803348,2.029323300964608,0.1397831981538009,12,4.1934959446140265,0,0,0
2021-09-16,23.2,0.6,18.0,78,0.0,0.0,0.0,0.0,86.61274650655758,0.0,3,0.0,12854.326396495071,111088.92958474223,0.5416984835714722,0.1338725349344242,12,4.016176048032725,0,0,0
2021-09-17,23.6,0.1,14.0,74,0.0,0.0,0.0,0.0,77.99513729427527,0.0,4,7.279412617054763,12855.695509309968,111719.29722428232,0.810223237552692,0.22004862705724737,12,6.747047064058516,0,0,0
2021-09-18,23.7,0.0,9.9,73,0.0,0.0,0.0,0.0,76.04158071896568,0.0,5,41.863958644198895,12857.064622124863,110112.88556409981,1.8209150528970512,0.23958419281034327,12,8.024804957194275,0,0,0
2021-09-19,24.2,4.1,16.3,75,0.0,0.0,0.0,0.0,81.1368523196014,2.0461561971378597,6,0.0,12858.43373493976,110803.24850950058,0.3022493420338373,0.18863147680398595,12,5.965867733690258,0,0,0
2021-09-20,23.8,1.4,9.8,79,0.0,0.0,0.0,0.0,80.78289964915479,4.461738466007782,0,23.18762086601044,12859.802847754654,110165.65423923479,2.0484680795982015,0.19217100350845218,12,6.898143292474941,0,0,0
2021-09-21,23.7,1.0,15.8,75,0.0,0.0,0.0,0.0,84.7767660738838,0.0,1,19.46203122030144,12861.17196056955,111042.38289193723,1.8253766670514968,0.15223233926116198,12,4.956210802240887,0,0,0
2021-09-22,23.3,1.7,17.9,77,0.0,0.0,0.0,0.0,73.91014148114073,0.7182135016061312,2,0.0,12862.541073384447,109882.15721385827,1.8510559581648223,0.26089858518859277,12,7.9346895808987,0,0,0
2021-09-23,23.5,1.9,18.4,77,0.0,0.0,0.0,0.0,86.87820127784246,1.4990553309088015,3,4.064719091720621,12863.910186199342,110747.96041097726,0.3405792886422193,0.1312179872215754,12,4.242692298117992,0,0,0
2021-09-24,23.3,5.7,17.1,81,0.0,0.0,0.0,0.0,81.64796840568404,1.4160068127578231,4,0.0,12865.279299014239,110064.05316168128,1.822625307558954,0.18352031594315965,12,5.718010500208461,0,0,0
2021-09-25,22.9,7.5,14.5,83,0.0,0.0,0.0,0.0,81.29247572021032,0.2278658037482622,5,3.7137716083747785,12866.648411829136,110389.93596393931,1.731563500527928,0.18707524279789678,12,5.720712586666639,0,0,0
2021-09-26,23.0,3.7,17.8,77,0.0,0.0,0.0,0.0,77.43158249895933,2.2280472550791672,6,30.18262026809101,12868.01752464403,109970.79623427738,2.094213977972441,0.22568417501040672,12,7.708384743935897,0,0,0
2021-09-27,22.2,5.9,24.3,83,0.0,0.0,0.0,0.0,75.74057331253692,1.4467468580419716,0,12.11212465262626,12869.386637458927,110890.36472066146,0.1998302950155268,0.24259426687463082,12,7.737082527997742,0,0,0
2021-09-28,22.5,0.5,24.4,78,0.0,0.0,0.0,0.0,83.49268233584766,0.0,1,10.17216746466884,12870.755750273822,110053.57992135633,0.15546560432270126,0.16507317664152343,12,5.155638648539078,0,0,0
2021-09-29,22.7,0.4,20.6,80,0.0,0.0,0.0,0.0,80.45327186875362,2.6074681931678194,2,0.0,12872.124863088718,110740.93284160458,0.9952170397085457,0.19546728131246383,12,6.255138668349088,0,0,0
2021-09-30,22.6,5.7,10.0,84,0.0,0.0,0.0,0.0,77.12015640103579,2.661872511800226,3,0.0,12873.493975903615,110285.78231117004,0.45709188123796696,0.2287984359896421,12,7.263233956459297,0,0,0
2021-10-01,23.0,12.3,13.2,85,0.0,0.0,0.0,0.0,79.73968491174554,0.0,4,0.0,12874.86308871851,110393.47575276432,1.4401227461685326,0.20260315088254455,12,6.078094526476336,0,0,0
2021-10-02,23.0,12.4,13.8,85,0.0,0.0,0.0,0.0,83.6168612028395,0.11381350634280608,5,24.1321630972783,12876.232201533407,110517.47050572635,2.301637363616197,0.163831387971605,12,5.414656927045137,0,0,0
2021-10-03,23.4,2.0,13.3,84,0.0,0.0,0.0,0.0,87.47608610115756,2.0499869784332083,6,0.0,12877.601314348303,110055.5608295594,1.0395513528016378,0.12523913898842443,12,4.064672216417712,0,0,0
2021-10-04,23.7,1.8,15.5,80,0.0,0.0,0.0,0.0,79.68163459454559,0.0,0,0.0,12878.970427163198,110534.5373355218,2.12788090545425,0.2031836540545442,12,6.095509621636324,0,0,0
2021-10-05,22.9,5.3,12.3,86,0.0,0.0,0.0,0.0,76.10742818752757,3.2189341432980356,1,2.5253547246813635,12880.339539978095,111187.40167429112,0.10057809884287955,0.2389257181247243,12,7.70111875973006,0,0,0
2021-10-06,21.8,55.6,13.6,92,0.0,0.0,0.0,0.0,100.0,7.091617483858082,2,0.0,12881.70865279299,110026.0676125601,0.5044351443020421,0.0,12,1.063742622578712,0,0,0
2021-10-07,23.1,5.5,11.4,83,0.0,0.0,0.0,0.0,81.10910572100931,0.0,3,0.0,12883.077765607886,110993.90069047592,0.1730164951698055,0.1889089427899069,12,5.667268283697205,0,0,0
2021-10-08,22.6,9.7,14.2,89,0.0,0.0,0.0,0.0,73.09245342823371,0.0,4,0.0,12884.446878422783,111149.92504894543,0.8875532332361646,0.26907546571766294,12,8.072263971529885,0,0,0
2021-10-09,21.9,9.9,15.5,91,0.0,0.0,0.0,0.0,83.74282053392875,0.9114557868146271,5,0.0,12885.815991237678,109985.67935105006,2.279655029671607,0.16257179466071248,12,5.013872207843569,0,0,0
2021-10-10,22.2,7.4,15.2,88,0.0,0.0,0.0,0.0,82.03626187916528,2.1646875153784304,6,0.0,12887.185104052574,109659.11015638134,0.3326850966375706,0.17963738120834716,12,5.713824563557179,0,0,0
2021-10-11,22.1,17.7,13.0,89,0.0,0.0,0.0,0.0,89.86482545925367,0.0,0,14.068558335746175,12888.55421686747,110530.49852237504,1.555383464185121,0.10135174540746339,12,3.3219235289388234,0,0,0
2021-10-12,21.2,30.1,11.8,93,0.0,0.0,0.0,0.0,99.4358243797814,4.359781989963103,1,0.0,12889.923329682366,110098.69492426826,1.183590253886666,0.005641756202186099,12,0.8232199845600472,0,0,0
2021-10-13,21.6,10.9,17.4,89,0.0,0.0,0.0,0.0,88.86626011819104,0.0,2,0.0,12891.292442497263,111299.58090859573,2.35232370967795,0.11133739881808968,12,3.3401219645426887,0,0,0
2021-10-14,22.2,18.6,11.0,88,0.0,0.0,0.0,0.0,86.36444523778067,2.0787558690948336,3,0.0,12892.661555312157,110375.5636826267,0.3940459420890252,0.13635554762219326,12,4.402479809030024,0,0,0
2021-10-15,22.2,13.9,6.8,89,0.0,0.0,0.0,0.0,81.13389636503332,0.0,4,14.639110050196916,12894.030668127054,109949.94082172173,0.6088668412053494,0.1886610363496668,12,5.952613291493941,0,0,0
2021-10-16,22.6,11.2,10.0,88,0.0,0.0,0.0,0.0,94.77343921299945,5.15813371862189,5,0.0,12895.399780941949,109770.34138359601,0.17090072466758388,0.05226560787000556,12,2.341688293893449,0,0,0
2021-10-17,22.7,5.5,13.1,87,0.0,0.0,0.0,0.0,82.43687373605796,5.9775460595043555,6,0.0,12896.768893756846,110881.75423200983,1.141444599115297,0.17563126263942042,12,6.1655697881082645,0,0,0
2021-10-18,22.4,5.8,17.6,87,0.0,0.0,0.0,0.0,82.37571716765177,0.0,0,0.887175950312141,12898.138006571742,110044.09037878485,0.7667989589551703,0.17624282832348226,12,5.305028368710711,0,0,0
2021-10-19,22.8,0.7,11.5,81,0.0,0.0,0.0,0.0,80.18349965155998,0.0,1,0.0,12899.507119386637,110344.4773789197,2.1877742413367702,0.19816500348440014,12,5.944950104532005,0,0,0
2021-10-20,23.2,11.9,11.1,81,0.0,0.0,0.0,0.0,85.55233904307143,2.578763660939406,2,9.894113075500648,12900.876232201534,110793.34496510826,1.5518579516746123,0.14447660956928576,12,4.918995097729495,0,0,0
2021-10-21,22.6,7.0,12.0,85,0.0,0.0,0.0,0.0,82.22255835230423,0.0,3,7.668700628072883,12902.245345016428,110066.19502994916,1.573817771141684,0.1777744164769577,12,5.486606506870188,0,0,0
2021-10-22,22.7,3.0,11.8,82,0.0,0.0,0.0,0.0,78.90535197247905,0.0,4,0.0,12903.614457831325,110278.24040490702,1.376585672515126,0.21094648027520946,12,6.328394408256284,0,0,0
2021-10-23,22.0,9.5,9.7,86,0.0,0.0,0.0,0.0,81.61256423503843,0.07616526162723054,5,20.118490235928334,12904.983570646222,110285.80122772839,0.3204408093500824,0.18387435764961568,12,5.930025323451121,0,0,0
2021-10-24,21.4,13.1,14.6,86,0.0,0.0,0.0,0.0,85.108986919136,0.0,6,0.0,12906.352683461117,110628.62830176023,1.1680448409408526,0.14891013080864002,12,4.467303924259199,0,0,0
2021-10-25,22.1,0.9,14.8,81,0.0,0.0,0.0,0.0,78.18630091546494,0.0,0,22.55817986507138,12907.721796276013,110575.2188271199,2.4988124553004396,0.21813699084535054,12,6.995273322661946,0,0,0
2021-10-26,22.0,0.5,14.2,78,0.0,0.0,0.0,0.0,77.34861686929135,0.0,1,3.0898733119050226,12909.09090909091,110162.67040709985,2.1045502980304356,0.22651383130708647,12,6.857212405450695,0,0,0
2021-10-27,22.1,0.0,17.6,75,0.0,0.0,0.0,0.0,80.42572091076758,0.0,2,0.0,12910.460021905805,110297.43241683807,2.2443017300010784,0.19574279089232416,12,5.872283726769726,0,0,0
2021-10-28,21.6,0.0,16.1,74,0.0,0.0,0.0,0.0,78.98009113031658,4.330896010406443,3,0.0,12911.829134720701,110072.59899369061,2.0757432621915988,0.21019908869683424,12,6.955607062465993,0,0,0
2021-10-29,21.5,7.1,22.3,84,0.0,0.0,0.0,0.0,88.85597195433076,0.0,4,0.0,12913.198247535596,109512.56290935517,0.34730006423435844,0.11144028045669241,12,3.3432084137007734,0,0,0
2021-10-30,22.3,2.6,17.4,86,0.0,0.0,0.0,0.0,70.43612076642796,2.439615560243932,5,24.40565792835434,12914.567360350493,110373.0501548765,0.6458758097555191,0.29563879233572044,12,9.723219262675288,0,0,0
2021-10-31,21.8,4.6,18.5,87,0.0,0.0,0.0,0.0,86.20602740768985,0.0,6,0.0,12915.93647316539,111183.2262199565,0.10749196325538311,0.13793972592310155,12,4.138191777693046,0,0,0
2021-11-01,21.1,4.9,20.7,91,0.0,0.0,0.0,0.0,86.9443407699905,0.0,0,0.0,12917.305585980284,109788.15138255699,0.8284242997074674,0.13055659230009498,12,3.916697769002849,0,0,0
2021-11-02,21.8,0.5,23.9,86,0.0,0.0,0.0,0.0,71.90643907036741,2.371115688155134,1,20.726057841449595,12918.674698795181,109836.3767114637,0.36065776563158214,0.2809356092963259,12,9.19825678894204,0,0,0
2021-11-03,21.5,7.8,18.5,88,0.0,0.0,0.0,0.0,81.74924962367861,1.0201538837066713,2,0.0,12920.043811610078,109780.40829380573,1.2347040287237994,0.1825075037632139,12,5.628248195452419,0,0,0
2021-11-04,21.9,2.8,13.6,86,0.0,0.0,0.0,0.0,79.63423653601684,1.7118389916585928,3,18.01066154663183,12921.412924424973,110570.9486823517,1.7251059725773648,0.20365763463983155,12,6.726718118876372,0,0,0
2021-11-05,21.1,11.0,10.1,89,0.0,0.0,0.0,0.0,78.76995322112872,2.9045539815985832,4,33.98871966017419,12922.78203723987,110425.7761334509,2.198812708091385,0.2123004677887128,12,7.484471524104657,0,0,0
2021-11-06,22.0,0.5,13.6,82,0.0,0.0,0.0,0.0,77.0887332496365,0.0,5,0.0,12924.151150054764,110115.145173507,1.8981211962181557,0.2291126675036349,12,6.873380025109048,0,0,0
2021-11-07,21.2,1.0,20.0,86,0.0,0.0,0.0,0.0,75.9576966181367,0.0,6,13.627246531506108,12925.52026286966,109728.28510225828,2.3526054298684125,0.24042303381863306,12,7.485235945189114,0,0,0
2021-11-08,20.7,3.6,17.1,88,0.0,0.0,0.0,0.0,88.44908177369449,0.0,0,0.0,12926.889375684557,110226.36364226027,0.22935589694509312,0.11550918226305518,12,3.4652754678916535,0,0,0
2021-11-09,20.4,0.0,15.3,79,0.0,0.0,0.0,0.0,83.74271357258985,0.0,1,15.094665961356185,12928.258488499452,109390.74479613494,0.12923160499969946,0.16257286427410156,12,5.179079247450169,0,0,0
2021-11-10,19.6,1.9,15.3,83,0.0,0.0,0.0,0.0,85.84622037997664,8.847283275926175,2,3.9884797197353423,12929.627601314349,110237.64975659414,1.6872114732069103,0.14153779620023355,12,5.652995971790641,0,0,0
2021-11-11,18.0,20.4,23.2,92,0.0,0.0,0.0,0.0,91.04668825617294,3.7340387422103603,3,9.460765643204304,12930.996714129244,110594.57927957189,0.7944457845333909,0.08953311743827053,12,3.4353146473437577,0,0,0
2021-11-12,19.8,5.7,18.4,93,0.0,0.0,0.0,0.0,77.76379291513109,0.0,4,0.0,12932.36582694414,109526.09813157363,0.7084024386538554,0.2223620708486891,12,6.670862125460672,0,0,0
2021-11-13,21.4,18.9,8.3,90,0.0,0.0,0.0,0.0,85.46191893488091,0.0,5,0.0,12933.734939759037,109378.31917483818,0.8941290104651062,0.1453808106511909,12,4.361424319535726,0,0,0
2021-11-14,21.2,11.9,8.4,92,0.0,0.0,0.0,0.0,86.71749824491168,1.4455981851554744,6,10.065041294990095,12935.104052573932,110927.17787246298,0.747510538941674,0.13282501755088316,12,4.402891080199619,0,0,0
2021-11-15,21.7,17.8,10.9,89,0.0,0.0,0.0,0.0,82.23148876443223,1.6417943921339009,0,0.0,12936.473165388828,109824.4597202258,1.3274473751238094,0.17768511235567774,12,5.576822529490417,0,0,0
2021-11-16,21.6,25.4,14.8,90,0.0,0.0,0.0,0.0,93.01199372068955,1.6466515059520932,1,0.0,12937.842278203723,110691.19407631255,1.156356273337918,0.06988006279310455,12,2.3433996096859504,0,0,0
2021-11-17,21.6,13.3,13.7,89,0.0,0.0,0.0,0.0,84.35869840736746,0.0,2,18.823637328399393,12939.21139101862,110039.10193410427,1.3298285233039753,0.1564130159263254,12,5.068863224357751,0,0,0
2021-11-18,20.0,69.6,20.1,96,0.0,0.0,0.0,0.0,100.0,0.0,3,3.8379547174607214,12940.580503833517,110028.00397159506,1.714512667601047,0.0,12,0.07675909434921444,0,0,0
2021-11-19,20.5,31.4,18.5,94,0.0,0.0,0.0,0.0,95.40383987281396,0.9836385724780722,4,38.966852895796265,12941.949616648411,110321.06834317658,1.029113221530756,0.04596160127186044,12,2.3057308819434477,0,0,0
2021-11-20,21.2,7.5,15.0,93,0.0,0.0,0.0,0.0,84.77705324594416,0.25767901887999123,5,20.50218305163547,12943.318729463308,109652.74317841757,0.7031384491411763,0.15222946754055844,12,5.01557954008146,0,0,0
2021-11-21,21.9,17.9,11.8,85,0.0,0.0,0.0,0.0,85.71613533672368,0.0,6,0.0,12944.687842278203,110153.87179190117,0.4988812883409891,0.14283864663276313,12,4.285159398982896,0,0,0
2021-11-22,21.4,8.8,17.3,88,0.0,0.0,0.0,0.0,88.15731921345699,0.0,0,0.5462675970287734,12946.0569550931,109889.75912610383,0.9387378868783012,0.11842680786543014,12,3.5637295879034796,0,0,0
2021-11-23,22.3,1.0,13.2,85,0.0,0.0,0.0,0.0,76.07574668960042,0.0,1,0.0,12947.426067907996,109413.13772517591,1.8803355405908129,0.2392425331039958,12,7.177275993119873,0,0,0
2021-11-24,21.7,0.4,21.3,84,0.0,0.0,0.0,0.0,82.62374242777705,0.5256342567255361,2,0.0,12948.795180722891,110235.00609760417,1.916091784267527,0.17376257572222953,12,5.2917224101757165,0,0,0
2021-11-25,21.8,0.0,21.7,80,0.0,0.0,0.0,0.0,82.37240503187354,8.95577700781023,3,0.0,12950.164293537788,109927.49177016455,1.7005729280421047,0.1762759496812646,12,6.631645041609471,0,0,0
2021-11-26,21.4,0.0,22.9,79,0.0,0.0,0.0,0.0,78.76181424274404,1.1024449964229133,4,0.0,12951.533406352684,109973.5138727437,0.661667620736499,0.21238185757255967,12,6.536822476640225,0,0,0
2021-11-27,19.9,5.1,22.2,88,0.0,0.0,0.0,0.0,83.34453208896848,0.0,5,0.0,12952.90251916758,109439.8264286215,1.5114069900512745,0.16655467911031518,12,4.996640373309456,0,0,0
2021-11-28,20.9,4.4,17.8,91,0.0,0.0,0.0,0.0,76.75554569445879,2.7654045059317567,6,0.9498693650328591,12954.271631982476,110833.48769757253,1.4696551877844353,0.23244454305541207,12,7.407144354852783,0,0,0
2021-11-29,21.1,1.4,26.0,89,0.0,0.0,0.0,0.0,84.2561080768276,1.448063661627638,0,0.0,12955.64074479737,110469.02522024672,1.2622388754633411,0.15743891923172404,12,4.940377126195865,0,0,0
2021-11-30,21.3,1.4,22.2,85,0.0,0.0,0.0,0.0,79.82039145422804,1.2602834713555238,1,0.0,12957.009857612267,110505.6266825022,1.419949567321274,0.20179608545771954,12,6.242925084434915,0,0,0
2021-12-01,21.4,1.0,19.1,85,0.0,0.0,0.0,0.0,78.30910791792385,1.8205517796470132,2,8.084257305546641,12958.378970427164,109863.7070025579,1.2802975182968035,0.21690892082076152,12,6.942035537680829,0,0,0
2021-12-02,21.6,3.9,11.6,86,0.0,0.0,0.0,0.0,85.75603690334756,6.169630694488625,3,14.31745489381919,12959.748083242059,109144.71852238958,1.4570952785778597,0.14243963096652434,12,5.484982631045408,0,0,0
2021-12-03,21.6,1.8,13.4,85,0.0,0.0,0.0,0.0,77.90262523782896,0.0,4,4.540689577297778,12961.117196056955,110978.6492717486,1.817214291090709,0.2209737476217104,12,6.720026220197268,0,0,0
2021-12-04,21.3,4.2,5.6,88,0.0,0.0,0.0,0.0,76.04615481454577,1.4208962304343635,5,0.0,12962.48630887185,109964.52243986345,0.3631076665682553,0.23953845185454226,12,7.399287990201422,0,0,0
2021-12-05,21.6,1.2,7.9,83,0.0,0.0,0.0,0.0,74.25348330590438,0.0,6,11.828843035037098,12963.855421686747,109613.55190921889,1.899101805157657,0.2574651669409562,12,7.960531868929427,0,0,0
2021-12-06,21.7,0.7,12.1,81,0.0,0.0,0.0,0.0,82.70403980538256,1.6665379390267447,0,13.604407209533822,12965.224534501644,110189.23320783301,0.4261267603062261,0.17295960194617432,12,5.710856893429918,0,0,0
2021-12-07,21.6,0.1,13.1,76,0.0,0.0,0.0,0.0,74.91828259001487,0.0,1,6.148071394393768,12966.593647316538,110557.27342795565,0.25990719618489927,0.25081717409985127,12,7.647476650883416,0,0,0
2021-12-08,21.3,0.0,15.3,76,0.0,0.0,0.0,0.0,87.01917672793746,0.0,2,0.0,12967.962760131435,109955.0683692738,2.442591246931522,0.12980823272062536,12,3.8942469816187604,0,0,0
2021-12-09,21.9,0.5,14.1,80,0.0,0.0,0.0,0.0,71.87228236846511,0.0,3,5.532015310223613,12969.331872946332,110598.76184464878,2.3967802452890594,0.2812771763153489,12,8.548955595664939,0,0,0
2021-12-10,21.2,0.0,17.1,79,0.0,0.0,0.0,0.0,86.78582547316016,2.927450158034127,4,23.909613016509578,12970.700985761227,110493.85484330005,0.24504770785735372,0.1321417452683984,12,4.8815621420872635,0,0,0
2021-12-11,21.1,2.3,19.8,83,0.0,0.0,0.0,0.0,81.76406986881048,2.7553633318272412,5,0.0,12972.070098576123,109407.04489370313,1.1638082595399093,0.18235930131189515,12,5.884083539130942,0,0,0
2021-12-12,21.0,0.4,22.5,80,0.0,0.0,0.0,0.0,79.77314755251842,0.0,6,41.95878678264862,12973.439211391018,109601.22104793695,0.5469878519194593,0.2022685244748158,12,6.907231469897446,0,0,0
2021-12-13,20.7,1.2,18.1,84,0.0,0.0,0.0,0.0,78.3003236527642,0.16480233299954616,0,0.0,12974.808324205915,110409.76529576913,1.2648277531226035,0.21699676347235797,12,6.534623254120669,0,0,0
2021-12-14,20.8,0.8,19.6,82,0.0,0.0,0.0,0.0,81.91654445740828,0.0,1,0.6481402668027243,12976.177437020811,108567.57104558658,2.09242538319901,0.1808345554259172,12,5.4379994681135715,0,0,0
2021-12-15,20.5,0.0,16.1,78,0.0,0.0,0.0,0.0,79.8494611903006,0.0,2,0.0,12977.546549835706,109842.03009427183,2.381468259382937,0.20150538809699403,12,6.045161642909819,0,0,0
2021-12-16,20.7,0.0,14.0,76,0.0,0.0,0.0,0.0,84.41320752806608,0.0,3,4.465416718405217,12978.915662650603,109194.22295340453,1.6222063682836898,0.1558679247193392,12,4.76534607594828,0,0,0
2021-12-17,20.5,0.0,13.0,75,0.0,0.0,0.0,0.0,80.45691059464816,0.0,4,0.0,12980.284775465498,109664.24226686264,0.9493736013083609,0.19543089405351832,12,5.862926821605551,0,0,0
2021-12-18,19.7,0.0,13.7,73,0.0,0.0,0.0,0.0,80.60120704584752,7.280149459036567,5,0.0,12981.653888280394,109745.98973642735,1.5479813575470363,0.19398792954152488,12,6.911660305101229,0,0,0
2021-12-19,18.5,0.0,16.0,67,0.0,0.0,0.0,0.0,78.54555115114458,1.2988794760820885,6,0.0,12983.023001095291,109709.15820535073,0.8488031346602808,0.21454448848855423,12,6.631166576068938,0,0,0
2021-12-20,18.3,0.0,13.8,76,0.0,0.0,0.0,0.0,79.77221750511573,0.0,0,2.7067669578458182,12984.392113910186,109605.03038161073,2.283576737996945,0.2022778249488426,12,6.122470087622196,0,0,0
2021-12-21,18.9,0.0,10.9,78,0.0,0.0,0.0,0.0,81.23120707556824,0.0,1,19.88894751017815,12985.761226725082,109325.46979621515,2.1889611114540086,0.18768792924431765,12,6.028416827533093,0,0,0
2021-12-22,19.2,0.0,11.0,73,0.0,0.0,0.0,0.0,73.1593264293735,3.0641498862881953,2,12.920123742291029,12987.130339539977,111012.87786780146,1.4397562006711864,0.26840673570626505,12,8.770227028977,0,0,0
2021-12-23,19.5,0.0,11.5,70,0.0,0.0,0.0,0.0,74.60725831157714,6.265328318609775,3,0.0,12988.499452354874,110793.53384983534,0.8795173969128652,0.2539274168842286,12,8.557621754318323,0,0,0
2021-12-24,19.6,0.0,11.8,64,0.0,0.0,0.0,0.0,82.97305637609087,0.0,4,40.84139305855761,12989.86856516977,109271.65055098906,0.804135221399148,0.1702694362390913,12,5.924910948343892,0,0,0
2021-12-25,19.8,0.0,11.9,64,0.0,0.0,0.0,0.0,80.68346175251176,0.0,5,5.9055988124173675,12991.237677984665,110636.62245013153,0.1802031872921427,0.19316538247488235,12,5.913073450494818,0,0,0
2021-12-26,20.4,0.0,13.4,67,0.0,0.0,0.0,0.0,79.26406665458929,5.612895526115347,6,0.0,12992.606790799562,109638.71194260585,2.0579700424607084,0.20735933345410718,12,7.062714332540517,0,0,0
2021-12-27,19.8,0.0,13.5,74,0.0,0.0,0.0,0.0,80.07373573226157,1.1688425321127116,0,3.1425583798188166,12993.975903614459,109895.91903787068,1.1809197112936192,0.19926264267738436,12,6.216056827734813,0,0,0
2021-12-28,20.1,0.0,17.0,73,0.0,0.0,0.0,0.0,81.39032682144668,0.0,1,3.5237964500538475,12995.345016429354,109792.5689346189,0.8803190281606346,0.1860967317855332,12,5.6533778825670735,0,0,0
2021-12-29,20.7,0.0,17.1,73,0.0,0.0,0.0,0.0,77.84096127876255,1.603887258367306,2,0.0,12996.71412924425,109487.21220730292,1.2306648519946093,0.22159038721237456,12,6.888294705126332,0,0,0
2021-12-30,20.1,0.6,19.8,78,0.0,0.0,0.0,0.0,77.12678109839075,0.0,3,3.95833334684151,12998.083242059145,110301.89331309551,2.0649711770911647,0.2287321890160925,12,6.941132337419605,0,0,0
2021-12-31,20.8,2.4,25.0,79,0.0,0.0,0.0,0.0,81.74338102039071,0.010126519791482998,4,0.0,12999.452354874042,109865.79101994331,0.39907409849805087,0.18256618979609285,12,5.478504671851508,0,0,0
2022-01-01,20.8,2.3,22.1,80,0.0,0.0,0.0,0.0,77.00650888953987,0.9834635185292557,5,0.0,13000.821467688938,109557.45265640791,2.1583743717803854,0.2299349111046013,12,7.045566860917426,0,0,0
2022-01-02,20.7,0.0,18.8,74,0.0,0.0,0.0,0.0,81.63301102285789,2.7728104186134894,6,0.0,13002.190580503833,109136.31425947983,2.2540212042600496,0.18366988977142118,12,5.9260182559346575,0,0,0
2022-01-03,20.5,0.0,16.6,71,0.0,0.0,0.0,0.0,73.18966558304864,0.0,0,0.0,13003.55969331873,109334.69208788306,2.3720989960813315,0.26810334416951365,12,8.043100325085408,0,0,0
2022-01-04,20.4,0.0,16.2,69,0.0,0.0,0.0,0.0,84.11662254930258,0.25706148421007713,1,2.916729404307678,13004.928806133625,108953.68015030409,1.0539711818143067,0.15883377450697422,12,4.861907045926891,0,0,0
2022-01-05,20.2,0.0,15.9,69,0.0,0.0,0.0,0.0,81.89038992965217,0.0,2,11.705988730326762,13006.297918948521,109773.36259567528,0.6211369696904124,0.18109610070347826,12,5.667002795710883,0,0,0
2022-01-06,20.9,0.0,15.5,72,0.0,0.0,0.0,0.0,81.02411893725551,0.7661512670229513,3,10.297671921527446,13007.667031763418,109161.79863868802,0.9967379643200763,0.18975881062744493,12,6.01364044730734,0,0,0
2022-01-07,21.3,0.1,17.2,71,0.0,0.0,0.0,0.0,83.97076393578206,0.0,4,16.398505052704685,13009.036144578313,109620.2317919335,0.8989890309553679,0.16029236064217944,12,5.136740920319476,0,0,0
2022-01-08,21.6,0.0,17.3,71,0.0,0.0,0.0,0.0,86.6618977778503,0.0,5,6.486804200297364,13010.40525739321,110430.94358836049,0.5227693900068642,0.13338102222149706,12,4.1311667506508565,0,0,0
2022-01-09,21.4,0.0,13.7,71,0.0,0.0,0.0,0.0,84.05748026007252,0.0,6,0.0,13011.774370208106,110338.42306137865,1.557440008243571,0.15942519739927474,12,4.782755921978243,0,0,0
2022-01-10,21.5,0.2,16.2,73,0.0,0.0,0.0,0.0,72.71650307467341,1.953408725470971,0,16.793277288623777,13013.143483023001,109715.51544122907,1.2438979852207093,0.2728349692532659,12,8.813925932191097,0,0,0
2022-01-11,21.6,0.1,14.3,72,0.0,0.0,0.0,0.0,74.9216921330572,2.575353349969996,1,0.0,13014.512595837898,109680.99213857135,2.177682381577609,0.25078307866942795,12,7.909795362578338,0,0,0
2022-01-12,21.8,0.2,13.0,72,0.0,0.0,0.0,0.0,77.58072568921729,0.0,2,0.0,13015.881708652792,110657.35238971599,0.1770629931569398,0.2241927431078271,12,6.725782293234812,0,0,0
2022-01-13,21.5,0.0,14.7,68,0.0,0.0,0.0,0.0,80.10436420084334,0.11471398488008502,3,0.0,13017.25082146769,109970.67378854737,1.6452830261323033,0.19895635799156663,12,5.985897837479012,0,0,0
2022-01-14,21.6,0.0,13.0,69,0.0,0.0,0.0,0.0,82.07063608187649,0.0,4,21.601121182786205,13018.619934282586,109539.2731117923,1.9310773084277466,0.1792936391812351,12,5.810831599092778,0,0,0
2022-01-15,21.7,0.0,16.6,65,0.0,0.0,0.0,0.0,77.09702474738614,0.0,5,18.85577028280151,13019.98904709748,108983.04789653287,1.9227677660519369,0.22902975252613855,12,7.248007981440185,0,0,0
2022-01-16,21.6,0.5,18.2,73,0.0,0.0,0.0,0.0,80.94706705790831,0.0,6,9.746104740899897,13021.358159912377,109885.87417753802,2.2265775210292604,0.19052932942091683,12,5.910801977445503,0,0,0
2022-01-17,21.1,0.2,19.5,71,0.0,0.0,0.0,0.0,77.0584682705867,7.862379273089925,0,21.438597304235945,13022.727272727272,110096.48006810961,1.8496809827907859,0.229415317294133,12,8.490588355872198,0,0,0
2022-01-18,21.2,0.0,14.7,66,0.0,0.0,0.0,0.0,77.55392878803221,0.0,1,0.0,13024.096385542169,109358.8730329239,2.326744147954471,0.22446071211967789,12,6.733821363590336,0,0,0
2022-01-19,20.8,0.0,13.6,63,0.0,0.0,0.0,0.0,74.37335561260711,4.392531716257312,2,6.971902397219608,13025.465498357065,109813.18078611228,0.8983758395701394,0.25626644387392883,12,8.486311121600853,0,0,0
2022-01-20,20.6,0.0,13.0,54,0.0,0.0,0.0,0.0,76.30706701555638,2.990576320397424,3,0.0,13026.83461117196,109478.67337444829,1.3077026002037033,0.23692932984443615,12,7.556466343392698,0,0,0
2022-01-21,22.0,0.0,18.0,50,0.0,0.0,0.0,0.0,74.59326157753466,0.8419092134704091,4,16.93764207769828,13028.203723986857,109561.32443566885,0.13379119187893762,0.25406738422465336,12,8.087060750314128,0,0,0
2022-01-22,21.5,0.0,12.5,50,0.0,0.0,0.0,0.0,76.09650698809067,5.2758614525854,5,0.0,13029.572836801752,108402.31021984972,0.11669820952789892,0.23903493011909338,12,7.9624271214606095,0,0,0
2022-01-23,21.3,0.0,12.9,48,0.0,0.0,0.0,0.0,84.21456718643135,1.1163164178205887,6,0.0,13030.941949616648,109528.21116013537,0.6763038890836477,0.15785432813568645,12,4.903077306743683,0,0,0
2022-01-24,20.8,0.0,13.2,51,0.0,0.0,0.0,0.0,76.20240444467223,1.1674775870037861,0,10.8181703712198,13032.311062431545,110116.66712655999,0.3419372731338046,0.23797595555327777,12,7.530763712073297,0,0,0
2022-01-25,20.8,0.0,14.2,53,0.0,0.0,0.0,0.0,90.52952825934956,0.0,1,17.523383343824655,13033.68017524644,109309.16181093523,0.7245072830458086,0.09470471740650444,12,3.1916091890716243,0,0,0
2022-01-26,21.8,0.0,13.0,66,0.0,0.0,0.0,0.0,81.97327160352356,3.6707066472558827,2,0.0,13035.049288061336,109644.0068861887,0.5249039068681538,0.18026728396476444,12,5.958624516031316,0,0,0
2022-01-27,21.1,2.3,16.6,74,0.0,0.0,0.0,0.0,81.6593444947795,3.2894077014326513,3,0.0,13036.418400876231,109232.64896209764,0.16844805961275577,0.18340655505220493,12,5.995607806781046,0,0,0
2022-01-28,21.1,0.0,24.0,70,0.0,0.0,0.0,0.0,76.56656887927515,0.0,4,0.0,13037.787513691128,109783.72576695251,2.2823299513745186,0.23433431120724846,12,7.030029336217454,0,0,0
2022-01-29,21.2,0.0,19.3,72,0.0,0.0,0.0,0.0,82.80123951763596,0.0,5,0.0,13039.156626506025,109488.12394340058,0.11973551533333966,0.1719876048236404,12,5.1596281447092105,0,0,0
2022-01-30,22.1,0.2,12.5,74,0.0,0.0,0.0,0.0,77.7774486950489,0.0,6,4.00919262827458,13040.52573932092,109119.64538519022,1.866597146409005,0.222225513049511,12,6.74694924405082,0,0,0
2022-01-31,23.4,0.0,15.5,67,0.0,0.0,0.0,0.0,80.48803925858145,0.0,0,12.17810712509264,13041.894852135816,110248.42250272632,0.4651549286068397,0.19511960741418544,12,6.097150364927417,0,0,0
2022-02-01,23.1,0.0,11.6,65,0.0,0.0,0.0,0.0,90.24033815307519,0.0,1,5.2413361817345105,13043.263964950713,110039.4933890224,2.28935109279904,0.09759661846924816,12,3.0327252777121343,0,0,0
2022-02-02,22.7,0.0,13.7,64,0.0,0.0,0.0,0.0,79.6157604011014,3.7123144040524174,2,0.0,13044.633077765608,109265.45461365474,2.242710255015726,0.203842395988986,12,6.672119040277442,0,0,0
2022-02-03,22.4,0.0,13.5,64,0.0,0.0,0.0,0.0,84.5970933051427,0.0,3,0.0,13046.002190580504,109809.68276369027,1.6693627512862177,0.15402906694857288,12,4.620872008457188,0,0,0
2022-02-04,22.3,0.0,12.3,52,0.0,0.0,0.0,0.0,77.18729429949644,0.0,4,0.0,13047.371303395399,109822.3752237541,1.7133619595214524,0.22812705700503555,12,6.8438117101510665,0,0,0
2022-02-05,22.4,0.0,14.4,56,0.0,0.0,0.0,0.0,79.86004603801216,0.17406820442518567,5,27.394022153083696,13048.740416210296,109867.70045321205,0.11281394072725251,0.20139953961987844,12,6.615976862321804,0,0,0
2022-02-06,22.5,0.0,15.9,66,0.0,0.0,0.0,0.0,87.08320254254204,2.545292646615854,6,0.0,13050.109529025192,108692.30250107146,2.463691758672645,0.12916797457457962,12,4.256833134229765,0,0,0
2022-02-07,23.0,0.0,13.8,62,0.0,0.0,0.0,0.0,77.49213176884894,0.0,0,25.108072189197927,13051.478641840087,110035.61433294787,2.2067982485819546,0.22507868231151062,12,7.254521913129279,0,0,0
2022-02-08,22.2,0.0,12.9,63,0.0,0.0,0.0,0.0,87.24979423198772,0.0,1,18.917392873682914,13052.847754654984,109240.34219433121,2.248254941752221,0.1275020576801228,12,4.203409587877342,0,0,0
2022-02-09,21.8,0.0,17.6,63,0.0,0.0,0.0,0.0,82.8310077418219,0.6338510768384181,2,0.0,13054.21686746988,109339.158322436,1.6821868889220928,0.17168992258178095,12,5.245775338979191,0,0,0
2022-02-10,21.8,0.0,16.3,57,0.0,0.0,0.0,0.0,77.75013289642293,3.6002368692805837,3,0.0,13055.585980284775,110829.89377864928,0.9274886287708877,0.2224986710357707,12,7.214995661465208,0,0,0
2022-02-11,22.2,0.0,20.7,49,0.0,0.0,0.0,0.0,82.52963095622208,0.0,4,7.007404327726765,13056.955093099672,109654.77020624222,2.244756757817154,0.17470369043777922,12,5.381258799687912,0,0,0
2022-02-12,22.2,0.0,20.5,51,0.0,0.0,0.0,0.0,83.89021779850692,0.0,5,0.0,13058.324205914567,109303.55289152067,0.7996406275628616,0.16109782201493072,12,4.832934660447923,0,0,0
2022-02-13,21.9,0.0,15.5,60,0.0,0.0,0.0,0.0,82.48723984886878,1.8591343378984089,6,2.049692843164151,13059.693318729463,108386.94755622883,1.4505077040212868,0.17512760151131213,12,5.573692052887409,0,0,0
2022-02-14,21.9,0.0,16.8,60,0.0,0.0,0.0,0.0,73.71910112043817,0.0,0,0.0,13061.06243154436,110177.35742294251,0.33935433362531775,0.2628089887956183,12,7.88426966386855,0,0,0
2022-02-15,22.7,0.0,17.1,59,0.0,0.0,0.0,0.0,77.09145129670053,0.0,1,0.0,13062.431544359255,108802.75113392757,2.3126935123186003,0.2290854870329947,12,6.8725646109898415,0,0,0
2022-02-16,22.7,0.0,19.2,57,0.0,0.0,0.0,0.0,79.00992545779398,0.0,2,0.0,13063.800657174152,108966.51713094466,0.43784909865091204,0.20990074542206016,12,6.297022362661804,0,0,0
2022-02-17,22.7,0.0,21.8,51,0.0,0.0,0.0,0.0,79.70226628359981,0.0,3,4.533684969891944,13065.169769989046,109295.44104651302,0.6397523337529774,0.2029773371640019,12,6.179993814317895,0,0,0
2022-02-18,22.4,0.0,20.4,56,0.0,0.0,0.0,0.0,82.48268839020271,0.0,4,0.0,13066.538882803943,110162.20370526964,1.439521979507716,0.17517311609797293,12,5.255193482939187,0,0,0
2022-02-19,22.4,0.0,16.3,57,0.0,0.0,0.0,0.0,80.71080400373302,0.0,5,0.0,13067.90799561884,109833.49841611492,1.9338232005111557,0.19289195996266983,12,5.786758798880095,0,0,0
2022-02-20,22.9,0.0,15.5,52,0.0,0.0,0.0,0.0,74.65862256515959,2.6911985906613967,6,13.917276781875707,13069.277108433735,109360.84028122445,1.5864431342471175,0.25341377434840406,12,8.284438554688847,0,0,0
2022-02-21,23.9,0.0,12.1,50,0.0,0.0,0.0,0.0,81.52079140402385,3.8246251238361664,0,23.468845532648896,13070.646221248631,109586.78568132654,0.6571213907203748,0.1847920859597615,12,6.5868332580212465,0,0,0
2022-02-22,24.5,0.0,19.8,52,0.0,0.0,0.0,0.0,82.4423429811353,1.954565974018517,1,0.0,13072.015334063526,109125.3274164341,0.10226330206597681,0.17557657018864703,12,5.560482001762189,0,0,0
2022-02-23,23.1,0.0,17.8,54,0.0,0.0,0.0,0.0,82.23916179172416,0.0,2,0.0,13073.384446878423,109488.22772101487,1.9171613927378541,0.17760838208275842,12,5.328251462482752,0,0,0
2022-02-24,22.2,0.0,14.9,53,0.0,0.0,0.0,0.0,84.32312290221849,0.0,3,10.002860662277675,13074.75355969332,109447.94986198381,2.464497582186625,0.15676877097781516,12,4.903120342580007,0,0,0
2022-02-25,22.6,0.0,16.6,46,0.0,0.0,0.0,0.0,83.33568861819562,0.0,4,0.0,13076.122672508214,109888.54705079796,2.043791488734617,0.16664311381804386,12,4.999293414541314,0,0,0
2022-02-26,22.1,0.0,16.0,56,0.0,0.0,0.0,0.0,81.83672031691374,1.7963831686857308,5,4.46306109495394,13077.49178532311,109880.6317775393,1.2044958835758768,0.18163279683086264,12,5.807702602127816,0,0,0
2022-02-27,22.9,0.0,16.8,56,0.0,0.0,0.0,0.0,79.71933715416542,2.0050214661542425,6,11.03771943644308,13078.860898138006,109636.91202078518,2.269041427357856,0.20280662845834585,12,6.605706462402372,0,0,0
2022-02-28,22.9,0.0,17.6,46,0.0,0.0,0.0,0.0,73.35615626593604,0.0,0,13.604604168352584,13080.230010952902,109201.63016427186,1.08363441548404,0.26643843734063966,12,8.265245203586241,0,0,0
2022-03-01,23.6,0.0,19.1,46,0.0,0.0,0.0,0.0,81.71847287653034,0.24598666924068124,1,0.0,13081.599123767799,109746.5957036025,1.3598418021843222,0.18281527123469654,12,5.5213561374269995,0,0,0
2022-03-02,23.3,0.0,19.7,31,0.0,0.0,0.0,0.0,80.83075074865245,1.3718412138457232,2,0.0,13082.968236582694,109322.58093666847,1.2451114417496398,0.19169249251347553,12,5.956550957481123,0,0,0
2022-03-03,23.2,0.0,22.4,37,0.0,0.0,0.0,0.0,81.0863153487815,4.3674669664403,3,0.0,13084.33734939759,108820.48859877596,1.1742972943972598,0.189136846512185,12,6.329225440331595,0,0,0
2022-03-04,23.4,0.0,23.2,40,0.0,0.0,0.0,0.0,74.89300569671876,2.1135196194741694,4,1.9977390881842596,13085.706462212485,109152.68250053961,1.9604578463053737,0.2510699430328124,12,7.889081015669181,0,0,0
2022-03-05,23.3,0.0,20.4,43,0.0,0.0,0.0,0.0,75.67577383836695,2.367170062126557,5,9.61489159535968,13087.075575027382,109389.47050174978,1.3642453774467809,0.24324226161633045,12,7.844641189716092,0,0,0
2022-03-06,23.5,0.0,22.6,51,0.0,0.0,0.0,0.0,84.21261141333162,0.25147988378808284,6,29.934208148919627,13088.444687842279,109795.19551505253,0.8601210928605185,0.15787388586668383,12,5.3726227215471205,0,0,0
2022-03-07,21.7,3.4,22.5,69,0.0,0.0,0.0,0.0,81.20177938457338,4.231377435610511,0,0.0,13089.813800657173,109241.20415050411,0.7195796023803479,0.1879822061542662,12,6.27417279996956,0,0,0
2022-03-08,23.6,0.1,17.1,59,0.0,0.0,0.0,0.0,82.7660027894905,1.2292883878784922,1,0.0,13091.18291347207,108721.24949432543,0.19059356072184014,0.172339972105095,12,5.354592421334623,0,0,0
2022-03-09,24.5,0.0,17.7,46,0.0,0.0,0.0,0.0,80.11327350452184,0.0,2,22.99344037757494,13092.552026286967,109347.10030495618,1.4996683885193105,0.19886726495478158,12,6.425886756194946,0,0,0
2022-03-10,25.1,0.0,18.3,38,0.0,0.0,0.0,0.0,80.11902455798298,4.210109910375572,3,5.931538770606101,13093.921139101862,109368.33809669859,0.651907396962482,0.19880975442017013,12,6.714439894573563,0,0,0
2022-03-11,25.1,0.0,18.8,33,0.0,0.0,0.0,0.0,83.753135223904,2.093709817617083,4,25.353030223759475,13095.290251916758,109397.40950448424,0.45552141283931946,0.16246864776096004,12,5.6951765099465534,0,0,0
2022-03-12,25.1,0.0,19.6,34,0.0,0.0,0.0,0.0,77.9358210871305,0.0,5,5.774560060196726,13096.659364731655,109757.30706137262,1.6691919131864263,0.22064178912869492,12,6.7347448750647825,0,0,0
2022-03-13,25.2,0.0,19.1,33,0.0,0.0,0.0,0.0,80.38448310776393,0.0,6,0.0,13098.02847754655,109799.7135368029,1.7349022187717174,0.19615516892236073,12,5.884655067670821,0,0,0
2022-03-14,25.7,0.0,17.9,40,0.0,0.0,0.0,0.0,78.15089884517982,0.8897266354222854,0,0.0,13099.397590361446,108986.02709392965,1.9051717414183984,0.21849101154820172,12,6.688189341759395,0,0,0
2022-03-15,25.2,0.0,13.5,40,0.0,0.0,0.0,0.0,78.26201509027074,1.3895543858027541,1,0.0,13100.766703176341,108967.94141445856,1.3085845512126195,0.2173798490972927,12,6.729828630789192,0,0,0
2022-03-16,25.1,0.0,20.4,40,0.0,0.0,0.0,0.0,78.76331150612545,0.5918767968936194,2,13.241036695169463,13102.135815991238,108748.79440136782,2.2457310524893277,0.21236688493874556,12,6.724608801599798,0,0,0
2022-03-17,26.3,0.0,16.5,33,0.0,0.0,0.0,0.0,80.88853508653486,0.9339260203286546,3,23.77193646174016,13103.504928806135,109611.18220534835,2.3472226081557466,0.19111464913465137,12,6.348967106323644,0,0,0
2022-03-18,26.4,0.0,15.1,36,0.0,0.0,0.0,0.0,78.08500551334609,5.099872123729142,4,36.98724282772762,13104.87404162103,109979.06503773949,2.0376902555019747,0.21914994486653905,12,8.079224021110097,0,0,0
2022-03-19,25.9,0.0,19.9,46,0.0,0.0,0.0,0.0,85.02302450229408,3.214629456704657,5,16.862106646464802,13106.243154435926,109089.99463297872,1.6254243568196494,0.14976975497705924,12,5.312529200746771,0,0,0
2022-03-20,24.7,0.0,10.6,56,0.0,0.0,0.0,0.0,76.42157079112198,0.5719067737950729,6,23.256771550699717,13107.61226725082,109119.70092793324,0.8289302886188528,0.23578429208878016,12,7.624450209746661,0,0,0
2022-03-21,25.0,0.2,17.1,61,0.0,0.0,0.0,0.0,79.33251342335456,2.8239317423024497,0,0.0,13108.981380065718,109966.68810210776,2.4590678118885307,0.20667486576645444,12,6.623835734339001,0,0,0
2022-03-22,24.8,0.0,12.2,64,0.0,0.0,0.0,0.0,78.2410757669033,0.0,1,0.0,13110.350492880614,109478.95636362831,0.7579268012606519,0.2175892423309671,12,6.527677269929012,0,0,0
2022-03-23,26.5,0.0,15.8,53,0.0,0.0,0.0,0.0,85.78791153741493,1.1937811498404267,2,17.001586648351065,13111.719605695509,109437.17590278387,0.5863766127770346,0.1421208846258507,12,4.782725444218607,0,0,0
2022-03-24,26.2,0.4,21.1,56,0.0,0.0,0.0,0.0,80.9462191060463,5.42791904919933,3,8.353615044788013,13113.088718510406,108616.48041075903,1.1611698730877986,0.19053780893953698,12,6.69739442646177,0,0,0
2022-03-25,26.0,0.0,13.9,58,0.0,0.0,0.0,0.0,84.12737815787455,0.0,4,2.148887486817851,13114.4578313253,109544.18331174814,0.23641736970973232,0.15872621842125456,12,4.804764302373994,0,0,0
2022-03-26,26.4,0.0,14.3,57,0.0,0.0,0.0,0.0,74.05775850785211,0.0,5,7.747429612659797,13115.826944140197,108733.1317202161,2.448386715212298,0.2594224149214789,12,7.937621039897562,0,0,0
2022-03-27,26.9,0.0,19.7,53,0.0,0.0,0.0,0.0,81.06820106347703,0.0,6,6.463709649164118,13117.196056955094,108623.57041086603,1.5122405353994195,0.1893179893652297,12,5.808813873940172,0,0,0
2022-03-28,27.1,0.0,15.2,51,0.0,0.0,0.0,0.0,83.55852318249374,0.0,0,25.676337197071227,13118.565169769989,109010.0753288127,1.4366850199940207,0.1644147681750625,12,5.445969789193302,0,0,0
2022-03-29,27.2,0.1,13.0,52,0.0,0.0,0.0,0.0,80.3691359571017,0.0,1,25.899711696339118,13119.934282584885,108883.44536883426,1.6739110717593277,0.196308640428983,12,6.407253446796271,0,0,0
2022-03-30,27.6,0.2,16.0,46,0.0,0.0,0.0,0.0,84.3419215002614,0.0,2,10.884407046806942,13121.30339539978,109058.42249672861,1.292856754665296,0.15658078499738592,12,4.915111690857716,0,0,0
2022-03-31,27.2,0.0,11.1,50,0.0,0.0,0.0,0.0,77.9308461995985,0.0,3,16.916057451258563,13122.672508214677,108441.61214002123,0.1769524410268998,0.22069153800401498,12,6.95906728914562,0,0,0
2022-04-01,27.4,0.0,16.4,44,0.0,0.0,0.0,0.0,85.63738976074232,0.04685500184880914,4,10.281251048495516,13124.041621029573,109634.39172388005,1.5695470932169522,0.14362610239257678,12,4.5214363430245355,0,0,0
2022-04-02,26.6,0.0,14.0,51,0.0,0.0,0.0,0.0,89.195592494477,2.7068315213599417,5,0.0,13125.410733844468,109711.70733126698,1.8188173046954337,0.10804407505523006,12,3.647346979860891,0,0,0
2022-04-03,26.4,0.0,19.1,51,0.0,0.0,0.0,0.0,78.54864575824136,0.0,6,15.131293498262801,13126.779846659365,108167.0735603009,1.1001977454977276,0.21451354241758636,12,6.738032142492846,0,0,0
2022-04-04,26.3,0.0,19.2,51,0.0,0.0,0.0,0.0,78.21798991439691,4.557851770925306,0,0.0,13128.14895947426,109622.85431356712,1.917509372970863,0.21782010085603087,12,7.218280791319723,0,0,0
2022-04-05,26.0,0.0,22.3,53,0.0,0.0,0.0,0.0,85.8135379084708,1.5323762655827842,1,21.077831045917662,13129.518072289156,108721.24170918556,0.6448031184122094,0.14186462091529195,12,4.90735168821453,0,0,0
2022-04-06,26.2,0.0,15.6,52,0.0,0.0,0.0,0.0,86.31828858292285,3.091741756872172,2,0.0,13130.887185104053,109547.87440595032,0.6310638185588416,0.13681711417077158,12,4.568274688653971,0,0,0
2022-04-07,27.0,0.0,26.6,48,0.0,0.0,0.0,0.0,77.90855989138693,0.0,3,5.7160657358946585,13132.256297918948,109078.04400448826,0.4874007704501775,0.2209144010861307,12,6.741753347301812,0,0,0
2022-04-08,26.4,0.1,15.5,53,0.0,0.0,0.0,0.0,78.35925273161658,2.563575681199847,4,0.0,13133.625410733845,109119.53564622451,0.9927874234939884,0.2164074726838342,12,6.876760532695004,0,0,0
2022-04-09,26.9,0.0,17.2,53,0.0,0.0,0.0,0.0,78.87286156455797,0.0,5,11.067779661488535,13134.994523548741,109005.47965283594,2.1328288849338004,0.2112713843544204,12,6.55949712386238,0,0,0
2022-04-10,26.9,0.0,18.8,53,0.0,0.0,0.0,0.0,74.62219795586289,2.670742502509526,6,0.0,13136.363636363636,109696.97369302584,2.0869889491577545,0.2537780204413711,12,8.013951988617563,0,0,0
2022-04-11,27.0,0.0,17.5,57,0.0,0.0,0.0,0.0,76.32539221406321,0.5155180193805937,0,0.0,13137.732749178533,108463.99569800912,1.0187780991124091,0.23674607785936785,12,7.179710038688124,0,0,0
2022-04-12,26.4,0.0,18.8,61,0.0,0.0,0.0,0.0,75.98343693299172,1.659753659954351,1,8.413992620369577,13139.10186199343,109380.59048700167,1.5138849663525678,0.24016563067008279,12,7.6222118215030275,0,0,0
2022-04-13,25.6,2.5,21.9,70,0.0,0.0,0.0,0.0,77.92880973958349,0.0,2,0.0,13140.470974808324,109620.21601344149,1.8299591595397975,0.22071190260416518,12,6.621357078124953,0,0,0
2022-04-14,24.8,12.8,15.8,72,0.0,0.0,0.0,0.0,84.98126045045288,0.0,3,17.62293441626738,13141.84008762322,109420.60158462946,0.6788962591072552,0.15018739549547122,12,4.858080553189484,0,0,0
2022-04-15,26.0,5.3,13.2,67,0.0,0.0,0.0,0.0,83.05685893014609,1.7916846547601544,4,0.02651377468814459,13143.209200438116,110217.6616148835,0.503538606147393,0.16943141069853906,12,5.35222529466396,0,0,0
2022-04-16,25.8,4.2,21.4,67,0.0,0.0,0.0,0.0,87.88200197125632,0.0,5,7.908419707760763,13144.578313253012,108783.719389722,2.4330303837095464,0.12117998028743682,12,3.7935678027783206,0,0,0
2022-04-17,24.3,10.5,21.8,72,0.0,0.0,0.0,0.0,80.20658383704483,1.3896188762973691,6,0.0,13145.947426067909,109519.72579574364,1.5821375517030845,0.19793416162955169,12,6.146467680331155,0,0,0
2022-04-18,24.2,0.2,15.9,71,0.0,0.0,0.0,0.0,84.01728959390633,0.0,0,0.0,13147.316538882804,108980.90868013872,2.4553977324007934,0.1598271040609367,12,4.794813121828102,0,0,0
2022-04-19,25.9,0.0,17.1,63,0.0,0.0,0.0,0.0,79.14404462309797,2.5445226380000046,1,0.0,13148.6856516977,109643.53764934829,0.9106143691173498,0.20855955376902036,12,6.638465008770609,0,0,0
2022-04-20,27.7,0.0,15.9,52,0.0,0.0,0.0,0.0,79.80214516139027,0.0,2,17.134049604851114,13150.054764512595,109015.87072667382,1.7872760799379157,0.2019785483860973,12,6.402037443679941,0,0,0
2022-04-21,27.0,0.0,18.2,56,0.0,0.0,0.0,0.0,82.69927796866642,1.6568998130385697,3,33.54754175610979,13151.423877327492,108818.6579469658,0.6342487276989704,0.17300722031333582,12,6.109702416478055,0,0,0
2022-04-22,26.1,0.0,19.5,61,0.0,0.0,0.0,0.0,75.5091119137508,1.8768928009380026,4,0.0,13152.792990142389,109658.5125531954,0.726880411057391,0.24490888086249196,12,7.62880034601546,0,0,0
2022-04-23,26.3,0.0,16.3,60,0.0,0.0,0.0,0.0,81.52963898473621,0.0,5,21.536962893153607,13154.162102957283,108752.57609511266,1.3285650910470976,0.18470361015263792,12,5.97184756244221,0,0,0
2022-04-24,26.3,0.0,13.9,55,0.0,0.0,0.0,0.0,80.66580883285222,1.7460797012541807,6,0.0,13155.53121577218,108284.8747985344,0.867083501219371,0.19334191167147774,12,6.062169305332461,0,0,0
2022-04-25,27.5,0.0,15.1,48,0.0,0.0,0.0,0.0,81.9698050560326,0.781326790000668,0,0.0,13156.900328587075,108725.69484976029,0.5022917532174027,0.18030194943967404,12,5.526257501690321,0,0,0
2022-04-26,27.9,0.0,14.7,45,0.0,0.0,0.0,0.0,81.15667457563127,0.0,1,0.0,13158.269441401972,109286.51537800401,0.7309136847743823,0.1884332542436873,12,5.652997627310619,0,0,0
2022-04-27,28.3,0.0,17.3,47,0.0,0.0,0.0,0.0,89.82120055964357,0.0,2,0.0,13159.638554216868,109665.89889386584,0.18579614671807515,0.10178799440356423,12,3.0536398321069287,0,0,0
2022-04-28,27.9,0.0,14.5,50,0.0,0.0,0.0,0.0,77.44904006299474,0.0,3,0.0,13161.007667031763,109018.32481908308,1.7906166915459678,0.22550959937005255,12,6.7652879811015785,0,0,0
2022-04-29,28.9,0.0,18.0,43,0.0,0.0,0.0,0.0,77.87601217999273,1.048950141899081,4,8.25997824275595,13162.37677984666,109614.73927841439,1.281079977006068,0.22123987820007274,12,6.959738432142163,0,0,0
2022-04-30,27.8,0.0,17.3,56,0.0,0.0,0.0,0.0,77.50743789430095,0.0,5,0.0,13163.745892661555,108269.43389742111,0.3261833593708615,0.22492562105699054,12,6.7477686317097145,0,0,0
2022-05-01,27.8,0.0,14.2,54,0.0,0.0,0.0,0.0,77.77809152335898,0.2860325983239246,6,7.588107952102194,13165.115005476451,108719.77023911351,0.5120655835083789,0.22221908476641017,12,6.8612395917829385,0,0,0
2022-05-02,27.5,0.0,13.0,58,0.0,0.0,0.0,0.0,77.45045149077393,0.0,0,13.809453722430261,13166.484118291348,108789.99502630794,0.34608289147034565,0.2254954850922607,12,7.041053627216426,0,0,0
2022-05-03,26.5,1.6,21.6,64,0.0,0.0,0.0,0.0,85.3960661244302,2.0374283263145863,1,5.312339863450669,13167.853231106243,108869.88348451127,1.5702227398621036,0.14603933875569797,12,4.793041208887139,0,0,0
2022-05-04,26.1,0.7,11.2,64,0.0,0.0,0.0,0.0,85.96201699195942,0.0,2,13.155263523007473,13169.22234392114,108962.09100573517,0.3261048726699851,0.1403798300804059,12,4.474500172872324,0,0,0
2022-05-05,24.7,0.6,16.7,76,0.0,0.0,0.0,0.0,77.95701482500209,0.0,3,0.0,13170.591456736034,109258.37990366871,1.9102775992845187,0.2204298517499791,12,6.6128955524993716,0,0,0
2022-05-06,24.0,10.7,10.5,79,0.0,0.0,0.0,0.0,80.95057770758308,2.195612112864887,4,0.0,13171.96056955093,108683.40161924991,0.14922620636893882,0.19049422292416918,12,6.0441685046548095,0,0,0
2022-05-07,25.3,0.6,15.5,69,0.0,0.0,0.0,0.0,82.12566222554561,1.0051740872523527,5,21.156283616415923,13173.329682365827,108968.19999517426,0.698501891190141,0.17874337774454385,12,5.936203117752488,0,0,0
2022-05-08,26.2,0.1,14.6,64,0.0,0.0,0.0,0.0,77.83110782287612,0.9484678715483348,6,0.0,13174.698795180722,108869.00481989823,2.2376000221405774,0.22168892177123878,12,6.792937833869414,0,0,0
2022-05-09,25.7,0.1,13.7,68,0.0,0.0,0.0,0.0,82.57172727102206,1.4078027694255786,0,0.0,13176.067907995619,108421.5019264772,1.8244751634933905,0.17428272728977945,12,5.43965223410722,0,0,0
2022-05-10,23.2,4.9,23.9,86,0.0,0.0,0.0,0.0,82.7716920834052,0.0,1,0.0,13177.437020810516,108820.49414724461,0.2751239990216505,0.17228307916594798,12,5.16849237497844,0,0,0
2022-05-11,22.7,0.4,27.7,80,0.0,0.0,0.0,0.0,74.09702354001107,2.2703660399609458,2,0.0,13178.80613362541,108798.3783401993,2.0707026507644315,0.25902976459988936,12,8.111447843990822,0,0,0
2022-05-12,21.9,20.6,22.1,86,0.0,0.0,0.0,0.0,94.43002080532024,1.837406382040807,3,0.0,13180.175246440307,108780.54843600889,1.2832842916964915,0.05569979194679764,12,1.946604715710049,0,0,0
2022-05-13,22.6,18.1,20.4,87,0.0,0.0,0.0,0.0,94.42351069238208,0.0,4,6.88107843126933,13181.544359255202,108871.84906016367,2.1322792652051903,0.055764893076179156,12,1.8105683609107623,0,0,0
2022-05-14,23.3,14.6,16.3,86,0.0,0.0,0.0,0.0,83.38884523806246,0.0,5,6.966834784922538,13182.913472070099,108886.68671554218,1.5417754586809442,0.1661115476193754,12,5.122683124279713,0,0,0
2022-05-15,23.8,17.3,15.6,84,0.0,0.0,0.0,0.0,85.36919376025607,0.0,6,0.0,13184.282584884995,108625.58296904436,1.736399276878861,0.14630806239743932,12,4.389241871923179,0,0,0
2022-05-16,23.1,25.1,15.0,88,0.0,0.0,0.0,0.0,91.18346156289962,0.0,0,0.0,13185.65169769989,109470.9685389462,2.4844037449496996,0.08816538437100374,12,2.644961531130113,0,0,0
2022-05-17,23.1,18.0,10.9,88,0.0,0.0,0.0,0.0,88.53782715994811,1.001579899705604,1,21.486660095404876,13187.020810514787,108242.7514707216,0.6576053102176436,0.11462172840051887,12,4.0186220388795055,0,0,0
2022-05-18,22.7,13.4,16.2,88,0.0,0.0,0.0,0.0,87.99417709069132,4.2941003454935505,2,9.928002354678823,13188.389923329683,108459.8873444507,1.597469379427332,0.12005822909308672,12,4.444421971710212,0,0,0
2022-05-19,21.5,0.9,26.3,86,0.0,0.0,0.0,0.0,88.4008181550654,3.245300183018486,3,41.50130078697083,13189.759036144578,110203.23482415997,1.204771336137756,0.11599181844934603,12,4.796575596672572,0,0,0
2022-05-20,22.1,4.9,22.9,84,0.0,0.0,0.0,0.0,81.25221109002379,0.0,4,23.602563474830554,13191.128148959475,108287.13794791611,0.19468468701445946,0.18747788909976204,12,6.096387942489473,0,0,0
2022-05-21,22.7,0.5,27.8,78,0.0,0.0,0.0,0.0,77.00681102184619,1.866209970918146,5,22.885861371198782,13192.49726177437,108122.1369014184,0.1347295396068761,0.2299318897815381,12,7.6356054165078415,0,0,0
2022-05-22,22.8,0.6,23.1,82,0.0,0.0,0.0,0.0,74.72272308794189,3.9867999586062286,6,0.0,13193.866374589266,109159.13322463642,0.3861485867628608,0.2527727691205811,12,8.181203067408367,0,0,0
2022-05-23,24.2,0.3,20.0,76,0.0,0.0,0.0,0.0,77.19627984023232,1.1604255620676078,0,15.277207032668452,13195.235487404163,107746.21553861142,1.6578201772925156,0.22803720159767682,12,7.320724022893814,0,0,0
2022-05-24,24.5,0.4,14.6,78,0.0,0.0,0.0,0.0,80.0274921085048,3.272941275557901,1,0.0,13196.604600219058,108660.01912387468,1.4611914109921413,0.19972507891495195,12,6.482693558782245,0,0,0
2022-05-25,24.8,0.5,13.3,76,0.0,0.0,0.0,0.0,87.37823145407116,6.036811337102296,2,0.0,13197.973713033954,109843.44915476168,1.428230946792946,0.12621768545928846,12,4.692052264343998,0,0,0
2022-05-26,23.6,3.6,12.6,81,0.0,0.0,0.0,0.0,79.36955480385531,3.0711286383209444,3,3.3603068106505702,13199.34282584885,107990.94934450928,0.1764562300678242,0.20630445196144687,12,6.71700899080456,0,0,0
2022-05-27,23.9,0.1,15.5,73,0.0,0.0,0.0,0.0,80.9351518065556,0.7479257869251865,4,18.90423069222967,13200.711938663746,107765.31567607916,1.226327191264017,0.19064848193444406,12,6.209727939916693,0,0,0
2022-05-28,24.1,0.3,15.5,72,0.0,0.0,0.0,0.0,80.054308415709,3.1352654222542604,5,10.016631820084232,13202.081051478643,107999.58793133222,2.3190947628220684,0.19945691584291003,12,6.654329925027122,0,0,0
2022-05-29,24.3,0.0,14.6,72,0.0,0.0,0.0,0.0,84.75357309379234,0.43466349929067355,6,0.0,13203.450164293537,109191.2389298471,1.0542204863455518,0.15246426906207655,12,4.639127596755899,0,0,0
2022-05-30,23.8,6.2,22.0,77,0.0,0.0,0.0,0.0,92.58772970349449,0.07170912985486641,0,14.849178271852406,13204.819277108434,109297.32811902906,1.5998139274922953,0.07412270296505508,12,2.531421023866932,0,0,0
2022-05-31,23.6,2.1,16.6,78,0.0,0.0,0.0,0.0,78.71652490831872,0.0,1,0.0,13206.188389923329,108471.52597390943,1.9715648214955446,0.2128347509168128,12,6.385042527504384,0,0,0
2022-06-01,23.1,4.8,18.9,82,0.0,0.0,0.0,0.0,79.96224222992711,4.690240076496325,2,4.333662379285724,13207.557502738226,109062.30718776176,1.9814206699405301,0.20037757770072884,12,6.801536590082029,0,0,0
2022-06-02,23.8,0.5,16.2,78,0.0,0.0,0.0,0.0,84.37664350827629,0.0,3,0.0,13208.926615553122,109408.70926287975,1.3462721977486514,0.15623356491723717,12,4.687006947517113,0,0,0
2022-06-03,23.9,8.7,24.0,80,0.0,0.0,0.0,0.0,86.20756595850526,4.597103174034348,4,0.0,13210.295728368017,109600.13541970123,2.1590846689656074,0.1379243404149474,12,4.827295688553575,0,0,0
2022-06-04,24.7,9.4,14.0,76,0.0,0.0,0.0,0.0,91.14682930294414,1.499592371221114,5,15.324859500810192,13211.664841182914,108576.17518525892,1.0393074240729927,0.08853170697055857,12,3.1873872548161284,0,0,0
2022-06-05,24.0,15.1,21.0,81,0.0,0.0,0.0,0.0,88.37571274130386,0.0,6,0.0,13213.033953997809,107541.4875803764,2.232863715483516,0.11624287258696142,12,3.487286177608843,0,0,0
2022-06-06,23.6,7.4,13.8,82,0.0,0.0,0.0,0.0,81.52283163685176,1.1029478789742648,0,38.90390148553866,13214.403066812705,108274.66459136909,0.6765451993493087,0.18477168363148233,12,6.486670720501385,0,0,0
2022-06-07,23.1,1.3,18.4,84,0.0,0.0,0.0,0.0,82.88261932276923,0.0,1,0.0,13215.772179627602,108464.58256846885,0.7725193767773705,0.17117380677230765,12,5.135214203169231,0,0,0
2022-06-08,23.7,0.4,19.5,79,0.0,0.0,0.0,0.0,84.59481432233163,1.8765240504931073,2,0.0,13217.141292442497,108541.39588100983,0.22748949807760263,0.15405185677668376,12,4.903034310874476,0,0,0
2022-06-09,23.9,0.7,20.9,78,0.0,0.0,0.0,0.0,83.56192872478945,2.655694448966973,3,7.40423779883482,13218.510405257393,108569.81619215719,2.009396407701479,0.16438071275210542,12,5.4778603058849065,0,0,0
2022-06-10,23.9,1.8,21.2,75,0.0,0.0,0.0,0.0,82.74909612442919,0.0,4,11.686283328706198,13219.87951807229,109216.07380498943,1.1009325669584935,0.1725090387557081,12,5.4089968292453685,0,0,0
2022-06-11,23.2,1.6,20.7,79,0.0,0.0,0.0,0.0,84.90669875835661,0.370643087866747,5,0.0,13221.248630887185,109286.72133273042,0.6498798733873576,0.15093301241643386,12,4.583586835673029,0,0,0
2022-06-12,23.0,11.0,19.7,81,0.0,0.0,0.0,0.0,89.07718236178269,5.862472301250859,6,0.0,13222.617743702081,108556.55090578679,0.6562966662797911,0.10922817638217308,12,4.156216136652822,0,0,0
2022-06-13,23.7,0.1,16.9,77,0.0,0.0,0.0,0.0,85.56863596415012,0.0,0,8.21100170655233,13223.986856516976,109184.51078413763,2.26335985895016,0.1443136403584988,12,4.493629244886011,0,0,0
2022-06-14,23.4,11.8,14.0,81,0.0,0.0,0.0,0.0,87.31483955035857,0.0,1,0.0,13225.355969331873,108806.97964278981,2.1013998411064887,0.1268516044964143,12,3.8055481348924287,0,0,0
2022-06-15,23.1,0.5,16.6,83,0.0,0.0,0.0,0.0,79.53152767873259,4.4449902073877965,2,27.863625158698117,13226.72508214677,108653.28255926809,1.42847412485724,0.20468472321267417,12,7.364562730662355,0,0,0
2022-06-16,23.0,10.2,15.0,83,0.0,0.0,0.0,0.0,84.66685474573329,5.887761571592384,3,16.786982284632042,13228.094194961664,109067.18226475432,1.5786659209977307,0.1533314525426671,12,5.818847457711512,0,0,0
2022-06-17,22.8,7.7,12.2,84,0.0,0.0,0.0,0.0,87.90603586603342,0.011087015543541977,4,17.456487020112693,13229.463307776561,108642.91682368085,1.2383813693206984,0.12093964133966584,12,3.9789820329237586,0,0,0
2022-06-18,22.4,24.1,10.7,88,0.0,0.0,0.0,0.0,86.37225731605106,3.0343891062250687,5,0.0,13230.832420591458,109628.5770014733,1.0399997029091412,0.1362774268394894,12,4.543481171118442,0,0,0
2022-06-19,22.8,3.0,12.4,85,0.0,0.0,0.0,0.0,82.6746932354916,4.024427746592643,6,0.0,13232.201533406353,107873.34644288968,2.2971445149239957,0.17325306764508397,12,5.801256191341415,0,0,0
2022-06-20,23.0,1.7,16.2,82,0.0,0.0,0.0,0.0,79.10664475069056,0.0,0,0.0,13233.57064622125,108327.8471901035,0.401470488448725,0.20893355249309442,12,6.268006574792831,0,0,0
2022-06-21,22.2,7.1,19.9,85,0.0,0.0,0.0,0.0,82.95497929173928,0.0,1,0.0,13234.939759036144,108515.05380453507,1.1042722953189472,0.17045020708260727,12,5.1135062124782165,0,0,0
2022-06-22,22.2,0.9,19.7,85,0.0,0.0,0.0,0.0,85.47380745042919,3.692623539464205,2,7.203283678915339,13236.30887185104,108790.92021160357,0.9269485791709008,0.14526192549570804,12,5.055816969369179,0,0,0
2022-06-23,22.1,0.9,21.1,86,0.0,0.0,0.0,0.0,81.12439627207961,5.055042836125528,3,0.0,13237.677984665937,109198.05472328867,1.295561728602756,0.18875603727920387,12,6.420937543794947,0,0,0
2022-06-24,23.1,1.2,25.1,80,0.0,0.0,0.0,0.0,80.6657461926246,1.6886425805230645,4,13.108076597004741,13239.047097480832,108544.7558094816,1.1983164989084203,0.193342538073754,12,6.3157340612311765,0,0,0
2022-06-25,22.5,10.2,27.2,82,0.0,0.0,0.0,0.0,78.64057543608033,0.0,5,0.0,13240.416210295729,107838.7208817091,1.3453348759625954,0.2135942456391967,12,6.407827369175902,0,0,0
2022-06-26,23.2,1.0,27.5,77,0.0,0.0,0.0,0.0,83.38501426410889,5.961183335098323,6,34.38081225683642,13241.785323110624,108963.97326805226,0.43580554534478577,0.16614985735891108,12,6.56628946616881,0,0,0
2022-06-27,23.1,0.5,23.8,76,0.0,0.0,0.0,0.0,82.7819367245643,0.0,0,0.0,13243.15443592552,108913.07631625827,1.331539603631865,0.1721806327543569,12,5.165418982630709,0,0,0
2022-06-28,22.9,1.0,19.5,78,0.0,0.0,0.0,0.0,89.05301889322185,0.0,1,4.386046744008722,13244.523548740417,107557.54821686013,0.681805153329306,0.10946981106778153,12,3.37181526691362,0,0,0
2022-06-29,22.6,3.0,22.6,84,0.0,0.0,0.0,0.0,79.968887060188,1.0270135034688643,2,15.837186207761352,13245.892661555312,108519.45609307697,0.542395237571659,0.20031112939812,12,6.480129631619157,0,0,0
2022-06-30,22.4,13.3,19.7,85,0.0,0.0,0.0,0.0,86.19660131065575,4.662481262144322,3,0.0,13247.261774370209,107719.16785793476,0.2556021250868589,0.13803398689344248,12,4.840391796124923,0,0,0
2022-07-01,22.9,6.3,24.9,82,0.0,0.0,0.0,0.0,83.51753473484301,2.561927929656671,4,17.049372868659013,13248.630887185103,108174.79383788642,1.9303661410147381,0.16482465265156987,12,5.6700162263687774,0,0,0
2022-07-02,23.4,3.4,24.1,79,0.0,0.0,0.0,0.0,87.6698131190539,1.2445965010857314,5,0.0,13250.0,108048.5955365186,1.125860610055744,0.12330186880946103,12,3.8857455394466895,0,0,0
2022-07-03,22.6,4.9,20.0,83,0.0,0.0,0.0,0.0,81.57881787045218,1.3898655903543187,6,29.042353983651207,13251.369112814897,108897.51296248352,1.6039448399482201,0.1842118212954782,12,6.3156815570905165,0,0,0
2022-07-04,21.8,1.7,29.2,85,0.0,0.0,0.0,0.0,81.79608610308136,0.13054400593039822,0,0.28298529931516586,13252.738225629791,108544.17631381117,1.846224023931384,0.18203913896918633,12,5.486415475951453,0,0,0
2022-07-05,21.3,10.3,27.2,89,0.0,0.0,0.0,0.0,86.55158603886616,1.674418543555519,1,0.0,13254.107338444688,107835.84633970962,1.7303599967525285,0.13448413961133843,12,4.2856869698734785,0,0,0
2022-07-06,21.6,3.6,25.9,87,0.0,0.0,0.0,0.0,82.18643649262543,0.0,2,0.0,13255.476451259583,108911.55543492883,1.2292017258152375,0.17813563507374564,12,5.34406905221237,0,0,0
2022-07-07,21.3,15.2,24.5,90,0.0,0.0,0.0,0.0,84.29426554179788,0.0,3,16.178385387854387,13256.84556407448,107747.5001548485,1.0309564694841515,0.15705734458202114,12,5.035288045217722,0,0,0
2022-07-08,22.1,1.4,31.1,82,0.0,0.0,0.0,0.0,81.33635997159324,0.723965804750343,4,0.0,13258.214676889376,108622.34057541071,1.002303783137593,0.18663640028406758,12,5.707686879234579,0,0,0
2022-07-09,21.0,11.4,27.7,90,0.0,0.0,0.0,0.0,88.85452699943909,0.0,5,0.0,13259.583789704271,108043.15895889202,1.6361171126321352,0.11145473000560913,12,3.343641900168274,0,0,0
2022-07-10,21.4,4.1,30.1,88,0.0,0.0,0.0,0.0,77.53393880235576,1.15896995343468,6,0.0,13260.952902519168,108260.20636563507,1.2875064518604962,0.22466061197644238,12,6.913663852308474,0,0,0
2022-07-11,21.0,5.0,27.8,89,0.0,0.0,0.0,0.0,82.5318786965875,0.0,0,0.0,13262.322015334063,108688.06089428207,2.1379173951724253,0.17468121303412498,12,5.24043639102375,0,0,0
2022-07-12,22.1,0.9,32.0,80,0.0,0.0,0.0,0.0,77.55951674024331,5.26642709494647,1,36.41087815883631,13263.69112814896,108689.53083315518,2.199284762384109,0.22440483259756694,12,8.250326605345702,0,0,0
2022-07-13,21.8,3.3,32.8,82,0.0,0.0,0.0,0.0,86.10018651569936,4.719059175644569,2,0.0,13265.060240963856,109090.17128376593,0.5093449072156443,0.13899813484300638,12,4.877802921636877,0,0,0
2022-07-14,22.1,5.3,34.8,79,0.0,0.0,0.0,0.0,76.02725238086491,0.0,3,16.632335723608072,13266.42935377875,108373.44051051477,0.42696076370974156,0.23972747619135093,12,7.524471000212689,0,0,0
2022-07-15,22.8,1.7,29.2,77,0.0,0.0,0.0,0.0,78.44431261091366,0.0,4,4.1894016729554515,13267.798466593647,108560.6734051947,1.6129622224863989,0.21555687389086342,12,6.550494250185013,0,0,0
2022-07-16,22.3,7.2,29.0,83,0.0,0.0,0.0,0.0,84.38884750025808,0.0,5,0.0,13269.167579408544,108181.45992587342,0.8229417953494705,0.1561115249974192,12,4.683345749922576,0,0,0
2022-07-17,22.6,5.0,27.0,84,0.0,0.0,0.0,0.0,88.26209611693736,0.0,6,0.0,13270.536692223439,108484.2041417495,0.14456972503623727,0.11737903883062639,12,3.5213711649187927,0,0,0
2022-07-18,22.1,5.0,22.1,87,0.0,0.0,0.0,0.0,81.73699895570805,0.5850749520843802,0,15.68005558621496,13271.905805038336,108605.83283780492,2.2327424064710923,0.1826300104429195,12,5.880262667824542,0,0,0
2022-07-19,22.5,1.8,17.7,84,0.0,0.0,0.0,0.0,78.49920189322721,0.0,1,0.0,13273.274917853232,108329.81550343601,0.6445618413851397,0.2150079810677279,12,6.450239432031838,0,0,0
2022-07-20,23.1,18.6,12.2,84,0.0,0.0,0.0,0.0,94.96462827776236,0.0,2,23.862258917020558,13274.644030668127,107469.97579847949,2.330273564045942,0.05035371722237647,12,1.9878566950117038,0,0,0
2022-07-21,22.8,10.0,17.3,84,0.0,0.0,0.0,0.0,78.20794439833503,1.8681336717008057,3,20.430307855637277,13276.013143483024,108530.46710205372,1.8218426821078089,0.21792055601664972,12,7.226442888367357,0,0,0
2022-07-22,22.4,12.9,16.9,85,0.0,0.0,0.0,0.0,76.36477617351967,1.8885887526654326,4,18.378297093166587,13277.382256297919,108539.89300592855,1.9303683757875623,0.23635223826480323,12,7.741421402707245,0,0,0
2022-07-23,22.0,1.6,19.8,85,0.0,0.0,0.0,0.0,82.40005780021333,0.0,5,0.0,13278.751369112815,108010.40614243939,0.583507589903585,0.17599942199786667,12,5.279982659936,0,0,0
2022-07-24,22.1,1.7,22.5,82,0.0,0.0,0.0,0.0,78.67178310258956,2.6860662922877987,6,0.0,13280.120481927712,107701.17997593964,0.662066621480351,0.21328216897410446,12,6.801375013066304,0,0,0
2022-07-25,22.8,0.3,19.8,77,0.0,0.0,0.0,0.0,76.03506873147715,0.0,0,0.0,13281.489594742607,109074.19368259043,1.3510426091777579,0.2396493126852285,12,7.189479380556854,0,0,0
2022-07-26,22.2,2.5,16.8,83,0.0,0.0,0.0,0.0,83.8334257891974,0.7594957141139436,1,3.9248188133344093,13282.858707557503,108574.85747614819,0.5130396463596691,0.16166574210802598,12,5.0423929966245575,0,0,0
2022-07-27,22.3,5.6,13.7,83,0.0,0.0,0.0,0.0,83.21520285508478,2.4610320378373682,2,10.91573427064711,13284.227820372398,108207.47481860267,0.8330360624392774,0.1678479714491522,12,5.622908634563113,0,0,0
2022-07-28,22.6,4.9,12.2,85,0.0,0.0,0.0,0.0,79.70368547705309,0.0,3,0.0,13285.596933187295,107746.37950585232,0.8715099470747307,0.20296314522946912,12,6.088894356884074,0,0,0
2022-07-29,22.9,5.0,12.5,84,0.0,0.0,0.0,0.0,76.87878240531643,1.3642227364234032,4,0.0,13286.966046002191,107896.86914657794,0.48311183980663386,0.23121217594683574,12,7.1409986888685815,0,0,0
2022-07-30,23.0,12.7,12.9,83,0.0,0.0,0.0,0.0,88.56982931312058,0.0,5,3.1617845064636887,13288.335158817086,108951.95237254426,0.5924388001483858,0.11430170686879426,12,3.4922868961930997,0,0,0
2022-07-31,22.9,9.9,11.5,85,0.0,0.0,0.0,0.0,86.56080471183463,0.0,6,0.0,13289.704271631983,108362.36875794771,1.9925244208198158,0.13439195288165362,12,4.03175858644961,0,0,0
2022-08-01,22.7,39.6,12.0,86,0.0,0.0,0.0,0.0,95.44329654488247,0.0,0,25.82547678031758,13291.073384446878,108011.12486737588,0.5012700509134441,0.04556703455117528,12,1.8835205721416102,0,0,0
2022-08-02,22.5,25.0,14.1,86,0.0,0.0,0.0,0.0,97.38654798419066,0.0,1,8.435601485017418,13292.442497261774,108534.1436298511,0.16829774042541396,0.026134520158093477,12,0.9527476344431515,0,0,0
2022-08-03,21.7,17.7,11.4,89,0.0,0.0,0.0,0.0,82.79966093469538,0.0,2,26.20383816161794,13293.811610076671,107864.98053387816,1.6104518623094524,0.17200339065304615,12,5.684178482823745,0,0,0
2022-08-04,21.6,17.6,18.9,90,0.0,288.89473684210526,17.910526315789475,4.484210526315789,80.93789931630106,6.306776682356128,3,0.0,13295.180722891566,109015.48175610404,2.44235948654188,0.19062100683698946,12,6.664646707463103,0,0,0
2022-08-05,20.8,24.2,31.9,91,37.0,170.75,10.245833333333334,2.0416666666666665,85.06236772047504,4.532788758573686,4,96.44954985013848,13296.549835706463,108934.34112177476,0.8949131550954913,0.1493763227952496,12,9.680198994646313,0,0,0
2022-08-06,21.5,5.2,28.6,86,21.0,171.625,10.641666666666667,1.8958333333333333,80.84765593457801,5.191623519890988,5,57.90132789055039,13297.918948521357,108017.53443208754,0.3847736876710055,0.1915234406542199,12,9.152473305421251,0,0,0
2022-08-07,21.5,5.2,29.9,88,23.0,175.91666666666666,11.345833333333333,2.0124999999999997,81.90335779729077,5.601877409180525,6,46.933868985453216,13299.288061336254,107929.36695753605,1.468929580882074,0.18096642202709234,12,8.817951651898914,0,0,0
2022-08-08,21.9,3.7,32.4,84,24.0,145.66666666666666,7.016666666666667,1.9124999999999999,79.31505576857468,3.98467432905433,0,21.357168131425333,13300.65717415115,106927.51609506787,2.2752501066295507,0.20684944231425317,12,8.910327781414253,0,0,0
2022-08-09,22.3,0.9,36.6,77,26.0,145.5,6.2250000000000005,2.0541666666666667,80.46822158605718,4.369707400419613,1,45.62647844915239,13302.026286966046,107488.67292200087,1.9817482715883492,0.19531778413942813,12,9.247519203228833,0,0,0
2022-08-10,22.2,2.5,34.9,78,26.0,148.66666666666666,6.195833333333333,2.0208333333333335,74.69384230323823,5.996241220924859,2,43.79670589100407,13303.395399780942,107552.60903366024,1.5940380841905184,0.2530615769676178,12,11.187217609987341,0,0,0
2022-08-11,22.5,1.7,32.0,77,24.0,142.5,6.383333333333333,2.0833333333333335,85.25505841629304,7.213551222397568,3,52.985090701526545,13304.764512595837,108282.81970499533,0.8561355918582385,0.1474494158370696,12,8.245216972502254,0,0,0
2022-08-12,22.8,1.0,28.2,77,24.0,154.20833333333334,8.35,2.1333333333333333,78.87139528642973,3.377787652788532,4,64.12707110029066,13306.133625410734,108044.9882956435,1.4005124158629279,0.21128604713570265,12,9.807790983995172,0,0,0
2022-08-13,22.5,0.5,23.1,78,29.0,161.54166666666666,8.379166666666666,2.4250000000000003,83.2191833263525,1.974564100499233,5,18.02214651948528,13307.50273822563,107528.31801751911,0.3189876191302129,0.16780816673647492,12,7.7208725475588365,0,0,0
2022-08-14,22.2,0.0,22.5,77,39.0,204.75,12.720833333333333,2.8041666666666667,79.42090138551082,4.420116763270691,6,36.45677027833875,13308.871851040525,108053.284353357,1.7294690182736079,0.20579098614489189,12,10.295882504404132,0,0,0
2022-08-15,22.5,0.0,18.4,78,46.0,261.375,17.220833333333335,3.3249999999999997,79.52701287661513,8.31339123641522,0,42.40145335687727,13310.240963855422,108439.41556177547,1.840230445354362,0.20472987123384867,12,11.456933889615287,0,0,0
2022-08-16,23.0,0.3,12.8,78,62.0,364.375,21.450000000000003,4.433333333333334,79.29906912092882,11.682986046550472,1,149.7389001160378,13311.610076670318,108443.54727627215,2.416075894983805,0.20700930879071178,12,15.29750517302468,0,1,0
2022-08-17,23.4,0.2,11.9,76,75.0,481.6666666666667,23.295833333333334,6.345833333333334,78.12083424006926,13.302928468074295,2,136.00251518646613,13312.979189485213,107222.67307424745,0.7249536609881719,0.2187916575993074,12,16.52923930191969,0,1,0
2022-08-18,23.3,0.9,16.9,78,75.0,247.04166666666666,14.4375,3.454166666666667,79.18089103947017,4.9858166739169825,3,136.11727879688993,13314.34830230011,108101.25708779751,0.14429540570325433,0.2081910896052983,12,14.965950765184296,0,1,0
2022-08-19,23.0,0.3,19.2,80,54.0,222.54166666666666,13.145833333333334,3.1291666666666664,82.73661012052973,6.678304184244102,4,107.20700572023877,13315.717415115005,107466.59905291616,1.4094603146251614,0.1726338987947027,12,12.10490270588247,0,1,0
2022-08-20,22.9,0.3,16.9,78,49.0,193.41666666666666,10.854166666666666,3.1291666666666664,78.45608467880588,7.61219652700858,5,81.7205515002683,13317.086527929901,108602.01440333464,1.7962972105523547,0.21543915321194118,12,12.669415105414888,0,0,0
2022-08-21,22.2,3.6,17.6,85,40.0,177.83333333333334,9.908333333333333,2.8625000000000003,82.27601503035405,8.253421730840028,6,0.0,13318.455640744798,108536.10387630381,1.9969779421191711,0.17723984969645956,12,9.35520875051979,0,0,0
2022-08-22,22.1,4.4,23.5,84,31.0,164.45833333333334,9.129166666666666,2.6999999999999997,79.8510572228511,4.331064174008368,0,55.467793153481814,13319.824753559693,107687.89766832736,0.5649734392595455,0.20148942777148904,12,9.973698322315562,0,0,0
2022-08-23,22.1,3.2,20.6,84,28.0,184.875,10.991666666666667,2.954166666666667,85.64046886179788,5.679756533569698,1,52.48362485004604,13321.19386637459,107746.76929365195,0.7282068856888567,0.1435953113820212,12,8.16949531849701,0,0,0
2022-08-24,21.3,8.0,19.0,87,37.0,219.08333333333334,14.379166666666668,2.9125,78.64443079176293,5.471988406791403,2,63.07727224816635,13322.562979189486,107892.03898296552,1.3302182206415112,0.21355569208237069,12,11.079014468453158,0,0,0
2022-08-25,21.7,9.3,18.0,87,38.0,213.04166666666666,13.070833333333333,2.4541666666666666,89.02376173164326,7.429849155542337,3,102.92453091271264,13323.932092004381,106989.15642421156,0.8934419439280044,0.10976238268356742,12,9.125839472092624,0,0,0
2022-08-26,21.8,20.2,16.4,87,53.0,328.6666666666667,19.308333333333334,3.1916666666666664,85.26936819742262,8.448880764094222,4,93.55341082288457,13325.301204819278,108276.41782166004,2.1652275678098682,0.14730631802577376,12,11.267589871845038,0,1,0
2022-08-27,21.7,16.7,17.0,88,59.0,299.9583333333333,19.229166666666668,3.4291666666666667,78.0068995915278,12.545216773056932,5,86.23592354471322,13326.670317634173,107964.89207513223,1.2370243689729288,0.219931004084722,12,14.334431109394464,0,1,0
2022-08-28,22.1,4.2,16.3,86,54.0,298.6666666666667,18.7375,3.3000000000000003,79.49241765964317,5.230317190864335,6,55.72505577412167,13328.03943044907,108579.28250294876,2.018988745844807,0.20507582340356834,12,11.831323396219133,0,1,0
2022-08-29,22.1,17.3,10.7,87,69.0,427.5,26.791666666666668,4.170833333333333,80.74579337010047,13.736110982642614,0,149.4303850507103,13329.408543263966,107537.8709660461,1.493487425157649,0.19254206629899528,12,15.655286337380458,0,1,0
2022-08-30,22.7,9.3,14.7,85,77.0,374.8333333333333,23.445833333333336,4.220833333333333,83.2325741959549,14.21790535090856,1,136.80621830444989,13330.77765607886,107770.39471426497,1.9554163398810687,0.167674258040451,12,15.289037909938813,0,1,0
2022-08-31,22.3,5.2,20.1,86,71.0,308.4583333333333,18.466666666666665,5.879166666666666,75.91950408279044,12.703586882300845,2,123.79062201752484,13332.146768893757,107319.5741727329,0.8984151676727772,0.24080495917209566,12,16.575499247858495,0,1,0
2022-09-01,21.9,12.5,14.4,89,91.0,502.7916666666667,29.379166666666666,8.4,78.66526626714088,26.960767658608155,3,185.72139814954795,13333.515881708652,107563.57213336788,2.095399892632747,0.21334733732859124,12,20.528963231639917,0,1,0
2022-09-02,22.7,1.4,12.1,82,95.0,423.8333333333333,25.962500000000002,7.654166666666666,68.25183707621788,17.668983407037054,4,208.0064261666022,13334.884994523549,107467.60703044344,0.7589735573224518,0.3174816292378212,12,22.984924911522235,0,1,0
2022-09-03,23.0,1.6,8.6,83,83.0,491.0416666666667,30.304166666666664,7.1000000000000005,74.6807747230037,15.249502876140635,5,68.70125306646483,13336.254107338445,108549.46548126331,1.410637139207898,0.25319225276996304,12,17.06721807584928,0,1,0
2022-09-04,23.1,11.8,11.9,84,83.0,393.0416666666667,24.929166666666664,4.195833333333334,70.87448269348417,13.640273925399446,6,63.9138997107346,13337.62322015334,107695.22833082693,0.6136170716172981,0.29125517306515836,12,17.871974274979358,0,1,0
2022-09-05,22.6,5.8,12.4,86,68.0,391.1666666666667,25.037499999999998,4.675,72.5843887060571,8.89917766626731,0,130.12765307696122,13338.992332968237,108099.32771093748,1.2412636519028641,0.274156112939429,12,16.922113099662194,0,1,0
2022-09-06,22.0,12.7,11.0,88,67.0,327.0416666666667,18.849999999999998,3.8708333333333336,84.7716586245772,11.006117418776384,1,147.4052844309318,13340.361445783132,107839.7387799968,0.8636205028208875,0.15228341375422805,12,13.857525714061932,0,1,0
2022-09-07,21.8,8.1,16.6,90,57.0,226.875,12.258333333333333,3.1791666666666667,83.53320063460333,5.354581828997723,2,97.5653869361409,13341.730558598028,107388.26846228384,0.7400882335293142,0.16466799365396667,12,11.684534822691477,0,1,0
2022-09-08,21.1,7.3,18.9,92,35.0,203.0,11.866666666666667,2.75,82.87183024713985,9.986170826680485,3,4.714880203661181,13343.099671412925,107931.73149706698,2.42076404326729,0.17128169752860145,12,9.180674153933339,0,0,0
2022-09-09,22.0,3.0,22.6,87,29.0,184.625,9.3125,3.0041666666666664,75.88209542748315,4.793879176213396,4,71.36446371474067,13344.46878422782,108308.31398794713,0.48417785316815354,0.24117904572516846,12,11.411742522481877,0,0,0
2022-09-10,21.9,8.9,23.5,88,26.0,172.95833333333334,7.883333333333333,2.6916666666666664,82.06915457543208,5.359285585947593,5,6.793586201120487,13345.837897042717,107397.7632391062,1.9895820098977486,0.1793084542456792,12,8.139018189284926,0,0,0
2022-09-11,22.5,2.6,30.4,82,26.0,168.125,7.054166666666667,2.5124999999999997,79.72558984363774,3.3983264757867895,6,0.0,13347.207009857611,108399.07994410611,2.461995902759716,0.20274410156362266,12,8.412072018276698,0,0,0
2022-09-12,22.5,0.8,31.1,79,26.0,175.83333333333334,8.579166666666667,2.7583333333333333,74.38654124322983,11.203637388893327,0,0.0,13348.576122672508,107562.5437013641,0.1477635609761868,0.2561345875677017,12,11.184583235365048,0,0,0
2022-09-13,22.2,1.2,22.4,84,33.0,216.04166666666666,12.35,3.3375,84.84359320706861,6.904188368312931,1,80.62961720395484,13349.945235487405,107738.79281242908,1.777665793701028,0.15156406792931387,12,9.505142637205456,0,0,0
2022-09-14,22.1,1.2,19.2,86,41.0,229.66666666666666,14.429166666666667,3.3249999999999997,81.9394491623027,14.11808779710427,2,82.52234900809934,13351.3143483023,108238.50695033306,0.706988333335089,0.1806055083769731,12,12.056325401036819,0,0,0
2022-09-15,22.0,0.8,18.7,84,50.0,252.08333333333334,15.791666666666666,3.3166666666666664,76.93614330468134,11.690788619688133,3,85.48687238575496,13352.683461117196,107634.32792358083,0.19717077838793068,0.23063856695318663,12,13.882512749263917,0,0,0
2022-09-16,22.3,0.1,17.9,81,48.0,257.9583333333333,15.4625,3.1750000000000003,77.74754335597812,10.569533515339492,4,128.58048725925522,13354.052573932093,107977.71404522106,1.066934989495914,0.22252456644021879,12,14.19277676569259,0,0,0
2022-09-17,22.4,0.4,14.4,82,51.0,294.9583333333333,17.691666666666666,3.6,78.4435312317902,11.523282775285892,5,73.94649366046146,13355.421686746988,107794.46181452161,2.3445227444101002,0.21556468768209802,12,13.244362919965052,0,1,0
2022-09-18,22.6,0.4,14.8,79,51.0,275.1666666666667,16.491666666666667,3.483333333333333,69.44306052630284,10.970558561315421,6,78.22600085443833,13356.790799561884,108009.37184563011,0.12823622648079444,0.30556939473697153,12,15.947185643395223,0,1,0
2022-09-19,22.1,0.4,20.9,81,53.0,264.1666666666667,16.212500000000002,3.25,76.5212904699176,3.672398928629838,0,67.54529055666006,13358.15991237678,106747.198902879,1.510925660631476,0.23478709530082398,12,12.655378509452394,0,1,0
2022-09-20,21.7,0.1,21.0,80,55.0,270.25,16.829166666666666,3.1875,74.5620630080088,8.82709981754773,1,106.55898752092072,13359.529025191676,107015.60816139924,1.3033515486287783,0.25437936991991195,12,14.936625820647931,0,1,0
2022-09-21,21.9,0.9,17.8,79,61.0,381.8333333333333,20.599999999999998,3.6374999999999997,73.30351996042035,14.716307246886297,2,86.61573250103972,13360.898138006572,108231.31318538926,2.196121994490514,0.2669648003957965,12,16.218704748927635,0,1,0
2022-09-22,21.9,0.0,20.5,75,67.0,450.625,24.295833333333334,3.954166666666667,75.52559882845618,14.020808449577684,3,116.01235336289065,13362.267250821467,108434.80099855289,0.30160411484950156,0.24474401171543814,12,16.45568868615761,0,1,0
2022-09-23,22.0,0.4,16.9,75,68.0,347.1666666666667,21.629166666666666,3.720833333333333,83.95074610739807,7.977347126255942,4,137.82768292466645,13363.636363636364,107453.84755732515,1.735662471727961,0.16049253892601922,12,13.527931895212298,0,1,0
2022-09-24,22.3,1.6,17.9,78,62.0,272.5416666666667,18.650000000000002,3.216666666666667,80.10337144506805,10.093203314934257,5,86.93227274526143,13365.00547645126,107779.95734636788,1.7322632762398655,0.1989662855493195,12,13.561614518624951,0,1,0
2022-09-25,22.6,0.6,14.5,75,57.0,344.5416666666667,22.150000000000002,3.475,75.10528404086881,17.287733215433143,6,52.21127762283796,13366.374589266155,108042.21176226715,1.7057920404694797,0.24894715959131186,12,15.095800322511089,0,1,0
2022-09-26,22.3,3.0,16.3,79,70.0,474.6666666666667,26.354166666666668,5.029166666666667,79.99033112542463,19.411091813270826,0,138.46814276559832,13367.743702081052,108234.34155000788,2.3616027878440886,0.2000966887457537,12,16.583927289675202,0,1,0
2022-09-27,23.0,1.2,16.4,77,80.0,533.7916666666666,32.0875,5.175,82.07742174634402,17.88315463856857,1,170.0688026627779,13369.112814895947,106866.77472670565,2.0754100696165128,0.17922578253655985,12,17.060622725137637,0,1,0
2022-09-28,23.5,0.3,14.3,72,73.0,446.5,27.433333333333334,4.479166666666667,80.16853473165108,18.23684783117426,2,185.44857354766282,13370.481927710844,107430.47385241443,0.20073454298441443,0.19831465268348925,12,17.50393822613407,0,1,0
2022-09-29,22.8,0.0,17.1,75,69.0,472.4166666666667,25.275000000000002,4.591666666666667,76.7885214796807,13.962145605562512,3,117.8940668942775,13371.85104052574,107700.08489934122,1.2305988416908316,0.23211478520319306,12,16.24564673481572,0,1,0
2022-09-30,21.2,8.1,19.7,86,64.0,315.8333333333333,19.6875,3.3708333333333336,77.4522528891777,5.975468572853176,4,115.5795459866724,13373.220153340635,108210.82530124673,1.0550873348832004,0.22547747110822303,12,14.452235338908112,0,1,0
2022-10-01,20.6,6.0,17.9,91,54.0,222.83333333333334,14.233333333333334,2.4625,82.49289325445436,5.202435368944671,5,69.72167230632817,13374.589266155532,109101.35105785198,0.844353330617925,0.17507106745545642,12,11.206930775131955,0,1,0
2022-10-02,22.0,0.9,20.4,84,53.0,272.5833333333333,16.6125,3.0124999999999997,79.28394154168699,14.205749638857926,6,31.654399457209127,13375.958378970427,107731.01356594892,1.1832081403698336,0.20716058458313014,12,12.688767972466774,0,1,0
2022-10-03,22.4,0.7,19.2,80,63.0,283.3333333333333,17.991666666666667,3.3625000000000003,80.71077288011092,9.42635408784542,0,143.0392153687307,13377.327491785323,107134.40831166432,1.022066043822346,0.19289227119889074,12,14.47150555651815,0,1,0
2022-10-04,22.3,0.2,19.0,79,74.0,342.9583333333333,22.8,4.070833333333334,78.92068720672788,11.98193139520828,1,138.63563922109535,13378.69660460022,108031.91169467951,1.1376013597087968,0.2107931279327212,12,16.073796331684783,0,1,0
2022-10-05,22.6,1.2,17.9,80,80.0,327.3333333333333,20.570833333333333,4.1499999999999995,80.67821086127735,11.03506874450869,2,144.6884726425202,13380.065717415115,108484.15616421174,2.450228477460742,0.19321789138722645,12,15.945566506143502,0,1,0
2022-10-06,21.5,5.5,16.8,85,76.0,334.8333333333333,20.858333333333334,3.595833333333333,76.25905915375773,17.475743102052355,3,127.37368557697762,13381.434830230011,107870.54594329369,0.3127191393989938,0.23740940846242264,12,17.611117430720086,0,1,0
2022-10-07,21.8,1.1,14.5,78,67.0,295.9583333333333,19.729166666666668,4.491666666666666,82.3595762625373,16.451210079419525,4,155.0683484694328,13382.803943044906,107356.09522358935,2.3133540876129515,0.17640423737462696,12,15.551175602540393,0,1,0
2022-10-08,22.1,0.1,11.3,75,62.0,437.5,24.833333333333332,5.05,77.73039841876961,21.511340700344398,5,71.2450603353703,13384.173055859803,108281.29708026904,1.2525681123304642,0.22269601581230392,12,15.67248278612818,0,1,0
2022-10-09,21.6,15.9,13.8,88,79.0,485.3333333333333,32.958333333333336,5.9750000000000005,90.71104349050105,17.84869770213318,6,58.26666359739235,13385.5421686747,108126.95353214079,1.5969813891988989,0.09288956509498947,12,12.159324880117508,0,1,0
2022-10-10,21.9,9.7,9.4,87,76.0,422.0,27.733333333333334,5.7875000000000005,77.32324872764173,16.899373466241286,0,170.1070383524706,13386.911281489594,107275.0209141563,2.092439119882465,0.22676751272358275,12,18.060072168693086,0,1,0
2022-10-11,22.1,6.5,13.9,87,70.0,430.0833333333333,24.59583333333333,6.683333333333334,86.04385521266099,11.139655685070961,1,119.376603186765,13388.280394304491,107971.65475838383,0.9651112699582133,0.1395614478733901,12,13.145323852697649,0,1,0
2022-10-12,21.4,23.6,10.8,89,90.0,525.125,33.550000000000004,6.075,85.73164313385058,23.392053278354823,2,176.21132148065988,13389.649507119386,108272.45534680862,1.1330125794111205,0.14268356866149423,12,17.613541481211247,0,1,0
2022-10-13,21.8,21.9,9.8,86,85.0,457.5,29.441666666666666,4.8125,81.90432798554221,12.791661346196193,3,166.0461230322046,13391.018619934282,108357.64819762118,1.0828443526689135,0.18095672014457787,12,16.618373266910858,0,1,0
2022-10-14,21.9,8.2,10.3,86,79.0,441.0,28.40833333333333,5.0249999999999995,77.3944566637827,16.597826691287885,4,133.2732977916585,13392.38773274918,107726.35930204953,0.9993544540858236,0.22605543336217293,12,17.466802960391544,0,1,0
2022-10-15,22.3,7.8,13.8,84,69.0,371.6666666666667,24.0,4.3374999999999995,78.38861076722272,10.227259083768136,5,92.40521002811852,13393.756845564074,107573.42467997715,2.321270371952548,0.2161138923277729,12,14.695609832960773,0,1,0
2022-10-16,22.0,17.1,13.8,87,60.0,351.2083333333333,24.020833333333332,5.425,85.53666378560767,12.206732853117245,6,32.89784649039101,13395.12595837897,108358.98192746998,2.089431738863229,0.1446333621439233,12,11.027967722093104,0,1,0
2022-10-17,22.3,2.7,16.2,86,62.0,319.4166666666667,21.245833333333334,4.845833333333333,80.071341952142,9.963629373517566,0,128.05565561668004,13396.495071193865,107133.14537830146,0.36159997567114266,0.19928658047857994,12,14.374254932718634,0,1,0
2022-10-18,21.9,2.9,9.7,86,65.0,366.625,24.104166666666668,6.883333333333333,75.61519998424568,13.203874217972546,1,107.49697976162048,13397.864184008762,107950.39588861495,0.3594960459450305,0.24384800015754327,12,15.995960732654588,0,1,0
2022-10-19,21.9,6.5,7.2,85,80.0,514.5833333333334,32.766666666666666,5.704166666666667,78.50258163095606,16.780965223886398,2,169.8553806369772,13399.233296823659,107038.97354283476,1.1268868356471788,0.2149741836904394,12,17.96347790703568,0,1,0
2022-10-20,21.6,10.7,15.3,87,80.0,498.1666666666667,29.8875,5.404166666666666,88.84908143444746,15.545610281891436,3,166.11666132589426,13400.602409638554,108249.55560600932,0.33677770415874175,0.11150918565552548,12,14.599450338467362,0,1,0
2022-10-21,21.6,2.7,18.9,86,73.0,417.4583333333333,24.008333333333336,4.3125,84.34017268040284,16.464585068674257,4,170.52873051265607,13401.97152245345,107580.72532543648,1.5858234286506872,0.15659827319597153,12,15.688210566433408,0,1,0
2022-10-22,21.5,0.0,16.8,79,89.0,578.7916666666666,32.9125,6.2,77.29529467869612,16.067078287479106,5,111.82633296476206,13403.340635268347,108336.92031442834,0.44485985742816136,0.22704705321303875,12,17.68799999880827,0,1,0
2022-10-23,20.4,0.0,13.6,73,101.0,618.0416666666666,35.729166666666664,11.475,75.1020139126728,24.445790947708264,6,86.273981141406,13404.709748083242,107941.2156881449,1.3536958335203226,0.24897986087327195,12,19.93174409118252,0,2,0
2022-10-24,19.5,0.0,15.7,64,99.0,522.25,30.412499999999998,10.879166666666665,75.53012530687305,24.527627456916672,0,166.6716084733031,13406.078860898138,107076.77980829871,0.11732787280892261,0.24469874693126958,12,21.28353869594165,0,1,0
2022-10-25,19.7,0.0,10.7,60,95.0,551.8333333333334,34.63333333333333,11.054166666666667,77.70407189092167,21.00124423979315,1,214.67069381634207,13407.447973713035,108393.58440273083,0.8598312361903521,0.22295928109078333,12,20.78237894501931,0,1,0
2022-10-26,20.1,0.0,10.3,66,139.0,514.7916666666666,27.0625,14.408333333333333,68.95882973920638,19.75790999442386,2,257.06009559664716,13408.81708652793,108449.77378326863,1.725257736814373,0.31041170260793616,12,27.147239489334606,0,2,0
2022-10-27,20.7,0.0,12.4,62,119.0,399.7083333333333,18.491666666666667,12.554166666666667,73.02049385030662,16.385509457792583,3,193.45867852860007,13410.186199342827,108108.17500971691,1.2616934565468363,0.2697950614969338,12,22.7508518341489,0,2,0
2022-10-28,20.9,0.3,15.5,79,85.0,325.9583333333333,12.545833333333334,8.5875,69.19566370448965,15.715008958415464,4,191.8073787006566,13411.555312157721,107279.11844426174,2.4478467663975714,0.3080433629551035,12,21.384699806428557,0,1,0
2022-10-29,21.6,1.0,19.0,81,70.0,332.7083333333333,15.270833333333334,5.2875000000000005,78.49689249042112,11.663156226193408,5,68.0772639362701,13412.924424972618,107499.78601296368,2.1978491105589057,0.21503107509578878,12,14.461950965528079,0,1,0
2022-10-30,21.4,1.5,17.6,84,80.0,396.0833333333333,19.654166666666665,5.845833333333334,79.18878375881096,11.770940449510537,6,52.99873005067745,13414.293537787515,107718.3872122078,0.9617698697035628,0.20811216241189046,12,14.668980540796841,0,1,0
2022-10-31,21.3,0.0,16.5,74,107.0,464.5,22.566666666666666,12.125,72.7172541508025,20.141629953564117,0,163.7279147566047,13415.66265060241,107286.69901720175,0.20916769953345904,0.272827458491975,12,21.97062654292596,0,2,0
2022-11-01,20.1,14.0,16.4,88,105.0,368.625,22.96666666666667,5.9624999999999995,86.64594705316013,10.846873550490729,1,195.09180321078964,13417.031763417306,108477.6081164616,2.1295031202760453,0.13354052946839867,12,16.885082980841364,0,2,0
2022-11-02,19.8,9.9,19.4,91,64.0,390.5833333333333,19.075,5.7875000000000005,75.85693734799062,15.144911864662177,2,123.14569952207015,13418.400876232201,107696.47867945557,2.2869623447552114,0.24143062652009373,12,16.457569565743544,0,1,0
2022-11-03,21.3,0.3,19.1,83,59.0,387.7083333333333,18.275000000000002,6.1000000000000005,71.31250047916072,14.245405256438636,3,111.06183455321398,13419.769989047098,106265.5220334014,2.069505744205688,0.28687499520839277,12,17.094297335781857,0,1,0
2022-11-04,21.9,1.3,20.0,81,59.0,316.625,13.950000000000001,3.6875,78.46780727423989,8.640324586583349,4,142.92612488598965,13421.139101861994,107779.75457669575,0.40707985820743564,0.21532192725760113,12,14.744229003435327,0,1,0
2022-11-05,21.9,0.5,18.7,80,54.0,328.9583333333333,13.991666666666667,5.3125,81.68839321044862,8.15882593799164,5,75.33795847331587,13422.50821467689,107428.87858527152,2.4949963225894907,0.1831160678955137,12,12.004065097030477,0,1,0
2022-11-06,21.4,0.4,18.5,80,72.0,382.5,15.270833333333334,4.708333333333333,83.29571076583147,8.571207233149627,6,60.9825556089364,13423.877327491786,107558.3746189835,0.7206021317266571,0.16704289234168523,12,12.55661896740173,0,1,0
2022-11-07,21.0,0.0,15.2,71,89.0,465.875,25.825,6.7,73.71446294852424,18.030702009037732,0,156.2360864724056,13425.24644030668,107404.40882751241,1.8380917907400882,0.2628553705147576,12,19.944988146246494,0,1,0
2022-11-08,21.4,0.0,15.9,73,91.0,452.0416666666667,23.670833333333334,5.7250000000000005,79.76472333372519,18.743608174133854,1,187.65314937830368,13426.615553121577,107985.12233207114,2.279283703205732,0.20235276666274815,12,19.005187213568597,0,1,0
2022-11-09,21.0,0.0,13.9,67,98.0,453.3333333333333,24.733333333333334,6.116666666666667,74.94596612199716,13.711410092246949,2,216.55140325857138,13427.984665936474,108134.32362640703,0.6656490743937026,0.25054033878002846,12,20.76394974240932,0,1,0
2022-11-10,21.2,0.3,17.7,75,99.0,372.6666666666667,14.395833333333334,5.554166666666667,74.47949080023672,12.75307677732112,3,180.72628398966398,13429.353778751369,107708.8869316222,2.2798205312249586,0.25520509199763286,12,20.11363995632043,0,1,0
2022-11-11,19.4,20.5,23.9,87,94.0,417.0,15.495833333333332,7.354166666666667,87.03463974994669,6.970168944193793,4,188.01738291579179,13430.722891566265,107390.58537028634,0.8427557900676806,0.12965360250053304,12,15.275481074960897,0,1,0
2022-11-12,20.5,3.0,26.8,88,95.0,330.0,12.966666666666667,5.029166666666667,79.05929151365368,8.453646808028402,5,94.1426799782891,13432.09200438116,107532.45297481336,2.4433917337217346,0.20940708486346327,12,16.083113166673936,0,1,0
2022-11-13,21.0,2.0,23.6,89,55.0,300.9583333333333,14.866666666666667,3.1625,71.744431372063,9.273906534720627,6,20.59589471175549,13433.461117196057,107555.80199886931,0.775024048913139,0.28255568627937,12,14.1296744628243,0,1,0
2022-11-14,21.4,1.5,16.3,83,50.0,344.8333333333333,16.520833333333332,3.4333333333333336,84.00616139890357,7.735533082387833,0,103.32539344087047,13434.830230010954,107137.66778401061,2.3882459794188042,0.15993838601096433,12,11.524989411504512,0,0,0
2022-11-15,21.4,1.5,12.6,82,75.0,515.6666666666666,26.004166666666666,4.770833333333333,82.3703654165898,13.01089754229788,1,157.80957047279114,13436.199342825848,107821.2277415912,0.22850716214241978,0.17629634583410192,12,15.646716415823562,0,1,0
2022-11-16,21.7,0.0,11.2,75,106.0,534.7916666666666,28.795833333333334,6.558333333333334,72.19774919396188,15.918327997260008,2,218.24727050213323,13437.568455640745,107754.66519259836,1.8022528280075514,0.2780225080603812,12,22.513369851443098,0,2,0
2022-11-17,19.9,0.0,13.0,66,126.0,617.2083333333334,37.50416666666667,11.825000000000001,75.28321413374964,25.39491151831246,3,224.22681107295887,13438.93756845564,108287.745263919,1.377066721208809,0.24716785866250357,12,24.528808709081158,0,2,0
2022-11-18,19.1,0.0,14.3,57,127.0,677.4583333333334,40.24166666666667,10.470833333333333,75.62612074513096,24.56759627811421,4,294.838694917835,13440.306681270537,108138.08014753745,1.2469049850945535,0.24373879254869035,12,25.784077116534544,0,2,0
2022-11-19,18.9,0.0,16.8,63,116.0,453.6666666666667,20.533333333333335,16.1375,75.24269506329563,13.66447296669175,5,129.51763010830365,13441.675794085433,107160.44841196068,0.6363863542140159,0.24757304936704372,12,20.187215028181146,0,2,0
2022-11-20,18.6,0.0,13.4,68,128.0,450.5416666666667,19.383333333333333,16.845833333333335,71.39877938461831,14.06581620876147,6,134.3053847441441,13443.044906900328,107906.31567137278,1.7934298954635808,0.28601220615381695,12,22.33634631081161,0,2,0
2022-11-21,19.3,0.1,13.8,63,130.0,419.375,17.4375,17.054166666666667,70.8535065282478,17.83690446642847,0,233.22514210020913,13444.414019715225,107013.57040593358,0.557942779471137,0.291464934717522,12,25.18398655349411,0,2,0
2022-11-22,20.0,1.8,15.6,84,114.0,422.4166666666667,23.0125,7.429166666666667,74.91778371603421,16.958476424827325,1,210.13298470641325,13445.783132530121,107829.8937613138,1.4268203103634438,0.25082216283965797,12,22.2510960430421,0,2,0
2022-11-23,20.4,8.3,8.3,91,93.0,608.1666666666666,33.333333333333336,6.566666666666666,83.36091607703744,11.779152138490964,2,193.20060614635523,13447.152245345016,107216.50122482586,0.7077888712966018,0.1663908392296256,12,17.132610120589515,0,1,0
2022-11-24,21.2,3.7,16.4,89,90.0,476.5416666666667,23.15833333333333,6.141666666666667,79.15440061837774,13.898726138211774,3,170.19272237367989,13448.521358159913,106956.06232588066,2.3934913114752545,0.2084559938162226,12,18.042343182692044,0,1,0
2022-11-25,21.7,0.4,15.3,81,78.0,358.5416666666667,16.854166666666668,3.875,74.77754267165557,9.387923097114406,4,170.93945518533852,13449.890470974808,107600.59222227971,0.16871486520556678,0.2522245732834443,12,17.853714766777262,0,1,0
2022-11-26,21.6,0.0,11.5,79,68.0,375.5,20.9375,8.054166666666667,79.68679484259337,19.03376333462534,5,83.22556844112398,13451.259583789704,106116.16660021647,0.5793478722669677,0.20313205157406633,12,15.37353741623827,0,1,0
2022-11-27,22.1,0.8,11.5,79,84.0,419.25,19.954166666666666,5.541666666666667,64.7258295174797,12.34868456486141,6,74.84213836566337,13452.628696604601,106570.84299045347,0.6815454553298745,0.35274170482520306,12,19.81139659679857,0,1,0
2022-11-28,22.3,0.9,9.1,77,113.0,521.875,25.879166666666666,5.925,79.3050628014884,17.686466954222784,0,251.1674398574088,13453.997809419496,107350.46544913147,1.0937627818427593,0.20694937198511598,12,21.794799999835075,0,2,0
2022-11-29,22.0,0.1,12.6,72,144.0,503.375,21.920833333333334,8.4125,65.8811448848876,17.08127142026239,1,304.4851329039235,13455.366922234392,107473.31288769859,0.6585525804881285,0.341188551151124,12,28.967549905651545,0,2,1
2022-11-30,20.1,0.0,12.3,71,141.0,464.5833333333333,24.45,8.454166666666667,71.50023623438747,10.661633893911732,2,289.4065378997102,13456.736035049289,107240.3132326646,1.2792378166450846,0.2849976376561253,12,25.807304971764722,0,2,0
2022-12-01,21.0,0.7,17.7,82,103.0,479.1666666666667,23.78333333333333,5.529166666666666,70.65132042149543,17.548788316561875,3,187.63598316406777,13458.105147864184,106628.13508174744,2.1939172558204936,0.2934867957850458,12,22.399641784317005,0,2,0
2022-12-02,22.3,0.0,14.2,77,88.0,400.7916666666667,19.695833333333333,5.6499999999999995,70.42127409711637,13.952856183035532,4,204.94314401193336,13459.47426067908,107001.78792339952,1.80895221138201,0.2957872590288363,12,21.22540907855909,0,1,0
2022-12-03,22.2,0.3,17.7,79,64.0,295.75,15.683333333333332,3.733333333333333,81.56330714951407,11.42730591902377,5,87.15989552782905,13460.843373493975,107599.21912145002,1.4919087532842665,0.18436692850485925,12,13.468301653555923,0,1,0
2022-12-04,22.6,0.0,17.2,73,64.0,379.875,14.666666666666666,4.091666666666667,74.92919519475244,22.43246311930898,6,58.12409505548071,13462.212486308872,107687.38595650805,0.31360762715843116,0.2507080480524756,12,16.52859281058023,0,1,0
2022-12-05,21.7,0.0,20.8,76,97.0,490.6666666666667,19.991666666666667,6.691666666666666,76.53601552692287,8.6668278481709,0,168.52871349468168,13463.581599123769,107381.26412575843,1.7655810601342614,0.23463984473077137,12,18.499793789042407,0,1,0
2022-12-06,21.9,0.0,14.4,72,107.0,503.625,20.8875,5.8875,74.46231768448327,20.009089949283325,1,207.03165324674623,13464.950711938664,107960.67318843745,0.4993942823462556,0.2553768231551673,12,22.293301251982445,0,2,0
2022-12-07,20.5,0.0,16.5,64,132.0,552.7916666666666,29.15416666666667,11.200000000000001,75.30816330889249,20.131824108465604,2,193.99148528243893,13466.31982475356,107573.8354230111,1.987281726308075,0.24691836691107516,12,23.547154329250873,0,2,0
2022-12-08,20.6,0.2,18.4,58,131.0,400.8333333333333,18.795833333333334,12.5625,73.83728756424102,18.04657004654236,3,240.01201678595282,13467.688937568455,106994.28969766492,0.7001362204243676,0.2616271243575897,12,24.526039573428108,0,2,0
2022-12-09,18.0,3.4,21.6,69,113.0,353.0833333333333,13.658333333333333,12.4125,70.57803110324572,14.939296597429605,4,227.5304783977928,13469.058050383352,107220.64711130076,1.1009169479701622,0.2942196889675428,12,23.528094726596578,0,2,0
2022-12-10,17.7,32.5,25.8,96,87.0,380.875,15.833333333333334,7.270833333333333,92.63506727778856,11.64854099980587,5,136.25339996565768,13470.427163198248,106652.3456727652,0.941128485563027,0.07364932722211437,12,12.771828965947464,0,1,0
2022-12-11,19.5,4.5,14.8,88,58.0,478.9583333333333,22.40833333333333,8.454166666666667,76.92497366735473,14.875084548617059,6,52.58688141623508,13471.796276013143,107292.58986953594,2.161153395219656,0.23075026332645265,12,14.265508210410841,0,1,0
2022-12-12,20.6,4.0,17.8,90,62.0,372.4583333333333,15.245833333333332,4.970833333333333,72.273672405361,12.26935954005236,0,87.82073160930076,13473.16538882804,107895.59028770486,0.40370670091217953,0.27726327594639,12,16.254716841585566,0,1,0
2022-12-13,20.7,7.0,20.3,89,54.0,274.0833333333333,10.3375,5.1000000000000005,78.38753935613634,4.350562243318296,1,104.30239691743765,13474.534501642935,107675.0656338122,1.4575477177234928,0.2161246064386365,12,13.002370468005594,0,1,0
2022-12-14,20.6,0.1,21.3,82,35.0,59.041666666666664,0.0,0.7333333333333334,84.29303916253726,3.282154169231964,2,47.32757829874991,13475.903614457831,108026.30586777884,0.4409478626633494,0.15706960837462747,12,8.600962942598617,0,0,0
2022-12-15,20.0,0.0,14.8,71,16.0,62.291666666666664,0.0,0.28750000000000003,82.60088696845398,0.0,3,38.26814831424932,13477.272727272728,107166.73919628233,1.791510006717248,0.1739911303154602,12,7.105096875748794,0,0,0
2022-12-16,19.8,0.0,16.6,64,56.0,284.8333333333333,15.045833333333334,9.391666666666667,75.80539146236856,9.606875316212259,4,123.4189472867897,13478.641840087623,107984.11232880148,2.272187506706755,0.24194608537631435,12,15.087792804457061,0,1,0
2022-12-17,20.1,0.0,18.8,73,90.0,429.5416666666667,21.195833333333333,12.508333333333333,74.10296918272628,16.809128092679224,5,127.15679262216536,13480.01095290252,107207.29093168292,1.1430583692814082,0.25897030817273714,12,19.133614311527307,0,1,0
2022-12-18,20.6,0.0,21.0,81,119.0,443.25,18.370833333333334,8.658333333333333,72.76345979513047,18.91019765058772,6,91.28236416610869,13481.380065717414,108032.61619955438,1.271421424635942,0.2723654020486953,12,21.163138992371184,0,2,0
2022-12-19,19.9,0.1,17.1,75,118.0,389.3333333333333,17.670833333333334,6.941666666666666,82.44699193424336,11.753578072284665,0,213.08016192456293,13482.74917853231,107278.77589791092,2.3258148075586296,0.17553008065756648,12,19.55054236906095,0,2,0
2022-12-20,19.8,0.0,16.4,74,95.0,422.125,19.829166666666666,5.629166666666666,76.77774180892621,14.622860854628858,1,157.9495640914673,13484.118291347208,107636.20057189665,1.3503793327584572,0.23222258191073797,12,18.96909786734581,0,1,0
2022-12-21,19.3,0.0,16.2,68,83.0,399.375,22.47083333333333,6.291666666666667,77.57016658876427,12.31713117285358,2,175.87989563849428,13485.487404162102,108013.021680512,1.2702362513189462,0.22429833411235733,12,17.904117612068642,0,1,0
2022-12-22,19.2,0.0,19.2,68,89.0,424.2916666666667,18.6125,10.420833333333333,79.67113381612737,18.352932216437523,3,170.57742360880243,13486.856516976999,107171.63229742901,1.48798984649033,0.2032886618387263,12,18.493148159803464,0,1,0
2022-12-23,19.3,0.0,14.5,69,118.0,450.4166666666667,13.5375,15.5375,75.05515663610605,19.944439883037283,4,257.7161004205514,13488.225629791896,107370.42121885423,1.7541513672710847,0.24944843363893954,12,23.889441000034807,0,2,0
2022-12-24,19.3,0.0,15.3,65,112.0,436.7916666666667,13.4,17.2625,73.36383141671719,24.2912431665559,5,134.43238062713883,13489.59474260679,107898.53905104785,0.35652010020887537,0.26636168583282815,12,22.163184662511004,0,2,0
2022-12-25,20.2,1.5,21.2,87,117.0,371.5416666666667,11.545833333333334,7.529166666666666,73.96460060366009,11.16997483016902,6,113.59545781577582,13490.963855421687,107180.4863698422,2.0706652665796383,0.2603539939633991,12,19.94802519974284,0,2,0
2022-12-26,21.6,0.8,19.6,84,70.0,287.4583333333333,11.695833333333333,5.645833333333333,76.53359496234374,11.776797747607052,0,158.08678216617193,13492.332968236582,106579.4224239167,1.1452120658878222,0.23466405037656257,12,16.868176816761373,0,1,0
2022-12-27,21.7,1.4,19.7,83,47.0,319.2916666666667,16.929166666666667,5.266666666666667,78.06111105396064,11.725869285283503,1,85.94811485915973,13493.702081051479,108304.25270582477,0.2736364237539653,0.2193888894603936,12,13.349509373787527,0,0,0
2022-12-28,22.0,0.0,14.2,78,57.0,361.125,19.295833333333334,4.479166666666667,80.06051817454792,15.975115345589042,2,113.92290367420169,13495.071193866375,106990.74755972628,1.9868384060757114,0.19939481825452077,12,14.646569922958014,0,1,0
2022-12-29,21.0,0.0,14.1,72,74.0,493.5833333333333,28.9875,6.1875,76.5077835432292,15.188086170507141,3,111.47747401637179,13496.44030668127,107297.88843072616,1.004679932047053,0.2349221645677081,12,16.73542734293475,0,1,0
2022-12-30,20.7,0.0,13.9,68,75.0,488.875,30.8625,6.404166666666666,79.18056030886231,20.22501593863184,4,140.13478076803335,13497.809419496167,107789.3943533455,0.34088198822812943,0.20819439691137687,12,17.33227991349675,0,1,0
2022-12-31,20.3,0.0,10.4,64,93.0,740.6666666666666,41.329166666666666,9.129166666666666,75.02713367956567,24.69882477831662,5,113.55626586186615,13499.178532311063,106900.02468011687,1.6210696949038013,0.2497286632043434,12,19.977808930115117,0,1,0
2023-01-01,20.7,0.0,16.0,63,113.0,541.7083333333334,34.90833333333333,7.754166666666666,74.66454076126436,20.349518802007836,6,123.77867093403815,13500.547645125958,106693.21828873394,2.21231524824074,0.25335459238735636,12,21.038639010602626,0,2,0
2023-01-02,20.5,0.0,16.2,64,101.0,423.875,23.729166666666668,12.337499999999999,66.95719726187157,19.035257453345118,0,176.67438351496853,13501.916757940855,107316.90150709498,2.2306084225935674,0.3304280273812843,12,23.371617109739663,0,2,0
2023-01-03,20.0,0.0,14.1,70,88.0,415.4583333333333,23.787499999999998,6.745833333333334,79.26531069880993,16.095054522613363,1,166.88166941375752,13503.28587075575,106286.3752731139,2.3983923395415356,0.20734689301190068,12,18.132298357024172,0,1,0
2023-01-04,20.4,0.0,17.0,71,85.0,364.4583333333333,16.591666666666665,6.633333333333333,77.13595390359197,12.253396203967458,2,157.6122951099125,13504.654983570646,107031.84104699868,2.182493103440051,0.2286404609640803,12,17.799469161715777,0,1,0
2023-01-05,20.0,0.1,20.4,75,84.0,365.2083333333333,14.454166666666666,6.683333333333334,79.83204043943861,12.642472882844913,3,140.50486658311354,13506.024096385543,107291.19403095289,0.10513820642914054,0.20167959560561388,12,16.63685613225742,0,1,0
2023-01-06,19.8,0.0,22.9,73,92.0,409.3333333333333,14.779166666666667,4.391666666666667,63.81497848722525,15.896437506019886,4,199.09942911417642,13507.393209200438,107026.57936374514,1.0125787993921365,0.3618502151277475,12,23.661960662018938,0,1,0
2023-01-07,20.3,0.0,18.1,69,97.0,454.1666666666667,20.579166666666666,4.0,83.50349881912291,16.07176572351232,5,86.45484709642712,13508.762322015335,106382.71045392739,2.064502191773207,0.16496501180877088,12,15.878812154718519,0,1,0
2023-01-08,20.3,0.0,15.0,68,140.0,597.5,25.895833333333332,6.583333333333333,72.4416414873793,20.30121377749069,6,151.61879153333456,13510.13143483023,107944.40551698481,0.9790072143963381,0.27558358512620695,12,24.145065451076505,0,2,0
2023-01-09,19.0,0.0,14.4,59,148.0,576.875,28.354166666666668,8.9625,77.03273126695007,18.28588142192839,0,253.09155403741076,13511.500547645126,107191.96622921992,1.5437164153112948,0.2296726873304994,12,25.05489391395245,0,2,0
2023-01-10,18.4,0.0,17.1,64,107.0,413.125,18.566666666666666,9.4375,70.49037629149788,12.696027515315029,1,223.08806970876284,13512.869660460023,107848.65382448876,1.5551606736988768,0.2950962370850212,12,22.70905263402315,0,2,0
2023-01-11,18.7,0.0,14.7,60,93.0,403.9583333333333,19.083333333333332,12.416666666666666,77.80109562025028,20.080485008046587,2,155.9500280521225,13514.238773274918,106995.9402538802,0.9760607296931753,0.22198904379749718,12,19.300744626174353,0,1,0
2023-01-12,19.7,0.0,13.5,56,90.0,417.7916666666667,19.545833333333334,14.125,71.28633774730538,21.144807044256048,3,175.37680261092436,13515.607886089814,106678.83300148758,2.2707374254750903,0.28713662252694616,12,21.59335578466528,0,1,0
2023-01-13,19.7,0.0,14.1,57,99.0,419.5833333333333,17.779166666666665,15.179166666666667,72.55492415721677,23.055095360586275,4,221.33889215628992,13516.976998904709,107246.3100658231,1.3077480289266823,0.2744507584278323,12,23.048564900048707,0,1,0
2023-01-14,19.9,0.0,13.9,55,96.0,407.2916666666667,18.133333333333333,14.854166666666666,82.85612541546715,16.613474788758975,5,122.88404144011793,13518.346111719606,106996.70665589394,1.215482094250002,0.17143874584532848,12,16.81286442247606,0,1,0
2023-01-15,19.7,0.0,14.2,54,98.0,365.8333333333333,16.183333333333334,14.9,74.33727039694661,16.764687367252293,6,68.31142956400416,13519.715224534502,106508.60010342492,2.49403298958855,0.2566272960305339,12,18.43975057728394,0,1,0
2023-01-16,20.1,0.0,17.0,59,93.0,332.125,13.341666666666667,14.549999999999999,76.21973149271889,11.135297512423694,0,172.39096379196155,13521.084337349397,107825.25357517687,1.28440087377428,0.2378026850728111,12,18.762194454887116,0,1,0
2023-01-17,20.0,0.0,16.0,61,88.0,300.0,11.554166666666667,13.891666666666666,79.080270922755,13.62383668181738,1,147.93887630531222,13522.453450164294,106772.10694769867,0.5281558046285946,0.20919729077244997,12,17.43827175155235,0,1,0
2023-01-18,19.3,0.0,14.8,66,79.0,332.4166666666667,17.979166666666668,8.879166666666666,78.03272755189042,17.03512819840501,2,148.9947348980763,13523.822562979189,106155.98948011042,1.3313666148722514,0.21967272448109587,12,17.655345662155153,0,1,0
2023-01-19,19.4,0.0,14.2,62,87.0,391.9583333333333,21.52916666666667,10.325000000000001,76.25167562057432,15.17384719564874,3,177.1882620191065,13525.191675794085,107733.08631284942,2.053640165247832,0.23748324379425678,12,19.034339633557142,0,1,0
2023-01-20,19.4,0.0,16.7,71,94.0,354.1666666666667,16.033333333333335,8.700000000000001,76.75984400986489,15.493106052269138,4,213.33403854141483,13526.560788608982,106809.734891327,1.9644647845558754,0.23240155990135103,12,20.142693475709198,0,1,0
2023-01-21,21.0,0.0,16.6,67,103.0,364.7083333333333,15.279166666666667,6.1000000000000005,84.46366234095309,11.319324015339898,5,123.90365885080867,13527.929901423877,106750.85256628803,1.9925962362603304,0.15536337659046906,12,16.04687307703123,0,2,0
2023-01-22,20.2,0.0,17.9,63,88.0,319.4166666666667,12.708333333333334,4.575,75.36952481186566,10.723837751331349,6,59.70386848154317,13529.299014238773,106164.9513324434,1.7992570815949882,0.24630475188134338,12,16.35179558877087,0,1,0
2023-01-23,20.4,0.0,16.6,72,90.0,393.2083333333333,13.525,7.579166666666667,76.30439618685988,9.094009163886332,0,174.91175424348387,13530.668127053668,107910.99648261942,0.7101227897600517,0.2369560381314012,12,18.27101760339466,0,1,0
2023-01-24,21.9,0.0,17.6,69,90.0,293.3333333333333,13.395833333333334,6.995833333333334,79.70261758403045,11.405211682235038,1,175.8876247539605,13532.037239868565,106388.66605907862,2.1690018060165555,0.20297382415969556,12,17.61774897220533,0,1,0
2023-01-25,20.7,0.0,16.7,64,70.0,309.8333333333333,14.908333333333333,8.633333333333333,80.92210373183194,3.777425420631163,2,90.09368803539154,13533.406352683462,107055.51170639883,2.244264316903036,0.1907789626816806,12,12.991856454252924,0,1,0
2023-01-26,20.4,0.0,16.5,65,87.0,378.2083333333333,19.2,9.004166666666666,80.39812122224153,14.383894858847377,3,172.25259652633036,13534.775465498356,107475.47774067876,0.5659664718845178,0.19601878777758475,12,17.573199792681255,0,1,0
2023-01-27,20.7,0.0,14.4,64,99.0,342.5416666666667,13.058333333333332,9.904166666666667,77.60492088811674,8.393996935521246,4,207.41534332260613,13536.144578313253,107222.90665927263,0.4130935277233454,0.22395079111883265,12,19.055930140345286,0,1,0
2023-01-28,20.1,0.0,16.6,57,95.0,291.4583333333333,10.904166666666667,8.945833333333333,70.67798034907807,15.17131688297378,5,138.04902495966144,13537.51369112815,106975.10165013753,2.441451924613869,0.29322019650921927,12,20.48328392691587,0,1,0
2023-01-29,20.5,0.0,22.8,60,89.0,314.0833333333333,8.595833333333333,7.5,82.08372612920438,12.551805391626866,6,58.1945896231439,13538.882803943045,106146.97649035245,2.183977512760883,0.17916273870795618,12,14.651544762445596,0,1,0
2023-01-30,21.4,2.3,15.0,76,85.0,379.5,9.808333333333334,9.4375,72.08461842792525,13.800012945898244,0,89.46592373607999,13540.251916757941,106585.82761497506,2.243766753303872,0.2791538157207475,12,18.18393488822876,0,1,0
2023-01-31,22.1,0.0,19.7,64,83.0,342.7916666666667,7.320833333333333,5.041666666666667,77.06054186095612,13.212185348144807,1,167.4316771669037,13541.621029572838,107077.47081524252,2.2273033230985484,0.22939458139043878,12,18.022298787272963,0,1,0
2023-02-01,21.7,0.0,20.5,57,110.0,352.5833333333333,10.637500000000001,8.237499999999999,71.48289659992257,8.81283377085882,2,220.33127353363946,13542.990142387733,106582.86422459029,1.400048377680948,0.28517103400077426,12,21.98368155632484,0,2,0
2023-02-02,22.2,0.0,26.0,52,99.0,335.5833333333333,11.079166666666666,8.9125,74.79344661362802,17.269172927080007,3,144.38656744787096,13544.35925520263,107071.01160294571,1.6513641679979194,0.25206553386371977,12,19.970073303931017,0,1,0
2023-02-03,21.5,0.0,23.2,60,78.0,338.5416666666667,13.204166666666666,4.866666666666666,77.41504964121391,13.063241359447822,4,144.23000908266786,13545.728368017524,107303.08419071644,1.4088708451207401,0.22584950358786093,12,17.079571493206355,0,1,0
2023-02-04,22.5,0.0,20.6,56,79.0,346.125,17.020833333333332,5.283333333333333,77.33542886180109,11.027834138343161,5,149.90435487439805,13547.09748083242,107436.34454257146,0.22289523805678976,0.22664571138198908,12,16.98163355969911,0,1,0
2023-02-05,22.7,0.0,16.4,51,100.0,400.625,19.845833333333335,10.429166666666667,76.68768301694114,19.624360441548834,6,83.88778771692394,13548.466593647317,106334.88403412761,1.8892074048466545,0.23312316983058867,12,18.615104915488462,0,1,0
2023-02-06,22.1,0.0,15.5,50,99.0,622.4583333333334,30.370833333333334,14.85,81.50484507623459,20.92695279609843,0,192.8191795275243,13549.835706462212,108039.17735388597,1.3127968800061127,0.1849515492376541,12,19.47397298709487,0,1,0
2023-02-07,22.5,0.0,10.5,58,141.0,631.2083333333334,32.61666666666667,11.570833333333333,74.76413720605592,20.566040848750312,1,261.9368034526323,13551.204819277109,107317.4746120361,1.6545017794965515,0.25235862793944075,12,25.764401034548417,0,2,0
2023-02-08,23.4,0.0,15.9,54,140.0,455.0416666666667,23.25,10.450000000000001,72.02337345883741,15.969647496947566,2,231.19394202293688,13552.573932092004,106925.75847628704,1.3063355319412848,0.27976626541162586,12,25.21231392734965,0,2,0
2023-02-09,23.0,0.0,15.9,53,114.0,396.7916666666667,16.995833333333334,11.795833333333334,78.15634867315343,14.557233542474622,3,201.79483506408187,13553.9430449069,107464.26445802243,1.2803471735738943,0.2184365132684657,12,20.7525771307068,0,2,0
2023-02-10,22.7,0.0,18.2,49,98.0,345.9583333333333,14.516666666666666,8.620833333333334,79.85788195569856,9.817410405052573,4,200.48790879427787,13555.312157721797,108095.08066584665,0.5122938627466403,0.20142118044301438,12,18.385005149933875,0,1,0
2023-02-11,22.4,0.0,15.6,45,91.0,341.5,12.4,14.733333333333334,70.53956873945204,19.644249201285973,5,101.20243522663257,13556.681270536692,106185.89734268076,0.7689129163387575,0.2946043126054796,12,20.178815462889936,0,1,0
2023-02-12,23.0,0.0,17.7,44,94.0,305.9166666666667,9.75,11.545833333333334,77.68960027939943,12.135103465557172,6,82.30718328987214,13558.050383351589,106785.50668532607,0.4812464606654939,0.2231039972060057,12,16.739529101811186,0,1,0
2023-02-13,23.0,0.0,21.1,41,144.0,291.2083333333333,7.829166666666667,13.762500000000001,75.60469096924359,14.575848238403971,0,264.4853654329127,13559.419496166483,105701.80278999762,0.5695991095008218,0.24395309030756407,12,24.87467725364577,0,2,0
2023-02-14,22.5,0.0,14.0,41,123.0,299.0,9.533333333333333,13.450000000000001,72.65974598656003,12.208945900758959,1,236.84766097492385,13560.78860898138,106980.22499962083,2.435145713008732,0.2734025401343998,12,23.380371308644314,0,2,0
2023-02-15,22.5,0.0,16.9,42,127.0,300.7916666666667,8.9,11.570833333333333,79.15282725324649,7.158606765021116,2,222.36987664105274,13562.157721796277,107059.47696762194,0.4674722698532763,0.20847172746753517,12,20.665340371600273,0,2,0
2023-02-16,22.8,0.0,19.5,43,106.0,308.2916666666667,7.545833333333333,14.254166666666668,74.0997776518699,14.709338741840932,3,200.52369583123877,13563.526834611172,106850.07940230051,0.7462490183324983,0.259002223481301,12,21.40694143233994,0,2,0
2023-02-17,22.6,0.0,18.1,46,87.0,295.625,8.529166666666667,10.275,76.15230581388617,5.943235073740671,4,143.71256489355153,13564.895947426068,106535.27428788529,1.517415178572604,0.23847694186113833,12,17.010044814766278,0,1,0
2023-02-18,22.6,0.0,13.9,46,106.0,295.9583333333333,9.458333333333334,9.375,74.00771270286452,11.216181195076928,5,86.19285085431599,13566.265060240963,105830.66442865283,1.5644285829679405,0.25992287297135475,12,18.623970385488498,0,2,0
2023-02-19,22.5,0.0,13.8,54,87.0,247.91666666666666,8.545833333333333,9.733333333333333,75.71231619032588,6.777971550168235,6,93.08360989403135,13567.63417305586,107035.06914181542,0.46953791138518974,0.2428768380967412,12,16.254673073308094,0,1,0
2023-02-20,22.9,0.0,14.5,53,125.0,302.0416666666667,13.2125,9.554166666666667,69.3648996524192,18.678494664359093,0,235.14040544270713,13569.003285870756,107568.90015542974,2.0049218218845093,0.306351003475808,12,25.445112412782244,0,2,0
2023-02-21,23.4,0.0,16.6,42,122.0,316.2916666666667,9.541666666666666,11.741666666666667,68.13979646962282,15.804504833190832,1,236.75209269851928,13570.372398685651,106538.5542989679,1.98448688299078,0.31860203530377174,12,25.203778638062165,0,2,0
2023-02-22,23.5,0.0,15.7,42,124.0,316.75,7.520833333333333,11.633333333333333,80.17802025289988,12.72101137381444,2,213.89102990489857,13571.741511500548,107046.97410470873,0.6695624900893385,0.19821979747100116,12,20.812566228300174,0,2,0
2023-02-23,22.6,0.0,20.3,40,97.0,303.7916666666667,7.816666666666666,10.0625,71.7621546067267,15.211536699630674,3,160.44178118651848,13573.110624315443,106035.75259684966,0.7927991264211051,0.2823784539327331,12,20.75191974665696,0,1,0
2023-02-24,22.5,0.0,16.9,41,86.0,275.875,9.5375,9.208333333333334,71.73443060217477,8.606052067602793,4,175.34506504626992,13574.47973713034,107041.31189876849,2.351170877102793,0.2826556939782523,12,19.297479930413385,0,1,0
2023-02-25,23.5,0.0,21.1,38,106.0,253.08333333333334,7.616666666666667,9.779166666666667,66.08643954558514,12.313771469343612,5,95.28212062851773,13575.848849945236,106608.89483141244,2.0816114703507473,0.3391356045441486,12,21.346776269296356,0,2,0
2023-02-26,23.1,0.0,21.3,33,126.0,268.9166666666667,6.179166666666667,12.616666666666667,71.14415300924199,12.712347967822808,6,98.61942683953534,13577.21796276013,106417.25761834586,1.7747128793500573,0.28855846990758005,12,21.355994829191534,0,2,0
2023-02-27,21.7,0.0,21.0,40,108.0,297.9166666666667,8.104166666666666,10.716666666666667,69.30764082637,12.632476910667677,0,207.4466067635336,13578.587075575027,106411.16538640179,0.29735973162544127,0.3069235917362999,12,22.811511423959825,0,2,0
2023-02-28,22.1,0.0,22.0,48,94.0,367.125,6.25,10.470833333333333,81.86806064054548,15.645810500320303,1,211.84610728578434,13579.956188389924,106587.42202935589,1.1038337941661818,0.1813193935945452,12,18.60337552860009,0,1,0
2023-03-01,23.5,0.0,20.4,55,88.0,351.5,5.620833333333334,8.158333333333333,79.63926835737053,12.293726308339407,2,163.211304946829,13581.325301204819,106968.32509158121,1.4423244929843848,0.2036073164262947,12,17.376504537976334,0,1,0
2023-03-02,22.6,0.0,24.2,42,97.0,275.125,6.029166666666666,9.4375,72.3973986192891,11.08867098847507,3,189.72976708632197,13582.694414019716,106113.90744649972,0.5497870911610646,0.2760260138071089,12,20.52867640421097,0,1,0
2023-03-03,22.8,0.0,26.8,30,123.0,288.7083333333333,6.95,12.304166666666667,82.85974322137723,7.389921024648446,4,220.01879858825066,13584.06352683461,106564.3119946761,1.1757437970597389,0.17140256778622776,12,19.26094115904911,0,2,0
2023-03-04,23.5,0.0,25.9,27,98.0,261.4166666666667,6.3125,8.295833333333333,79.02706194796637,6.605277780828274,5,130.78902482227224,13585.432639649507,106735.014384823,1.542462105972856,0.2097293805203363,12,16.758453579179772,0,1,0
2023-03-05,23.9,0.0,21.1,31,86.0,296.5833333333333,8.616666666666667,11.970833333333333,74.40067446596551,12.365206532546162,6,61.321031705450366,13586.801752464404,106199.11127491918,0.885704032276958,0.2559932553403449,12,16.780999274201275,0,1,0
2023-03-06,23.8,0.0,23.1,32,85.0,253.70833333333334,8.008333333333333,10.391666666666667,65.7523771405057,11.454700456163287,0,159.1469123341594,13588.170865279299,107639.84410138516,1.9742675654811692,0.342476228594943,12,21.125430172955973,0,1,0
2023-03-07,23.5,0.0,23.4,34,71.0,266.5,9.237499999999999,10.929166666666667,85.61377029036296,8.60313882597823,1,133.49495163520584,13589.539978094195,106307.64437387952,2.117078995933133,0.14386229709637033,12,13.246238769491962,0,1,0
2023-03-08,23.6,0.0,22.1,43,72.0,272.5833333333333,7.229166666666667,11.170833333333334,70.84171013294562,18.832113360068597,2,166.80828019567667,13590.909090909092,106392.55427045598,0.8766627266417698,0.29158289867054377,12,19.948469568040135,0,1,0
2023-03-09,23.3,0.0,20.2,39,89.0,348.1666666666667,8.125,12.4,68.96840501217243,17.908348832427386,3,142.71128703320161,13592.278203723987,106230.99936572401,2.112777170781897,0.3103159498782757,12,21.07995656187641,0,1,0
2023-03-10,23.1,0.0,19.8,44,100.0,337.6666666666667,8.295833333333333,12.379166666666668,79.09028172803856,15.099271627844118,4,222.55212595123663,13593.647316538883,107612.27399756687,0.348583758647236,0.20909718271961442,12,19.988848744789784,0,1,0
2023-03-11,23.6,0.0,22.1,41,103.0,347.4583333333333,14.291666666666666,12.200000000000001,84.60900962535709,15.298193917184568,5,118.00985073406935,13595.016429353778,106982.36718166008,2.1105498366943753,0.1539099037464291,12,16.482223214651945,0,2,0
2023-03-12,23.4,0.0,19.2,53,98.0,340.7083333333333,13.6875,7.8125,80.63709127404206,11.564206423629878,6,85.03389043980673,13596.385542168675,106230.49917760107,0.46660103600227987,0.1936290872595794,12,16.104181390127994,0,1,0
2023-03-13,24.7,0.0,16.6,50,98.0,406.25,9.65,8.362499999999999,77.35563648020943,9.11924461993329,0,172.7229221368158,13597.754654983572,107244.79157351541,0.2990251660233425,0.22644363519790578,12,18.47565419166348,0,1,0
2023-03-14,25.5,0.0,18.5,42,113.0,457.0416666666667,8.866666666666667,11.616666666666667,76.72901736666114,14.432858222223253,1,203.43653791011775,13599.123767798466,106784.90575459242,1.640260970658427,0.23270982633338866,12,21.1249542815375,0,2,0
2023-03-15,25.5,0.0,17.1,48,110.0,413.9583333333333,7.958333333333333,9.833333333333334,77.91366223512124,13.200340953761586,2,214.21802068186656,13600.492880613363,106806.06373136626,1.2326496778127065,0.2208633776487876,12,20.5903128861652,0,2,0
2023-03-16,24.4,1.2,12.6,67,131.0,462.0,9.9125,17.5125,76.96571435914707,14.375968273555127,3,234.54703555756356,13601.861993428258,106498.07902979683,2.2789374409907985,0.23034285640852925,12,22.927621644440418,0,2,0
2023-03-17,22.9,3.9,20.3,75,130.0,422.5833333333333,19.1375,8.933333333333334,76.1847656958775,16.329612585068027,4,277.8248049681346,13603.231106243154,106288.4902540571,0.9716540706180381,0.238152343041225,12,24.250508278359643,0,2,0
2023-03-18,23.1,12.4,16.7,72,97.0,344.25,15.070833333333333,6.5625,80.52680441580752,11.435472853525754,5,118.09010291385725,13604.600219058051,106824.96191042544,0.7891654322503088,0.19473195584192482,12,16.70908166156375,0,1,0
2023-03-19,23.0,6.7,17.3,68,87.0,443.5416666666667,22.6875,5.6125,78.07962748840193,8.885743993034493,6,94.25989099224472,13605.969331872946,106376.4158592629,1.3017637747460762,0.21920372511598074,12,15.884171172279487,0,1,0
2023-03-20,23.7,0.0,21.6,53,84.0,458.5,25.150000000000002,5.329166666666667,72.78414164453329,12.746344967661493,0,169.67017232094736,13607.338444687843,107550.21790241078,1.1942708458447873,0.27215858355466704,12,19.350112698208182,0,1,0
2023-03-21,24.0,0.0,11.9,46,75.0,529.5833333333334,30.27916666666667,6.3999999999999995,75.1272996925329,16.9787667330684,1,125.23753356344398,13608.707557502737,106000.07514836421,0.9266273109212517,0.248727003074671,12,17.76337577346927,0,1,0
2023-03-22,24.9,0.0,10.8,54,146.0,792.0,41.387499999999996,10.183333333333334,65.92817274321845,32.10931297202057,2,302.0754500118154,13610.076670317634,107395.67970077577,1.7649791168759885,0.3407182725678155,12,31.29945412307386,0,2,1
2023-03-23,26.0,0.0,11.4,47,128.0,660.9166666666666,36.762499999999996,8.491666666666667,73.20664149282099,24.402576040267938,3,206.67327145780288,13611.44578313253,106564.82250331195,1.92294840139338,0.2679335850717901,12,24.79185938734995,0,2,0
2023-03-24,26.2,0.0,14.1,56,118.0,397.375,20.158333333333335,8.054166666666667,70.14563557139633,10.847305292700327,4,259.5571177627547,13612.814895947426,106762.90540808393,2.147161525672328,0.29854364428603675,12,24.034547477741246,0,2,0
2023-03-25,24.7,1.3,14.4,65,90.0,447.3333333333333,25.620833333333334,8.075000000000001,71.60564273113691,18.462692201586243,5,120.39477569405737,13614.184008762322,107022.82203775065,2.434855851304823,0.2839435726886309,12,19.995606524778008,0,1,0
2023-03-26,25.8,0.4,10.7,58,147.0,421.25,21.26666666666667,8.704166666666667,73.52957660461392,11.173088033184904,6,94.0736621667499,13615.553121577217,106283.99912029624,0.7399748611180107,0.2647042339538608,12,21.788563466928554,0,2,0
2023-03-27,26.9,0.0,18.4,44,152.0,686.625,30.47083333333333,9.5875,77.9680091453784,25.008073161661223,0,275.45958493058816,13616.922234392114,107024.12857351033,1.8186243579759076,0.22031990854621597,12,26.509999929247424,0,2,0
2023-03-28,27.1,0.0,12.9,47,179.0,716.25,42.69166666666666,13.954166666666666,74.72326642400925,26.92912604454636,1,339.6800777327937,13618.29134720701,105231.11306683296,1.0462197651897887,0.2527673357599075,12,30.945990534135053,0,2,1
2023-03-29,25.7,5.7,12.2,67,113.0,480.7916666666667,28.724999999999998,19.029166666666665,70.34799758550729,24.562008100449155,2,205.1746948412925,13619.660460021905,106217.77084127512,1.7249967326826594,0.2965200241449272,12,24.593395836241037,0,2,0
2023-03-30,25.7,0.6,18.7,57,149.0,667.7083333333334,40.46666666666667,11.208333333333334,68.83148745371864,29.519473275959907,3,295.2170466139801,13621.029572836802,106108.6148175781,1.2423560568381289,0.3116851254628137,12,30.11281568755799,0,2,0
2023-03-31,25.6,0.2,13.7,58,134.0,623.875,30.570833333333336,9.85,77.14308475195286,17.45850929424725,4,268.3264171872516,13622.398685651699,105936.77382842528,2.485055446643036,0.2285691524804715,12,24.222379312296262,0,2,0
2023-04-01,25.1,1.5,15.0,59,121.0,679.7916666666666,41.99583333333333,12.004166666666668,70.62005042584676,22.407812111327694,5,129.07246141763903,13623.767798466593,106448.93002893424,1.8493651258977999,0.2937994957415324,12,23.226605917297906,0,2,0
2023-04-02,26.4,0.0,12.3,52,133.0,486.7916666666667,30.6875,6.9375,72.4514674000119,16.485868687628653,6,121.21389880010186,13625.13691128149,106742.16304542709,2.3859791210423786,0.27548532599988107,12,22.471718059142766,0,2,0
2023-04-03,26.1,0.0,15.6,56,112.0,364.3333333333333,17.425,8.0,76.60020839609821,16.785969886391285,0,215.31179492596831,13626.506024096385,106893.49867394844,2.103926918754846,0.23399791603901787,12,21.684068862648598,0,2,0
2023-04-04,24.3,0.6,16.3,68,114.0,395.875,20.254166666666666,10.6875,70.66662218054545,11.88946177356947,1,219.46702827979746,13627.875136911282,106655.48766666153,2.2669624267920905,0.29333377819454554,12,22.952773177467737,0,2,0
2023-04-05,26.0,0.0,14.0,53,138.0,402.5,18.9875,11.137500000000001,73.52150202458384,7.907283205668296,2,292.4274109133851,13629.244249726178,106195.0831689771,2.05460607331522,0.2647849797541616,12,24.638190091742796,0,2,0
2023-04-06,25.8,0.2,14.4,59,142.0,444.0833333333333,25.258333333333336,10.3875,67.64389802032719,16.897356758106337,3,266.2195132392818,13630.613362541073,106705.318733699,1.2019819129021874,0.32356101979672813,12,27.50582437240343,0,2,0
2023-04-07,25.9,0.0,16.8,54,95.0,328.0416666666667,17.358333333333334,15.654166666666667,72.84452942419514,19.53563906639943,4,155.9357736053714,13631.98247535597,106575.83397557438,0.7042922880325224,0.2715547057580485,12,20.8457025048088,0,1,0
2023-04-08,25.5,0.0,19.9,49,80.0,304.75,15.862499999999999,7.041666666666667,77.27912773657015,15.632035249216488,5,85.41066072985984,13633.351588170866,106974.5998254795,0.9887684210812533,0.2272087226342986,12,16.469280181008624,0,1,0
2023-04-09,25.2,0.0,13.6,50,82.0,289.5,14.262500000000001,5.825,69.52802506587332,9.279265913743803,6,62.563158012966014,13634.720700985761,106887.92070633979,0.14856695833588107,0.3047197493412668,12,17.524745527558892,0,1,0
2023-04-10,26.2,0.0,21.1,54,66.0,252.54166666666666,12.766666666666667,4.070833333333334,78.4618989518416,7.56363684531866,0,128.38721906858845,13636.089813800658,106507.5711751969,1.3575836019152012,0.21538101048158398,12,14.783720222617086,0,1,0
2023-04-11,26.3,0.0,14.6,45,75.0,263.1666666666667,11.4,6.016666666666667,76.17144880429328,13.123368869433909,1,93.75365887251776,13637.458926615553,106036.5870785185,1.312138720648981,0.23828551195706726,12,16.242143866577457,0,1,0
2023-04-12,26.6,0.0,19.2,35,99.0,236.16666666666666,8.729166666666666,6.7875000000000005,77.25995981766859,3.443691567580407,2,244.03019417435445,13638.82803943045,106151.61911704563,1.3606011155931717,0.2274004018233141,12,19.149169673323573,0,1,0
2023-04-13,27.1,0.0,20.5,33,111.0,261.1666666666667,9.700000000000001,9.104166666666666,75.34565653625864,9.81860434111764,3,210.42052189788419,13640.197152245346,106196.08012850519,2.437674939932953,0.24654343463741357,12,20.84750412824774,0,2,0
2023-04-14,27.4,0.0,21.7,31,128.0,285.0416666666667,10.674999999999999,19.545833333333334,79.05656171989537,18.35168833644184,4,271.77753607835376,13641.56626506024,106306.22225472862,2.2874896082916143,0.20943438280104631,12,23.43133545606474,0,2,0
2023-04-15,27.0,0.0,18.8,33,148.0,325.0416666666667,11.966666666666667,14.358333333333334,73.10089801059162,16.80307283052177,5,201.23135432838296,13642.935377875137,106590.76124884415,0.4881106679922592,0.2689910198940838,12,24.974818607968437,0,2,0
2023-04-16,27.0,0.0,15.0,31,108.0,289.375,10.166666666666666,12.0375,72.88237783549899,11.636829920427353,6,144.0730810562525,13644.304490690032,106807.20384347586,0.985318051734134,0.2711762216450101,12,20.322272758539455,0,2,0
2023-04-17,27.2,0.0,17.1,34,143.0,309.4166666666667,9.629166666666666,14.220833333333333,73.33919001212912,14.61873970178419,0,274.814932891768,13645.673603504929,106416.9379152667,1.1174948307118286,0.2666080998787088,12,25.697352609464254,0,2,0
2023-04-18,27.9,0.0,17.0,33,126.0,302.9583333333333,8.991666666666667,14.975,75.87319211614556,7.247101273094364,1,264.6762619294324,13647.042716319826,106443.44026908715,0.9652790028439546,0.2412680788385444,12,22.438632794709136,0,2,0
2023-04-19,28.1,0.0,15.8,38,128.0,366.6666666666667,10.529166666666667,16.241666666666667,73.79544028130282,14.59567142966512,2,252.21380048928768,13648.41182913472,106499.91164099946,2.016390312649391,0.26204559718697185,12,24.054994639844672,0,2,0
2023-04-20,28.1,0.0,10.4,42,161.0,439.0833333333333,13.795833333333334,13.829166666666666,72.11236676481553,18.187609470996737,3,286.96948493266103,13649.780941949617,106163.18644529583,1.3576904076822087,0.2788763323518446,12,28.103821089858073,0,2,0
2023-04-21,27.6,0.0,8.8,50,115.0,677.6666666666666,34.24583333333333,11.366666666666667,71.44203324877297,20.923534563902628,4,231.98409111990196,13651.150054764512,105951.32358640306,1.4730395607319002,0.28557966751227026,12,24.39560203235154,0,2,0
2023-04-22,27.5,0.0,10.1,51,164.0,812.5,43.02916666666667,8.304166666666667,69.1483963297962,26.19320266476879,5,180.27776016570917,13652.519167579409,105529.18137993172,2.147232541571021,0.308516036702038,12,28.270016704090644,0,2,0
2023-04-23,27.2,0.0,13.4,55,146.0,517.125,20.354166666666668,8.341666666666667,67.08957891280123,17.623117502408093,6,117.65971800601005,13653.888280394305,106052.20626291119,2.0342275681968607,0.3291042108719877,12,25.089788311641044,0,2,0
2023-04-24,27.1,0.1,17.6,57,110.0,345.875,7.491666666666667,9.708333333333334,81.53830697274776,10.503602397426706,0,170.98888071314033,13655.2573932092,106629.23428194605,0.4173076547687192,0.18461693027252235,12,18.233825882052482,0,2,0
2023-04-25,26.3,2.1,15.8,65,91.0,271.5833333333333,9.579166666666667,16.099999999999998,71.31454705843487,15.760974646323044,1,175.93257098629954,13656.626506024097,106034.08644965492,1.8133950018007223,0.28685452941565126,12,20.858433499143988,0,1,0
2023-04-26,26.2,0.8,14.4,62,86.0,330.25,17.220833333333335,12.820833333333333,73.24837920881637,13.273052304146166,2,134.0066484554723,13657.995618838992,106259.51926332427,1.1450467093648853,0.2675162079118363,12,18.716577052086457,0,1,0
2023-04-27,27.0,0.1,16.4,59,84.0,292.7083333333333,11.516666666666666,12.395833333333334,72.96637093772321,13.199749494245193,3,155.0183304828742,13659.364731653888,106604.51903910594,0.8071573673500011,0.27033629062276787,12,19.0704177524773,0,1,0
2023-04-28,26.9,0.3,16.6,59,84.0,308.3333333333333,15.145833333333334,17.775000000000002,79.49969750777777,20.122731842101,4,175.67338783915315,13660.733844468785,106624.52875697367,0.22004517016524722,0.20500302492222233,12,18.561968280764884,0,1,0
2023-04-29,24.9,4.5,18.2,70,78.0,325.2916666666667,15.616666666666667,11.029166666666667,76.72020128683188,15.02633554957197,5,96.53870596773376,13662.10295728368,105817.29819604184,1.2693989448290823,0.2327979871316812,12,16.628664065740907,0,1,0
2023-04-30,24.8,17.8,11.4,74,80.0,347.9166666666667,17.279166666666665,10.424999999999999,88.11096829069494,13.15832285797486,6,61.55736859960015,13663.472070098576,106848.47491371424,0.9530480337388753,0.11889031709305053,12,12.371605313479748,0,1,0
2023-05-01,23.3,3.8,13.7,78,77.0,324.8333333333333,17.087500000000002,4.983333333333333,74.97603750302453,12.037232546205713,0,200.13720740361006,13664.841182913471,106906.50089352769,0.7036312952233619,0.2502396249697547,12,18.7055177790957,0,1,0
2023-05-02,23.9,2.5,10.2,80,63.0,344.4166666666667,20.883333333333333,6.020833333333333,78.96597664889521,15.46549603857652,1,150.05231800360627,13666.210295728368,105770.7815336032,1.7672121510326981,0.2103402335110479,12,16.04107777119004,0,1,0
2023-05-03,22.9,5.2,14.6,82,84.0,460.4166666666667,29.683333333333334,5.416666666666667,74.53861178696097,10.609342830934231,2,138.90914999830557,13667.579408543264,105916.66864075445,1.9467649295574088,0.25461388213039027,12,17.888000888517954,0,1,0
2023-05-04,24.1,1.0,18.4,75,105.0,460.125,28.379166666666666,8.6875,83.73059651109355,21.804722194867693,3,193.65736174853797,13668.94852135816,106917.01303051067,0.6874948456706195,0.16269403488906453,12,19.374676610872847,0,2,0
2023-05-05,23.5,0.7,11.4,77,79.0,372.5,24.40416666666667,5.991666666666667,71.57960632388195,13.632485783956785,4,153.73987714125352,13670.317634173056,106240.92154167246,0.2186738480304334,0.2842039367611805,12,19.175788513254002,0,1,0
2023-05-06,23.8,8.7,11.5,77,88.0,446.0416666666667,30.120833333333334,5.3500000000000005,80.3192828409081,17.983136466387357,5,85.31040546585173,13671.686746987953,105197.33994193672,2.137006481356564,0.19680717159091898,12,16.467893727002707,0,1,0
2023-05-07,23.1,4.1,14.8,84,87.0,329.9583333333333,22.412499999999998,3.4875000000000003,79.8251075237284,15.707574104269018,6,51.4985585775213,13673.055859802847,105600.26877665884,0.12390337889032797,0.201748924762716,12,15.528575030072256,0,1,0
2023-05-08,23.7,19.8,9.6,83,76.0,383.7916666666667,24.90833333333333,4.254166666666666,85.775196389806,9.747895574975269,0,145.44433381518508,13674.424972617744,106168.30532980149,2.349069985411533,0.14224803610194003,12,13.958512095608192,0,1,0
2023-05-09,24.7,9.6,13.1,78,77.0,413.2916666666667,24.425,4.3125,79.24884936448917,11.919593659384027,1,136.52239529860853,13675.79408543264,105704.34943060798,1.6062876975584943,0.2075115063551083,12,16.133732145533024,0,1,0
2023-05-10,25.7,0.0,11.8,73,101.0,403.2916666666667,26.5,5.220833333333333,74.4307172010663,14.249770579039554,2,216.3065204805041,13677.163198247536,106072.0394837946,0.8724319244831686,0.255692827989337,12,21.204380836146125,0,2,0
2023-05-11,25.3,6.7,12.0,74,121.0,529.5833333333334,32.604166666666664,6.970833333333332,76.80524588791644,16.908322769960048,3,237.67564429060877,13678.532311062432,106287.83008931715,0.6915469829841668,0.2319475411208356,12,22.71818753493125,0,2,0
2023-05-12,26.0,0.2,15.1,69,129.0,543.4166666666666,31.116666666666664,6.116666666666667,73.04199199348604,23.64397639417709,4,298.37828770422897,13679.901423877327,106995.63989785526,0.1216135942347406,0.26958008006513967,12,26.63156461516533,0,2,0
2023-05-13,25.3,2.1,18.1,77,122.0,354.875,15.225,3.6999999999999997,78.59551646717965,7.765933718519621,5,129.35226467851794,13681.270536692224,106112.16625108654,0.6651314008261051,0.2140448353282035,12,18.713280411194404,0,2,0
2023-05-14,26.2,0.0,19.2,67,82.0,423.0833333333333,25.679166666666664,4.0125,84.74209200636541,12.675442994872734,6,83.3073122138402,13682.63964950712,106786.54472234935,0.4305479236411387,0.1525790799363459,12,13.884835091598092,0,1,0
2023-05-15,26.2,0.0,16.7,65,90.0,581.2916666666666,33.229166666666664,5.2749999999999995,73.27003285996867,19.559833761475595,0,174.64908433284603,13684.008762322015,106957.53451694391,1.5691989297355495,0.2672996714003133,12,20.745946892887662,0,1,0
2023-05-16,26.3,0.0,11.9,62,112.0,734.0416666666666,48.074999999999996,7.204166666666667,68.9207880816837,22.4789680884384,1,208.9164364979207,13685.377875136912,106953.1898839641,0.49970941262512314,0.3107921191831631,12,24.71393751871906,0,2,0
2023-05-17,27.4,0.0,11.0,51,144.0,746.375,51.00416666666666,8.966666666666667,72.44687180659498,26.957957864731206,2,265.3645608521425,13686.746987951807,106371.29295934338,1.3687116100878864,0.2755312819340502,12,27.696923354774032,0,2,0
2023-05-18,27.8,0.1,12.3,54,133.0,469.6666666666667,27.09583333333333,6.691666666666666,83.70883735061727,17.792776450417193,3,271.5904133155194,13688.116100766703,105240.15170209366,1.51627941362673,0.1629116264938273,12,22.298073528687787,0,2,0
2023-05-19,27.7,0.0,19.3,55,123.0,395.5833333333333,22.708333333333332,6.175,70.63530172812108,13.4747521201858,4,262.8499175146411,13689.4852135816,106445.08932207762,0.8153000760325948,0.2936469827187892,12,24.697620649884367,0,2,0
2023-05-20,26.6,0.1,14.0,66,110.0,422.7083333333333,26.670833333333334,5.395833333333333,81.09646722177628,15.185672756633487,5,144.71935501423476,13690.854326396495,106731.757446645,0.18415587764492491,0.1890353277822372,12,18.54329784724683,0,2,0
2023-05-21,24.7,7.3,13.1,77,130.0,470.0833333333333,26.491666666666664,5.783333333333334,83.13080325630577,14.53033699598822,6,100.55847976344145,13692.223439211391,106159.90456338305,0.18940931347407064,0.16869196743694237,12,18.35147916777533,0,2,0
2023-05-22,24.9,1.6,11.4,75,137.0,454.375,23.054166666666664,5.0625,71.57564703316802,9.954089072457698,0,222.2143106695561,13693.592552026286,107065.61066450093,0.16323359726540226,0.2842435296683198,12,24.054705464309368,0,2,0
2023-05-23,25.6,1.0,11.3,70,155.0,520.2083333333334,28.22083333333333,7.804166666666667,74.92593231674111,19.31561296735105,1,290.8610045101578,13694.961664841183,106616.11612355956,1.873899201127711,0.25074067683258894,12,27.086782340283477,0,2,0
2023-05-24,25.3,6.6,14.5,74,124.0,421.7916666666667,19.233333333333334,7.266666666666667,82.95358649251415,19.61271588160839,2,239.31957225220006,13696.33077765608,106463.21664476478,0.8632232915543154,0.17046413507485847,12,21.522222879531018,0,2,0
2023-05-25,25.2,1.4,18.2,74,118.0,304.25,11.112499999999999,5.508333333333333,73.14348903605004,9.736454892350315,3,191.11559986365302,13697.699890470974,106715.15092515384,2.0111204463223924,0.26856510963949953,12,21.599733520310593,0,2,0
2023-05-26,25.2,0.0,15.9,73,72.0,290.1666666666667,15.033333333333333,4.554166666666666,75.58567855959056,10.819959018409316,4,151.00310382699232,13699.069003285871,106331.52610854391,1.136158777222838,0.24414321440409437,12,17.007352361424076,0,1,0
2023-05-27,25.5,0.5,12.9,72,73.0,453.6666666666667,27.65833333333333,5.004166666666666,74.22327634420542,17.914834932017243,5,53.829896238630006,13700.438116100766,104911.31654657834,1.1871954419919133,0.25776723655794587,12,16.60684026131356,0,1,0
2023-05-28,26.4,0.0,11.5,65,82.0,428.5833333333333,28.541666666666668,5.4750000000000005,71.84097307722854,12.325341843693234,6,51.39905155060255,13701.807228915663,105901.03293390336,1.330918246022977,0.2815902692277146,12,17.064490384397473,0,1,0
2023-05-29,26.6,1.8,13.6,63,119.0,432.1666666666667,25.6375,6.5125,72.17288981973597,21.027960641055486,0,227.61822496553748,13703.17634173056,106742.06703662503,1.8112754953002494,0.27827110180264025,12,24.38469164954828,0,2,0
2023-05-30,24.1,36.6,16.5,81,118.0,456.0833333333333,23.28333333333333,6.816666666666666,83.84423893295097,16.242819722601737,1,242.17581040555788,13704.545454545454,105732.56796631448,0.7564068779912969,0.16155761067049024,12,20.386667486616126,0,2,0
2023-05-31,24.5,20.3,9.9,79,116.0,476.0,26.325,6.754166666666666,82.45633387303691,21.60557069726733,2,218.36246469226268,13705.91456736035,106017.5079971077,0.3918096388804646,0.17543666126963087,12,20.991184736524282,0,2,0
2023-06-01,25.1,3.1,10.9,77,111.0,380.6666666666667,18.554166666666667,4.695833333333334,72.61010707576543,9.9913176800947,3,179.4447138184609,13707.283680175246,105599.70670613718,1.4345376044595077,0.2738989292423457,12,21.074559805653795,0,2,0
2023-06-02,25.1,0.0,18.3,75,89.0,394.75,22.787499999999998,4.470833333333333,76.48514364716299,18.92043576767347,4,166.35192896947976,13708.652792990142,107006.96677405214,0.8847462957825742,0.2351485635283701,12,19.449560850391723,0,1,0
2023-06-03,25.8,0.4,16.9,72,93.0,333.0416666666667,17.495833333333334,5.320833333333334,69.28641741518548,14.097133148771016,5,104.13463508117373,13710.021905805039,106948.63231852281,1.16197915280329,0.30713582584814514,12,19.921337449383483,0,1,0
2023-06-04,25.1,0.0,18.4,76,89.0,387.5833333333333,21.754166666666666,4.495833333333334,76.87352092885783,14.75870359089041,6,92.99036983290583,13711.391018619934,105658.83225560597,1.652672100009533,0.2312647907114217,12,17.24155665663433,0,1,0
2023-06-05,25.6,0.1,16.7,70,82.0,276.1666666666667,15.866666666666667,3.795833333333333,79.2741158464357,10.501240029726112,0,166.16491382688648,13712.76013143483,106167.29631673341,1.2859017787390494,0.2072588415356429,12,16.856249527065938,0,1,0
2023-06-06,26.1,0.3,19.1,68,76.0,245.91666666666666,15.3375,3.35,68.34505742971419,8.324830812443318,1,138.26936529036064,13714.129244249727,105746.2809060194,1.588669161042023,0.31654942570285816,12,18.830594698759455,0,1,0
2023-06-07,26.1,0.0,16.5,70,63.0,214.08333333333334,11.704166666666666,3.141666666666667,78.34622627939028,11.138678308754951,2,99.78015148030434,13715.498357064622,106386.88086277965,1.406080005072707,0.21653773720609726,12,14.572536892102244,0,1,0
2023-06-08,26.0,0.0,17.3,68,56.0,183.45833333333334,11.070833333333333,3.0083333333333333,82.11067596989317,7.381912942877474,3,106.15687275732667,13716.867469879518,106327.13069524767,1.875511292646638,0.17889324030106835,12,12.517221605610205,0,1,0
2023-06-09,25.0,5.5,20.3,73,39.0,183.83333333333334,10.695833333333333,3.220833333333333,75.41143592523518,1.0783742225718767,4,65.429300587483,13718.236582694415,106471.02255579569,1.794247882507888,0.24588564074764818,12,11.576911367564888,0,0,0
2023-06-10,24.6,0.7,25.9,74,39.0,166.91666666666666,9.820833333333333,2.9583333333333335,85.02028954735081,3.03885728154566,5,36.43494722277595,13719.60569550931,106224.00960720553,1.3820557403406861,0.14979710452649186,12,8.408440672482124,0,0,0
2023-06-11,24.9,0.2,23.1,73,31.0,166.375,9.754166666666666,2.7708333333333335,80.20607603746419,5.694962743421757,6,54.40552180874075,13720.974808324207,107518.63409990836,1.7293672500632966,0.1979392396253581,12,10.050532036448821,0,0,0
2023-06-12,24.6,13.0,19.0,77,38.0,181.25,11.262500000000001,3.35,80.47995257696635,8.131246949496665,0,84.94230857131535,13722.343921139101,105529.8497275713,2.1965430454542707,0.19520047423033648,12,11.4345474407609,0,0,0
2023-06-13,24.5,1.8,19.1,76,40.0,177.66666666666666,10.4,2.9583333333333335,78.49692368936917,6.501901199966979,1,81.15948624502903,13723.713033953998,105181.39054622095,1.1374510906916047,0.2150307631063083,12,11.849397798084878,0,0,0
2023-06-14,24.7,1.1,21.0,73,45.0,192.45833333333334,12.454166666666666,2.904166666666667,80.42330765008688,11.060245702714322,2,62.31161997774554,13725.082146768895,105833.02773645103,1.0906313745971048,0.19576692349913116,12,11.928276959935994,0,0,0
2023-06-15,25.5,0.0,17.7,68,51.0,174.5,9.566666666666666,3.341666666666667,77.75402156564965,0.7666944078841267,3,96.02793134941318,13726.45125958379,105238.45931738416,1.9341894900457124,0.22245978434350344,12,12.279356318475987,0,1,0
2023-06-16,26.0,0.0,19.5,65,52.0,166.875,8.108333333333333,4.329166666666667,79.55502396978548,7.12951380951548,4,130.45314581575053,13727.820372398686,105269.10292852385,1.4981292089007858,0.20444976030214523,12,13.45198279680669,0,1,0
2023-06-17,25.2,0.2,17.8,69,56.0,172.20833333333334,8.166666666666666,4.425,73.59730562768253,1.373145657171868,5,59.68732668468929,13729.189485213581,105507.55734979038,0.2704162725342125,0.2640269437231747,12,13.240526693964808,0,1,0
2023-06-18,24.8,1.0,22.2,73,56.0,173.70833333333334,8.691666666666666,4.141666666666667,78.27744329614433,9.10872021978584,6,77.4222817997343,13730.558598028478,105540.0008375361,2.241068837658595,0.21722556703855678,12,13.351520680119263,0,1,0
2023-06-19,24.1,2.4,18.1,78,57.0,223.0,13.137500000000001,6.175,72.45514201238008,9.592873856673993,0,128.45490579036414,13731.927710843374,105516.66685263942,0.17387944537033634,0.2754485798761992,12,16.261486590594355,0,1,0
2023-06-20,22.8,18.5,14.8,89,61.0,290.8333333333333,19.379166666666666,7.495833333333334,83.90509575460521,14.478413249405689,1,152.22465664286946,13733.29682365827,106245.96599219971,1.8961512549033834,0.16094904245394792,12,14.314726393886678,0,1,0
2023-06-21,23.9,13.6,12.5,83,69.0,263.125,15.0625,6.3125,78.37436943414083,8.345851118230701,2,140.65486253062707,13734.665936473166,105726.64259979686,1.921105942490351,0.21625630565859166,12,15.382664088104898,0,1,0
2023-06-22,23.6,3.7,17.9,81,70.0,245.625,14.004166666666668,5.208333333333333,75.03788022964093,13.620894794973253,3,137.74783399612025,13736.03504928806,105882.86045626584,2.387466604676633,0.2496211977035907,12,17.186726830276115,0,1,0
2023-06-23,23.7,0.5,18.6,80,60.0,216.5,13.216666666666667,4.329166666666667,82.14437270084176,11.852673992176554,4,154.2837457666218,13737.404162102957,106412.61474431508,0.22992258016556982,0.1785562729915824,12,14.420264203906392,0,1,0
2023-06-24,23.4,3.6,23.4,80,52.0,171.5,10.133333333333333,2.8625000000000003,83.20524048237708,8.223132909035662,5,71.34787874137952,13738.773274917854,105575.21770803645,1.5324564658827784,0.16794759517622926,12,11.338855366469817,0,1,0
2023-06-25,23.4,0.9,19.8,80,44.0,198.45833333333334,12.8375,3.2416666666666667,80.5965524836287,7.392281592743012,6,29.575317844195748,13740.142387732749,105818.98663443734,1.126817369504927,0.19403447516371297,12,10.601382850706758,0,0,0
2023-06-26,23.6,0.2,22.0,76,44.0,188.375,11.879166666666668,3.0749999999999997,73.51074894130969,9.032071855885397,0,70.22914326944277,13741.511500547645,106127.0201901987,0.8935190916629008,0.2648925105869031,12,13.786168961378758,0,0,0
2023-06-27,23.2,2.3,23.7,80,41.0,196.41666666666666,10.554166666666667,3.8541666666666665,77.6043662012208,5.3222389627046205,1,84.72109907547478,13742.88061336254,104966.23691020468,0.31676454471777526,0.22395633798779202,12,12.08144796554895,0,0,0
2023-06-28,23.7,2.4,23.7,77,36.0,188.0,8.525,3.0749999999999997,84.01239079991673,8.849166977062136,2,44.38877156107563,13744.249726177437,104737.44866940203,1.4503698872111421,0.15987609200083275,12,9.531433237805814,0,0,0
2023-06-29,23.4,9.1,27.0,78,32.0,194.29166666666666,9.004166666666666,3.579166666666667,82.60686765455962,11.74010934963843,3,54.73482169271614,13745.618838992334,106095.84070163874,1.2496977416190729,0.17393132345440376,12,10.3136525399322,0,0,0
2023-06-30,24.2,1.7,24.6,74,31.0,193.375,9.525,3.5583333333333336,88.40731815992679,10.138081679937558,4,87.03094236460507,13746.987951807228,106161.66979088585,0.35093069956245826,0.11592681840073216,12,8.909135651304698,0,0,0
2023-07-01,24.5,0.7,19.4,73,36.0,210.79166666666666,10.954166666666666,3.5,80.05327135757749,5.305359257244438,5,0.0,13748.357064622125,106940.65333139116,1.5699748170330001,0.19946728642422518,12,9.29982248131342,0,0,0
2023-07-02,23.8,4.7,22.0,78,42.0,195.375,9.75,3.345833333333333,80.54819646596013,7.970501951819309,6,68.4896420358903,13749.72617743702,105980.4713152609,1.8710874886070523,0.1945180353403987,12,11.340909193702661,0,0,0
2023-07-03,23.2,8.3,23.6,82,31.0,181.20833333333334,8.945833333333333,2.8874999999999997,80.53353414319001,2.34890870205739,0,78.24748437406319,13751.095290251917,106304.17434931907,1.9414679225287559,0.1946646585680999,12,9.927225749832868,0,0,0
2023-07-04,22.1,14.9,26.8,88,25.0,188.08333333333334,9.275,3.283333333333333,85.24416361912914,8.35050426686036,1,39.554707683390475,13752.464403066813,105789.44878225958,2.272895651829826,0.14755836380870857,12,8.22042070795812,0,0,0
2023-07-05,21.8,12.3,31.5,89,22.0,179.125,9.258333333333333,3.125,83.21012065447783,7.795560238587616,2,53.76781655743619,13753.833515881708,106028.67932820765,1.0827297805330653,0.16789879345522163,12,8.821654170593517,0,0,0
2023-07-06,21.3,15.3,26.9,90,20.0,176.45833333333334,9.016666666666667,3.045833333333333,87.95243470675436,0.6876343147368411,3,36.06295453812653,13755.202628696605,106706.57475165243,2.3873746446931285,0.12047565293245643,12,5.838673825946748,0,0,0
2023-07-07,22.4,4.9,28.0,85,29.0,174.375,7.9750000000000005,3.0541666666666667,84.33680926717832,2.4833984682629087,4,85.49980736877366,13756.571741511501,104803.83053507737,2.1770305721984466,0.15663190732821675,12,8.811463137461411,0,0,0
2023-07-08,22.3,1.8,24.7,84,23.0,205.20833333333334,11.325000000000001,3.9,76.4260421579682,6.940166643102033,5,47.25366285539883,13757.940854326396,106065.51568628858,0.8116037704574537,0.235739578420318,12,10.668285606182822,0,0,0
2023-07-09,22.9,4.6,20.5,83,27.0,218.08333333333334,12.733333333333333,3.9916666666666667,75.1650681857689,7.493254091910855,6,0.0,13759.309967141293,106919.38153590396,0.48227928963870037,0.24834931814231098,12,10.464467658055957,0,0,0
2023-07-10,22.6,4.3,18.7,86,38.0,243.0,14.658333333333333,4.5625,72.4751785075868,5.936569193743583,0,80.14524826928353,13760.679079956188,105985.48589383249,1.1449345507072322,0.275248214924132,12,13.410836792171166,0,0,0
2023-07-11,22.4,0.7,18.4,86,45.0,232.125,14.049999999999999,4.175,80.06196530765017,10.208186188056551,1,83.63744292713504,13762.048192771084,106662.63587920678,1.06455689909432,0.19938034692349826,12,12.335387194456132,0,0,0
2023-07-12,23.0,1.7,17.6,84,45.0,243.66666666666666,14.016666666666666,4.395833333333333,74.0165335753045,10.033587493488202,2,89.406651410362,13763.417305585981,105515.62393618817,1.4817263327948904,0.2598346642469549,12,14.238211079639118,0,0,0
2023-07-13,21.9,6.2,21.1,89,44.0,201.16666666666666,11.075000000000001,3.9791666666666665,71.66843762819008,7.13885927073111,3,64.63656198060369,13764.786418400876,105807.0868772336,1.5001269575865952,0.28331562371809926,12,13.943028841764715,0,0,0
2023-07-14,22.7,2.4,22.7,84,24.0,182.0,9.5875,3.5541666666666667,81.31431441812384,4.56137549952491,4,85.36274138241671,13766.155531215772,105832.75358887228,1.8999687625119406,0.18685685581876155,12,9.677166827139917,0,0,0
2023-07-15,23.2,0.6,23.6,81,26.0,190.0,10.5875,3.4791666666666665,88.91199806973115,10.30987137924969,5,52.00123639805152,13767.52464403067,104700.07631136115,1.3237358756934645,0.11088001930268843,12,7.732906013929138,0,0,0
2023-07-16,23.3,1.3,18.6,81,32.0,198.625,10.762500000000001,3.5041666666666664,78.89571635384043,12.283721339264886,6,14.004576720540651,13768.893756845564,105217.66355047797,0.35157433825783735,0.21104283646159572,12,10.693934829148418,0,0,0
2023-07-17,23.2,2.5,23.2,79,32.0,182.125,8.549999999999999,3.0583333333333336,82.75396309780658,4.7705655484603895,0,30.90778786179534,13770.26286966046,105246.19553807362,2.159899205327455,0.1724603690219343,12,8.747551660162992,0,0,0
2023-07-18,23.6,0.8,31.0,75,29.0,155.29166666666666,6.845833333333334,2.6416666666666666,79.19731743419025,3.355165915202204,1,48.83654738044304,13771.631982475355,106198.54673014442,0.8434349996444489,0.2080268256580975,12,9.750810604632115,0,0,0
2023-07-19,22.8,1.1,32.4,76,24.0,137.41666666666666,6.158333333333334,2.279166666666667,78.84444138723542,6.062789662902656,2,55.49005292182612,13773.001095290252,106216.47085733272,2.431113904735821,0.2115555861276458,12,10.045887091701294,0,0,0
2023-07-20,23.1,1.6,39.3,75,25.0,135.45833333333334,5.108333333333333,1.9875,83.06630593195108,3.005495194092375,3,49.80411687892446,13774.370208105149,105935.2931392065,0.3828642608314483,0.1693369406804892,12,8.277014837107021,0,0,0
2023-07-21,23.1,2.3,34.6,77,25.0,142.58333333333334,5.495833333333334,2.0500000000000003,78.5089018232454,3.8863917313436307,4,77.56265649536488,13775.739320920044,106178.20697964363,2.399802813358008,0.21491098176754608,12,10.331541342635225,0,0,0
2023-07-22,22.4,8.4,31.4,83,23.0,143.75,6.616666666666667,2.408333333333333,83.2795692562876,7.086459455174014,5,43.39839444361705,13777.10843373494,105676.96143821742,0.31842833651804076,0.167204307437124,12,8.557066030262163,0,0,0
2023-07-23,22.1,9.7,31.4,87,21.0,165.83333333333334,8.154166666666667,2.7875,84.11679122478405,0.049015070811455175,6,38.29138051505814,13778.477546549835,106352.88259271062,0.6544867310729426,0.1588320877521595,12,7.008142503487664,0,0,0
2023-07-24,21.6,12.7,30.0,88,22.0,164.75,8.108333333333333,2.6958333333333333,81.3076381854278,9.652406974558009,0,46.13710801220875,13779.846659364732,105749.19159261943,0.2117918610076998,0.1869236181457219,12,9.518311750799535,0,0,0
2023-07-25,21.2,13.5,25.8,92,18.0,189.66666666666666,10.716666666666667,3.1916666666666664,88.46816939814609,7.24470823965469,1,7.314025395780195,13781.215772179628,105766.61000837931,1.792271551933588,0.1153183060185391,12,5.952535924419982,0,0,0
2023-07-26,20.8,19.3,25.6,92,19.0,171.91666666666666,9.408333333333333,2.904166666666667,86.07016097321836,5.049687232980126,2,33.13602937706197,13782.584884994523,105597.76228139727,2.1407169677723004,0.13929839026781632,12,6.9291253805227475,0,0,0
2023-07-27,22.3,2.3,28.2,81,22.0,157.79166666666666,7.3500000000000005,2.6333333333333333,76.79701936202864,5.09521420400232,3,60.80179479817331,13783.95399780942,106065.66445020922,1.141770596358353,0.2320298063797136,12,10.481212217955223,0,0,0
2023-07-28,22.8,1.5,29.3,77,24.0,159.5,7.183333333333334,2.670833333333333,81.5460393742816,5.239788065061556,4,49.36954142950708,13785.323110624315,105505.7204164471,2.328452980101831,0.1845396062571839,12,8.989547226064893,0,0,0
2023-07-29,22.9,1.0,28.2,77,27.0,165.54166666666666,7.508333333333333,2.8833333333333333,75.45612807283587,0.4443127563318914,5,42.46180737247494,13786.692223439211,106197.41612671514,1.516717772213439,0.2454387192716413,12,10.169044639048522,0,0,0
2023-07-30,23.0,0.7,26.8,77,31.0,184.29166666666666,9.495833333333334,3.279166666666667,78.84272462947652,11.143981349026374,6,21.525033695077337,13788.061336254108,105136.00648112064,1.6120171250716557,0.21157275370523476,12,10.619280487412544,0,0,0
2023-07-31,23.4,1.3,23.5,79,31.0,167.29166666666666,8.229166666666666,2.858333333333333,78.93352401342318,5.980643563478522,0,35.2037630291631,13789.430449069003,105145.5035374771,2.1290060840818477,0.21066475986576816,12,10.091114591078085,0,0,0
2023-08-01,23.5,0.4,27.2,76,31.0,148.5,7.0,2.504166666666667,82.95358226332631,6.416506391342126,1,57.983118719077794,13790.7995618839,106031.55565576698,0.8123204921244134,0.1704641773667369,12,9.40606365408498,0,0,0
2023-08-02,23.3,0.0,29.5,73,34.0,163.95833333333334,7.270833333333333,2.6333333333333333,80.1987929315198,8.255482645055462,2,72.48094886065307,13792.168674698794,105636.45078427477,0.9502377311863018,0.19801207068480198,12,11.00830349451544,0,0,0
2023-08-03,23.5,1.0,28.8,74,34.0,168.95833333333334,7.5249999999999995,2.716666666666667,78.59989216501943,2.5135959606524327,3,48.08624561077112,13793.537787513691,105446.65779685225,2.2742846060671464,0.21400107834980575,12,10.13879665680746,0,0,0
2023-08-04,23.2,1.1,26.7,78,34.0,185.125,9.129166666666666,3.1833333333333336,82.01106519680114,7.920415697105685,4,66.68577510286661,13794.906900328588,106111.51298452908,2.262312390493033,0.17988934803198864,12,10.298458297582842,0,0,0
2023-08-05,23.6,1.2,23.5,77,30.0,185.08333333333334,9.891666666666667,3.2708333333333335,84.54083019606925,5.977910060636953,5,17.210735160280347,13796.276013143482,105355.73402461084,2.44355866288209,0.1545916980393075,12,7.9786521534803745,0,0,0
2023-08-06,24.0,0.3,17.1,76,36.0,191.875,10.416666666666666,3.5083333333333333,80.55124122540745,9.68906232564948,6,54.78489835128192,13797.64512595838,105552.14471786625,2.2644119594600105,0.19448758774592545,12,10.903684948250824,0,0,0
2023-08-07,23.8,0.9,18.5,76,38.0,204.79166666666666,11.375,3.591666666666667,78.50141047937352,1.2337344056121804,0,62.510884848239314,13799.014238773276,106344.73993341454,0.4056928864800662,0.21498589520626477,12,10.544854713994557,0,0,0
2023-08-08,23.4,0.6,17.5,77,47.0,254.91666666666666,14.941666666666668,4.383333333333334,72.64265507059936,9.364383765942858,1,120.70511090252367,13800.38335158817,106407.57774464684,2.0769382867287693,0.2735734492940064,12,15.315963261762095,0,0,0
2023-08-09,23.8,1.1,15.0,77,52.0,299.125,16.416666666666668,5.1625000000000005,73.57954534769851,9.205288032648117,2,131.97495701081817,13801.752464403067,106417.08629023921,1.0836123474630257,0.26420454652301484,12,15.58642874080403,0,1,0
2023-08-10,24.0,0.5,13.7,77,59.0,296.125,16.429166666666667,5.5375000000000005,76.02910118258133,12.509288851902468,3,104.57908070556513,13803.121577217962,105482.70490999964,2.4779232542702507,0.23970898817418673,12,15.289244587122274,0,1,0
2023-08-11,24.3,0.6,15.0,74,72.0,424.9166666666667,21.983333333333334,7.520833333333333,74.20195119136287,16.766799228771273,4,131.03102534905298,13804.490690032859,106231.99986432138,1.2334743143891227,0.2579804880863713,12,17.915055033887892,0,1,0
2023-08-12,24.6,0.3,18.2,71,72.0,254.20833333333334,14.620833333333332,4.7124999999999995,75.77211478805823,7.632955648867253,5,44.68204244533326,13805.859802847755,105135.05261130733,1.4292065980053295,0.2422788521194177,12,14.346949759819283,0,1,0
2023-08-13,24.3,0.1,15.8,70,63.0,236.91666666666666,13.200000000000001,4.45,77.11659969958843,6.862645074138537,6,27.259258539464163,13807.22891566265,105148.95820119319,1.3714597966163165,0.2288340030041156,12,12.849602022033531,0,1,0
2023-08-14,24.5,0.4,15.0,70,61.0,285.875,15.404166666666667,4.929166666666666,79.22877101742692,10.105503894328011,0,82.32330350202679,13808.598028477547,104420.06232560458,0.8721688716598667,0.20771228982573076,12,13.663660348961661,0,1,0
2023-08-15,24.1,0.5,14.5,67,61.0,291.875,14.7125,4.925,76.86800488776365,7.597573318054375,1,146.5193925492301,13809.967141292444,106424.60496622857,0.2800530133430036,0.2313199511223636,12,15.279622382363664,0,1,0
2023-08-16,24.7,0.0,15.5,66,62.0,265.5833333333333,13.950000000000001,4.529166666666667,78.84600657530481,12.084284419689714,2,123.21649174453893,13811.336254107338,105149.0615541038,2.2495629529646046,0.21153993424695183,12,14.963170525252789,0,1,0
2023-08-17,24.7,0.6,20.6,69,58.0,222.91666666666666,11.683333333333332,4.0125,77.59789765924047,7.034045065324327,3,112.19209048183974,13812.705366922235,105510.66580213085,2.0264219500630882,0.22402102340759522,12,14.0795792716633,0,1,0
2023-08-18,24.3,1.1,23.0,68,51.0,181.33333333333334,8.654166666666667,3.2708333333333335,69.98813373458452,0.0,4,62.69157982129747,13814.07447973713,105111.65053440277,0.4348642733432062,0.30011866265415477,12,13.827391476050591,0,1,0
2023-08-19,23.0,7.3,25.2,79,34.0,181.20833333333334,8.5,3.1916666666666664,77.46265842472498,5.152617163467915,5,16.84067141565477,13815.443592552027,105907.27594289453,1.964243851240175,0.22537341575275027,12,10.25090847541579,0,0,0
2023-08-20,24.2,0.8,19.3,71,35.0,210.20833333333334,10.8125,3.625,77.99364977711353,4.405201870801416,6,49.24159552892574,13816.812705366923,105364.75710173332,1.6020319985214642,0.22006350222886473,12,10.697517258064668,0,0,0
2023-08-21,24.7,0.0,15.8,69,53.0,293.4583333333333,15.029166666666667,4.854166666666667,72.51122102863556,5.462005886950497,0,101.13548224765171,13818.181818181818,104893.04610023808,1.0819450910022934,0.27488778971364436,12,14.798644219404942,0,1,0
2023-08-22,24.9,0.8,12.1,71,55.0,280.875,16.1375,6.066666666666666,79.96971491998481,7.577720085332282,1,104.30589442628805,13819.550930996715,105759.16644091012,0.7096507578293505,0.20030285080015187,12,13.08186142533016,0,1,0
2023-08-23,25.1,0.0,11.7,67,58.0,288.5833333333333,15.9625,5.216666666666667,83.22300332937479,11.132808748832243,2,124.39684717200245,13820.92004381161,104814.3507597745,2.163349080405358,0.1677699667062521,12,13.25095725695245,0,1,0
2023-08-24,24.8,0.0,13.4,64,56.0,292.9583333333333,15.008333333333333,5.108333333333333,82.07504740678927,14.483005818078027,3,133.5159561227163,13822.289156626506,105105.39352288442,1.7804518223057273,0.1792495259321073,12,14.140255773129248,0,1,0
2023-08-25,24.9,0.0,13.9,64,54.0,279.5833333333333,14.575000000000001,5.058333333333334,76.44622851627916,11.142886754928274,4,108.97915072925898,13823.658269441403,104463.53244159167,1.4145757827259284,0.23553771483720842,12,14.697147472940673,0,1,0
2023-08-26,24.5,3.8,16.2,75,52.0,225.0,11.466666666666667,4.4125000000000005,84.8829045473998,6.517989835352781,5,63.787396053161395,13825.027382256298,104797.87855616845,1.562964481356314,0.15117095452600193,12,10.428575032146203,0,1,0
2023-08-27,25.0,0.1,11.9,71,46.0,278.1666666666667,16.279166666666665,5.366666666666667,78.33466982880846,12.253129252178773,6,45.2519383746261,13826.396495071194,105592.00281049003,0.31855883699723436,0.21665330171191544,12,12.462607206676799,0,0,0
2023-08-28,25.6,0.0,15.2,62,46.0,216.79166666666666,11.345833333333333,4.4125000000000005,76.35165611552785,6.8418957360096915,0,130.64219270547986,13827.76560788609,104513.35081994087,1.2374074261868606,0.23648343884472156,12,13.953631379852697,0,0,0
2023-08-29,25.4,0.7,16.1,66,43.0,198.91666666666666,10.508333333333333,4.241666666666666,75.67638934583624,5.602865559177233,1,41.8628747116195,13829.134720700986,104747.92659004402,0.5648807026856848,0.24323610654163763,12,11.9847705243581,0,0,0
2023-08-30,24.9,12.5,15.5,70,48.0,277.7916666666667,15.254166666666668,5.279166666666667,81.39012125404749,7.058578661967715,2,107.26446029577616,13830.503833515882,105480.19560765101,0.6001208296211809,0.18609878745952513,12,12.147039628996433,0,0,0
2023-08-31,23.9,8.8,10.4,80,58.0,327.75,17.4875,6.8500000000000005,79.06729272583507,7.378263579744842,3,102.10395502481872,13831.872946330777,105202.45723103343,1.6871295094884802,0.2093270727416493,12,13.488630819707579,0,1,0
2023-09-01,24.3,9.2,13.7,79,55.0,338.75,19.891666666666666,6.733333333333333,81.61166488950195,12.225228880321664,4,126.83543452368357,13833.242059145674,106463.15961042215,2.2870147644022913,0.18388335110498044,12,13.736993555671335,0,1,0
2023-09-02,23.4,11.8,19.6,84,52.0,239.0,12.637500000000001,4.8875,82.76229592419946,9.587910469760395,5,49.25254892010552,13834.611171960569,106376.97017881722,1.0690158651480317,0.17237704075800542,12,11.23454877160633,0,1,0
2023-09-03,23.7,0.0,15.8,73,52.0,224.58333333333334,11.762500000000001,4.308333333333334,77.41218408061367,8.069712323288664,6,45.820699382830995,13835.980284775465,105018.941287792,0.5985982552292569,0.22587815919386334,12,12.543215611965817,0,1,0
2023-09-04,22.8,1.2,26.6,76,56.0,220.41666666666666,11.762500000000001,4.020833333333333,79.4277526789854,6.89751588282459,0,115.0282115893099,13837.349397590362,105724.35194173186,1.65699264936797,0.20572247321014603,12,13.426865810514265,0,1,0
2023-09-05,22.1,1.5,20.2,78,56.0,227.04166666666666,11.041666666666666,3.6,82.56258509914537,4.905678484576324,1,171.45820402087682,13838.718510405257,105813.30502433238,2.1908489112407628,0.1743741490085463,12,13.316240323360375,0,1,0
2023-09-06,23.2,1.3,19.9,81,35.0,212.0,10.195833333333333,3.5500000000000003,82.5682165417653,9.133488575054905,2,84.41072378804142,13840.087623220154,105132.804930243,1.895965122693978,0.17431783458234706,12,10.737772799489475,0,0,0
2023-09-07,23.3,4.7,19.5,81,27.0,212.5,10.154166666666667,3.75,74.59040812620039,3.4698542401602457,3,31.63868803938983,13841.456736035048,104676.65420436863,2.185017353287809,0.2540959187379961,12,10.666129458951717,0,0,0
2023-09-08,23.4,2.1,23.9,80,29.0,185.58333333333334,8.204166666666667,3.1833333333333336,69.17431546039218,8.55516707486376,4,52.42480635954593,13842.825848849945,105411.15636132626,1.3877312104259185,0.3082568453960782,12,13.60947655030283,0,0,0
2023-09-09,23.6,1.1,21.7,79,27.0,188.58333333333334,8.5375,3.2375000000000003,82.8272796449571,3.3829322765531593,5,23.331717832322916,13844.194961664842,105323.76336193578,1.904502986486058,0.17172720355042903,12,8.015890304642301,0,0,0
2023-09-10,23.7,2.0,23.4,75,30.0,207.83333333333334,9.791666666666666,3.341666666666667,73.83248520633832,4.763527621274229,6,0.0,13845.564074479737,105185.18456422005,0.4361549424614475,0.26167514793661684,12,10.664783581289639,0,0,0
2023-09-11,23.4,1.6,20.4,78,29.0,212.29166666666666,9.970833333333333,3.3125,78.29093839242927,2.7013110948196353,0,45.59819616597125,13846.933187294633,105617.10586015016,0.9358590768716595,0.21709061607570734,12,9.85987906981359,0,0,0
2023-09-12,23.6,2.5,22.5,76,30.0,217.70833333333334,10.733333333333334,3.3958333333333335,74.81954789576257,5.930376892676424,1,73.15658163643491,13848.30230010953,105013.46323592764,1.034917994755654,0.2518045210423743,12,12.00682379790139,0,0,0
2023-09-13,23.0,4.1,21.7,80,33.0,211.75,10.504166666666666,3.7416666666666667,72.78207824967991,10.439687375433936,2,38.8653576184641,13849.671412924425,104805.70987900342,1.327109790990483,0.27217921750320084,12,12.818636783780399,0,0,0
2023-09-14,22.9,0.6,19.9,81,33.0,205.58333333333334,9.895833333333334,3.5875,80.75585091281914,8.723967598665203,3,80.36965302101186,13851.040525739321,105429.13075133045,2.3297832646163767,0.19244149087180862,12,10.999232926374274,0,0,0
2023-09-15,23.1,3.5,22.3,82,26.0,186.875,7.8,3.1958333333333333,83.1366206412106,9.061516336084106,4,64.35549642168675,13852.409638554218,105560.4549258025,2.198311744533218,0.168633793587894,12,9.525351186483173,0,0,0
2023-09-16,23.5,5.8,25.4,79,24.0,192.45833333333334,8.891666666666667,3.4333333333333336,78.81395839709312,8.21851097113514,5,14.115333560579243,13853.778751369113,104772.02802093058,0.42286118149404284,0.2118604160290688,12,9.550895797753919,0,0,0
2023-09-17,22.5,7.5,18.8,85,26.0,236.54166666666666,12.654166666666667,4.2124999999999995,71.33583083142037,5.378157181075558,6,20.56940725324305,13855.14786418401,105817.2764117387,0.5146951645179116,0.28664169168579634,12,11.637362472800085,0,0,0
2023-09-18,22.8,4.8,25.8,84,31.0,236.83333333333334,11.870833333333332,4.3,78.18502220699007,7.51721566035066,0,87.76643615282066,13856.516976998904,104460.87115071765,0.9583373190133871,0.21814977793009926,12,11.597404410011992,0,0,0
2023-09-19,23.4,1.0,17.3,78,38.0,268.2916666666667,14.666666666666666,4.483333333333333,80.0672160216102,7.432319279314279,1,88.77095627011732,13857.886089813801,105049.93560361041,0.7977852781376173,0.19932783978389812,12,11.53010221081643,0,0,0
2023-09-20,23.3,0.3,17.8,80,42.0,288.1666666666667,15.808333333333332,5.0249999999999995,72.10435372490349,14.630891378783787,2,82.07567309796296,13859.255202628698,105202.86867823197,1.5754502875750296,0.2789564627509651,12,15.144841051305777,0,0,0
2023-09-21,23.2,0.2,11.7,83,48.0,355.75,17.833333333333332,5.904166666666666,78.41343967911662,8.859634060721064,3,81.6463336607803,13860.624315443592,105006.64170336735,2.2666625146349078,0.21586560320883375,12,12.797839878588778,0,0,0
2023-09-22,23.2,6.2,16.3,84,54.0,310.25,18.041666666666668,5.575,79.71876060330801,14.541093068167335,4,114.93218140903318,13861.993428258489,105035.10393628027,2.409499700014208,0.20281239396691986,12,14.344179407413357,0,1,0
2023-09-23,23.6,6.5,12.8,82,52.0,238.83333333333334,12.225,4.5625,82.31716599840435,11.472194943659641,5,52.16472884115394,13863.362541073384,106246.05202757246,1.6686470860845437,0.1768283400159565,12,11.70897401885072,0,1,0
2023-09-24,23.0,7.5,18.4,83,43.0,221.66666666666666,11.504166666666668,4.033333333333333,81.3283214736566,13.576777271814928,6,0.0,13864.73165388828,104877.95335526149,2.111582083362608,0.18671678526343394,12,10.648020148675258,0,0,0
2023-09-25,22.8,1.1,19.6,84,46.0,252.70833333333334,13.441666666666668,4.25,74.24772423647377,7.880523555444842,0,123.64355821069461,13866.100766703177,106516.88687437943,1.3604852805539132,0.25752275763526233,12,14.600632426588486,0,0,0
2023-09-26,23.3,1.8,14.9,81,47.0,230.875,11.004166666666668,4.125,83.15628600665796,10.221966478740487,1,94.75649998398804,13867.469879518072,105507.72001637155,0.5999846724640953,0.16843713993342035,12,11.771539169493444,0,0,0
2023-09-27,23.0,11.5,18.4,82,44.0,208.66666666666666,9.325000000000001,3.4125,81.7658817078921,13.776622176283196,2,93.76294530245075,13868.838992332969,105328.06480852456,1.3592521890243459,0.18234118292107893,12,12.491987720123863,0,0,0
2023-09-28,21.9,9.4,19.7,88,32.0,198.16666666666666,9.145833333333334,3.4625,82.05078184196029,4.949991635865576,3,56.44184500246182,13870.208105147864,105513.03802992494,1.4321982434503626,0.17949218158039715,12,9.496101092840986,0,0,0
2023-09-29,22.4,5.7,24.0,85,27.0,168.125,6.8374999999999995,3.204166666666667,77.19692816370723,1.04987925740292,4,41.99766398550824,13871.57721796276,106532.76234121963,1.881898154112536,0.22803071836292776,12,9.728356719208435,0,0,0
2023-09-30,23.0,2.7,25.7,83,27.0,176.54166666666666,6.8625,3.4291666666666667,77.95687099523396,0.24163656494337538,5,28.681510381024584,13872.946330777657,104763.88257799046,0.6277191752976378,0.2204312900476605,12,9.112814393791812,0,0,0
2023-10-01,23.0,1.1,26.6,81,30.0,170.125,6.316666666666666,2.891666666666667,75.4007891438924,7.469386086583993,6,0.0,13874.315443592552,104693.35073385054,0.9839449170081561,0.245992108561076,12,10.600171169819879,0,0,0
2023-10-02,23.5,0.3,23.1,76,52.0,267.3333333333333,12.387500000000001,4.091666666666667,76.82821576030632,3.1951327091575816,0,139.1417299610661,13875.684556407448,104869.00720839531,0.9736659261149591,0.23171784239693682,12,13.853639777503062,0,1,0
2023-10-03,23.2,0.1,13.6,77,76.0,324.9583333333333,15.683333333333332,4.558333333333334,83.08683392056938,9.572626174519565,1,123.5097600315521,13877.053669222343,105255.39249352609,2.4026550297787956,0.1691316607943062,12,14.300038950638164,0,1,0
2023-10-04,23.5,0.4,10.3,76,87.0,391.875,20.241666666666667,6.7625,70.32239542827458,15.36068956111688,2,149.0106743230564,13878.42278203724,104369.31597100006,1.1654679047841254,0.29677604571725424,12,20.277598292146283,0,1,0
2023-10-05,23.6,2.2,13.0,76,105.0,430.9583333333333,19.912499999999998,8.487499999999999,69.17575440849303,15.931359943823074,3,180.194815912272,13879.791894852136,105236.2517664282,1.9122255215155515,0.3082424559150696,12,22.59087398727099,0,2,0
2023-10-06,24.5,1.5,9.7,71,133.0,401.5416666666667,16.9375,9.229166666666666,79.83468130997443,15.910501259219185,4,305.0615144970475,13881.161007667031,106064.73632683826,1.9019473152986537,0.2016531869002557,12,23.8474010858315,0,2,1
2023-10-07,24.2,0.8,11.2,76,132.0,492.1666666666667,22.5125,10.045833333333333,72.88270529139254,18.369786234069228,5,158.69017998525308,13882.530120481928,105286.54706880637,0.7373060435277793,0.27117294708607464,12,23.30445994739768,0,2,0
2023-10-08,23.9,14.4,12.0,80,112.0,435.9583333333333,19.458333333333332,9.887500000000001,77.48370904536034,19.966180773273514,6,76.07728407939075,13883.899233296823,105057.38125736888,1.472487254492157,0.22516290954639662,12,19.11136008397074,0,2,0
2023-10-09,22.8,19.3,12.2,87,111.0,485.2916666666667,23.291666666666668,9.225,86.32961874958431,14.518467524450276,0,224.88676721514676,13885.26834611172,104887.52437587724,2.2463269439647555,0.13670381250415686,12,18.546619848095183,0,2,0
2023-10-10,23.3,1.9,9.2,83,111.0,593.5833333333334,30.366666666666664,11.908333333333333,72.78753784105255,20.159847917957737,1,231.07001253570965,13886.637458926616,105638.74106585738,1.2404745266966788,0.2721246215894745,12,23.579116086092085,0,2,0
2023-10-11,24.0,1.0,10.0,76,111.0,544.5833333333334,27.462500000000002,9.929166666666667,82.15403885418775,17.32410499752086,2,227.21869914432907,13888.006571741511,104769.44944032512,2.3682820176221107,0.1784596114581225,12,20.266778076258383,0,2,0
2023-10-12,24.1,0.3,13.7,69,105.0,522.8333333333334,25.558333333333334,10.450000000000001,77.58170348535708,21.65640876892116,3,203.3146848234168,13889.375684556408,106098.44440060631,0.6146997503779877,0.22418296514642921,12,21.390243966199385,0,2,0
2023-10-13,23.4,0.0,14.5,60,102.0,448.5416666666667,23.833333333333332,9.779166666666667,72.9483543674172,20.204112431851854,4,262.087238011649,13890.744797371304,106134.8069275264,0.27798185385767377,0.270516456325828,12,23.527855314785597,0,2,0
2023-10-14,23.7,0.0,12.6,69,88.0,405.875,19.412499999999998,8.1,84.229232853062,16.096175957955523,5,149.30189790072225,13892.113910186199,105289.38306636266,2.2394892955473984,0.15770767146938003,12,16.291694495789173,0,1,0
2023-10-15,24.2,0.0,14.4,68,87.0,416.2083333333333,20.416666666666668,8.445833333333333,73.22714030798666,18.905064334003118,6,64.5656931399341,13893.483023001096,105148.13073635598,2.13443487510932,0.2677285969201334,12,18.24893142050315,0,1,0
2023-10-16,24.3,0.4,19.1,73,85.0,390.9583333333333,19.599999999999998,6.654166666666666,78.87838148803722,10.247960731204191,0,185.47769985622304,13894.85213581599,105662.09879787762,2.4822157022412275,0.2112161851196278,12,17.533233660393925,0,1,0
2023-10-17,24.5,0.3,15.5,70,85.0,393.625,18.954166666666666,8.458333333333334,77.06717032162597,19.69917233465341,1,173.41336379517801,13896.221248630887,105687.04875823304,1.7305443714698225,0.22932829678374034,12,19.25299202961378,0,1,0
2023-10-18,24.3,0.0,16.7,59,93.0,410.2083333333333,17.016666666666666,8.875,80.55696515759519,19.101799198470108,2,191.33191632275498,13897.590361445784,104729.53425495222,2.3480510240011587,0.19443034842404816,12,19.03481865894706,0,1,0
2023-10-19,24.1,0.0,16.9,59,113.0,459.2083333333333,18.9625,8.862499999999999,80.5960447869074,17.805199325070575,3,169.55458336713343,13898.959474260679,104862.13316727613,2.0846776602018657,0.19403955213092605,12,19.793058130031035,0,2,0
2023-10-20,24.7,0.0,17.4,60,129.0,458.5416666666667,17.020833333333332,8.233333333333333,73.67801659626306,19.977063392979844,4,267.49228469223607,13900.328587075575,104457.11762986536,2.1266231994882085,0.26321983403736937,12,25.273000223912778,0,2,0
2023-10-21,25.0,0.0,20.0,62,127.0,431.5416666666667,16.412499999999998,7.079166666666667,70.63632851861527,8.516797043633344,5,136.1435281932687,13901.697699890472,105315.70442973658,1.4659397690902438,0.29363671481384723,12,21.69949156482579,0,2,0
2023-10-22,24.9,0.0,13.8,58,108.0,673.5,30.27916666666667,11.095833333333333,76.43988857175646,20.902905591212043,6,113.76117629786619,13903.066812705367,105437.36651566053,1.017675035000106,0.23560111428243546,12,20.038692793112194,0,2,0
2023-10-23,23.9,0.0,13.7,44,122.0,754.5,37.766666666666666,14.404166666666667,71.18913852099158,25.31158961795414,0,241.0216100080561,13904.435925520263,104421.970368364,2.342939374103876,0.2881086147900842,12,25.80042908655677,0,2,0
2023-10-24,23.5,0.0,11.5,38,122.0,797.0,38.579166666666666,14.445833333333333,81.9535489901065,30.37568797127203,1,196.41027297967378,13905.805038335158,104862.2143482491,1.1370812214781467,0.18046451009893505,12,22.43849395825233,0,2,0
2023-10-25,23.5,0.0,14.5,48,138.0,700.4166666666666,38.737500000000004,16.416666666666668,73.64614132433094,25.32499444786023,2,268.6593027199146,13907.174151150055,104409.06745522904,1.3931664813992057,0.2635385867566906,12,26.73809282427805,0,2,0
2023-10-26,23.7,0.0,13.8,50,138.0,668.2083333333334,34.90416666666667,14.766666666666666,71.63871379475155,28.285818781345792,3,270.83723009588505,13908.543263964952,104626.17512226035,1.1706743371004507,0.2836128620524845,12,27.82800328069411,0,2,0
2023-10-27,24.4,0.0,15.4,59,128.0,457.625,19.229166666666668,10.804166666666667,74.33872122345963,20.939108431990142,4,265.06642075373105,13909.912376779846,105343.96417085794,1.455563953504473,0.25661278776540375,12,25.100578312835253,0,2,0
2023-10-28,25.0,0.0,15.9,66,94.0,353.1666666666667,12.716666666666667,5.520833333333333,69.91149484188121,12.744775366918665,5,127.38127290004729,13911.281489594743,104694.5952207682,1.2292121895815853,0.30088505158118795,12,20.065893310474383,0,1,0
2023-10-29,23.4,6.1,17.0,78,69.0,321.1666666666667,12.079166666666666,6.270833333333333,75.10354384595739,11.44916973765117,6,69.12330935254168,13912.650602409638,104903.80388945373,0.2151221405907421,0.24896456154042612,12,15.39877849391129,0,1,0
2023-10-30,23.3,4.1,18.5,78,62.0,372.7916666666667,14.612499999999999,6.183333333333334,83.34165563177771,8.85804664396442,0,118.43320463905252,13914.019715224535,104233.44161685876,2.2169156464184767,0.1665834436822229,12,13.0348743998424,0,1,0
2023-10-31,22.9,1.4,16.9,78,77.0,384.125,13.299999999999999,5.983333333333333,74.08242288411442,8.880697101623905,1,144.72370043863407,13915.388828039431,105133.47319905729,1.1665451653978476,0.2591757711588558,12,17.391851708781942,0,1,0
2023-11-01,23.5,1.3,13.7,73,78.0,370.0,14.791666666666666,5.5874999999999995,72.43235606927223,15.238856715889998,2,127.7683839172858,13916.757940854326,105010.72204763518,1.513464756417637,0.2756764393072777,12,18.571489364947546,0,1,0
2023-11-02,23.2,0.6,17.8,78,71.0,333.375,15.737499999999999,5.341666666666666,78.83661101010914,13.598047011715996,3,105.36939705149945,13918.127053669223,104661.25969590346,0.4340507266191689,0.21163388989890863,12,15.466111689754648,0,1,0
2023-11-03,23.6,2.0,17.8,78,41.0,305.1666666666667,14.941666666666668,5.508333333333333,83.49281661865199,10.722108108534036,4,100.28705028910633,13919.496166484118,104924.11278544135,0.10813083515833394,0.16507183381348012,12,11.436212236466636,0,0,0
2023-11-04,22.6,4.8,19.0,84,33.0,282.0833333333333,15.625,6.5874999999999995,83.14581324266027,10.20710469603566,5,39.98916511037766,13920.865279299014,105101.64798789684,0.688696224744743,0.16854186757339729,12,9.69710503381482,0,0,0
2023-11-05,22.2,22.6,13.1,85,35.0,326.2083333333333,19.23333333333333,7.9624999999999995,91.27419074322327,7.732159713999202,6,28.729755107855503,13922.23439211391,104596.94708655299,1.7910064771200407,0.08725809256776729,12,6.802161836290009,0,0,0
2023-11-06,22.4,26.6,9.4,85,56.0,389.0833333333333,20.008333333333333,8.7375,84.81281964572216,11.923276077280018,0,92.32219915355294,13923.603504928806,104259.13050236933,0.3380668722709086,0.1518718035427784,12,12.111089500946415,0,1,0
2023-11-07,22.0,9.2,16.3,87,64.0,482.8333333333333,26.099999999999998,10.775,74.79275733303261,24.8575905947525,1,118.69622309038498,13924.972617743702,105892.92960407615,2.2813298569275227,0.2520724266696739,12,18.144735851110795,0,1,0
2023-11-08,22.4,13.2,13.6,85,61.0,292.5416666666667,14.208333333333334,5.9624999999999995,88.23533460782195,6.924049953659266,2,139.8882358897628,13926.341730558597,104666.38664874015,0.6160541664548429,0.11764665392178042,12,11.63577182849756,0,1,0
2023-11-09,22.2,6.4,17.3,84,49.0,362.9166666666667,18.3625,6.366666666666667,78.81928064463146,13.526356130329908,3,81.49511836263947,13927.710843373494,104927.52356286439,0.591024674300262,0.21180719355368538,12,13.443071593412837,0,0,0
2023-11-10,22.8,0.9,18.4,79,63.0,364.0833333333333,16.095833333333335,5.204166666666667,76.2066679341798,14.614415252918928,4,105.47870573396861,13929.07995618839,105474.20409533053,0.5356191078915893,0.23793332065820194,12,15.84973602236327,0,1,0
2023-11-11,21.9,0.0,18.5,67,88.0,415.4166666666667,14.9,7.5249999999999995,80.91277656739622,9.37439866265979,5,120.47303551080347,13930.449069003285,106726.19243496815,0.13355611113127538,0.19087223432603784,12,15.70178753939617,0,1,0
2023-11-12,21.3,0.0,21.3,69,103.0,478.9583333333333,16.0625,7.620833333333334,77.07492003760264,14.734964757676583,6,88.60246672270566,13931.818181818182,104332.30222960102,1.952333124347763,0.22925079962397366,12,18.06981803682481,0,2,0
2023-11-13,21.5,0.0,21.4,69,125.0,513.2916666666666,16.341666666666665,8.75,75.57355108832643,18.09916327919863,0,225.62791731065553,13933.187294633079,105172.33967477124,2.2000828749886203,0.2442644891167357,12,23.305367511594977,0,2,0
2023-11-14,20.8,0.7,19.1,78,129.0,440.875,15.2875,6.216666666666666,82.49000937960433,12.762497965721753,1,283.7015661279902,13934.556407447973,104586.53053862348,1.5739904862788774,0.17509990620395666,12,21.871403203536765,0,2,0
2023-11-15,22.0,1.0,15.6,76,108.0,493.1666666666667,15.820833333333333,8.15,72.42592707847943,23.173125833666973,2,210.18878885298986,13935.92552026287,104663.79214234471,0.5516799560316695,0.27574072921520565,12,23.511966528566013,0,2,0
2023-11-16,23.3,0.0,15.0,66,122.0,535.0833333333334,21.541666666666668,8.775,77.61136051232495,12.072535556698748,3,225.3836734623745,13937.294633077765,104565.96189749222,0.7846671926581114,0.22388639487675055,12,21.575145649054818,0,2,0
2023-11-17,23.4,0.0,15.7,72,115.0,405.8333333333333,14.545833333333334,7.904166666666666,74.47805249958834,16.34076892298497,4,217.92153017403348,13938.663745892662,104356.12103745787,1.242224073675912,0.25521947500411657,12,22.51613019205191,0,2,0
2023-11-18,23.6,0.0,16.2,70,87.0,322.875,12.366666666666667,5.3625,76.72436911545303,9.637844787810607,5,100.00661095298081,13940.032858707558,104891.18345382837,2.390430283895922,0.23275630884546972,12,16.518498202595296,0,1,0
2023-11-19,22.7,0.0,19.4,67,58.0,337.2083333333333,15.566666666666668,6.325,83.21387370565012,14.15284379784336,6,64.39052090417202,13941.401971522453,104167.45840455913,0.6936432923625827,0.1678612629434988,12,12.506574876064908,0,1,0
2023-11-20,22.3,0.1,18.9,74,57.0,308.4166666666667,13.416666666666666,6.354166666666667,79.2213430251585,12.245588121764404,0,71.49252532317514,13942.77108433735,105370.99414470172,1.8559501694077314,0.20778656974841492,12,13.490285817180613,0,1,0
2023-11-21,22.7,3.5,19.7,80,59.0,375.375,19.3,8.433333333333334,80.60318431619854,12.404281408670009,1,119.06690186231418,13944.140197152246,104917.97244282502,1.1546757359030089,0.1939681568380146,12,14.191024953687222,0,1,0
2023-11-22,23.0,1.7,14.0,83,59.0,336.1666666666667,17.620833333333334,7.816666666666666,82.02002934923921,14.024905844044687,2,117.06582145289612,13945.509309967141,105094.56907462158,0.8148336360640522,0.1797997065076079,12,13.969043500892864,0,1,0
2023-11-23,22.1,5.4,16.7,85,36.0,336.2916666666667,16.912499999999998,7.541666666666667,78.90018908182846,7.387962312471805,3,65.62574911174879,13946.878422782038,104643.1378955603,1.1941982488530731,0.21099810918171547,12,11.27065260455721,0,0,0
2023-11-24,22.2,3.7,18.5,83,51.0,310.9583333333333,12.695833333333333,7.020833333333333,75.57316133064398,12.940575835047513,4,127.84317797316486,13948.247535596933,104685.51084779008,0.2708961220989581,0.2442683866935602,12,15.396001535527231,0,1,0
2023-11-25,22.5,1.5,22.0,80,49.0,288.0416666666667,11.35,5.179166666666666,73.97076322391585,10.287392064638244,5,65.48877029697043,13949.61664841183,105005.77538084215,2.0168496902328696,0.2602923677608415,12,14.091655248460388,0,0,0
2023-11-26,22.0,0.6,23.8,79,57.0,312.75,9.779166666666667,4.370833333333334,69.524573642496,10.599730505929307,6,80.86143796712888,13950.985761226726,104272.84872541812,0.6839246271591211,0.3047542635750401,12,16.339816242483177,0,1,0
2023-11-27,22.3,1.9,19.3,80,57.0,295.9166666666667,11.454166666666666,5.020833333333333,86.1348285197613,12.582271641928116,0,82.72820968811928,13952.35487404162,104668.7594377769,1.8409890956631292,0.13865171480238703,12,11.691456384123212,0,1,0
2023-11-28,22.6,0.7,16.3,78,51.0,298.5416666666667,11.641666666666666,5.425,73.31716653711327,10.835776187295801,1,102.16849134436696,13953.723986856518,104410.82851140689,0.2640360914756673,0.26682833462886735,12,15.243586293847727,0,1,0
2023-11-29,22.5,0.5,19.8,78,49.0,273.9583333333333,11.200000000000001,5.308333333333334,76.86498550565692,9.728851592728162,2,97.23933572779895,13955.093099671412,104388.23147641314,2.3922365347976466,0.23135014494343087,12,13.774618801768126,0,0,0
2023-11-30,22.4,0.2,19.9,79,34.0,296.4166666666667,12.179166666666667,6.175,77.27274680044431,7.679711656682789,3,39.81491012489839,13956.462212486309,103771.47737475838,0.5632359649736767,0.22727253199555686,12,11.146430910867092,0,0,0
2023-12-01,22.2,2.9,17.1,81,33.0,293.1666666666667,12.508333333333333,5.170833333333333,80.73962679123639,7.650004375719512,4,88.42590004182692,13957.831325301206,105488.94040317374,2.218580982896993,0.19260373208763615,12,11.004130619823549,0,0,0
2023-12-02,22.0,1.2,21.6,77,58.0,332.0,11.458333333333334,6.2375,80.84294885015719,14.060203860531992,5,116.09346611705637,13959.2004381161,104468.8883452194,2.0427357030770428,0.1915705114984282,12,14.23801524637377,0,1,0
2023-12-03,22.0,2.8,25.6,82,58.0,280.875,10.295833333333333,6.570833333333333,81.66189395343898,14.149006217117932,6,51.85987851032338,13960.569550930997,105386.72636274059,2.4228638177953985,0.1833810604656102,12,12.720980316742464,0,1,0
2023-12-04,21.5,0.0,27.0,81,40.0,309.75,12.920833333333334,6.55,75.66769024572424,10.189418691063839,0,82.10042176547535,13961.938663745892,105332.3151092185,1.2469375862697991,0.2433230975427576,12,13.270114165251808,0,0,0
2023-12-05,22.8,0.0,18.4,73,58.0,539.0833333333334,24.691666666666666,13.233333333333334,76.43151314485435,20.876341575093157,1,114.79036951630655,13963.307776560789,104147.79970862565,1.8457535052302838,0.23568486855145654,12,16.5578046831338,0,1,0
2023-12-06,22.5,0.0,9.4,69,95.0,923.5,47.82083333333333,18.908333333333335,76.38031980195319,32.21240687501871,2,170.97830660185647,13964.676889375685,104239.47455741001,0.9897055768906817,0.2361968019804681,12,21.987331222703975,0,1,0
2023-12-07,23.3,0.1,13.9,74,109.0,538.375,24.179166666666664,12.0625,73.59523549526581,23.393270535802333,3,159.78479444395967,13966.04600219058,106056.81226828683,0.5424837712472652,0.2640476450473419,12,22.2561158206698,0,2,0
2023-12-08,22.9,1.9,14.0,80,100.0,353.25,12.1,6.204166666666667,82.18938230407997,12.881250471075337,4,195.8845303380927,13967.415115005477,105644.9043729351,1.1633822390402773,0.17810617695920028,12,18.19306348619916,0,1,0
2023-12-09,22.8,1.9,14.4,79,75.0,326.0,11.8125,5.729166666666667,78.973899806553,16.06490230939125,5,62.160832380965374,13968.784227820372,104746.56275867001,0.49779763693229173,0.21026100193446995,12,15.210782052062092,0,1,0
2023-12-10,23.0,0.0,14.6,73,78.0,337.1666666666667,11.366666666666667,6.116666666666667,79.03951114419927,7.81669743512745,6,104.28204156118235,13970.153340635268,104883.88918190528,2.4569070946873213,0.2096048885580073,12,15.006292103232985,0,1,0
2023-12-11,22.6,0.2,14.9,73,78.0,366.5416666666667,12.975,6.141666666666667,78.83152507466964,10.108892969612016,0,138.09780612153523,13971.522453450165,104432.66004058556,0.3309915787377193,0.2116847492533036,12,16.08883254547161,0,1,0
2023-12-12,22.3,0.0,15.2,69,80.0,402.375,15.049999999999999,5.95,80.6938954299413,12.803087767576718,1,149.0816134190566,13972.89156626506,104957.14021252184,1.514108136286289,0.1930610457005869,12,16.293926804535246,0,1,0
2023-12-13,20.8,0.0,16.0,71,87.0,358.8333333333333,11.341666666666667,6.6625000000000005,76.37408623481484,12.927801946510645,2,187.43307649575613,13974.260679079956,104375.253518423,1.6035132526097342,0.23625913765185158,12,18.865605951447268,0,1,0
2023-12-14,21.2,0.0,18.3,72,80.0,357.625,11.3375,5.045833333333333,70.81267220817661,9.357997087357104,3,121.56497794288224,13975.629791894851,103710.54819999757,1.3913909028977303,0.2918732779182339,12,18.191197459508228,0,1,0
2023-12-15,21.6,0.0,16.3,76,72.0,367.0416666666667,11.429166666666667,5.2875000000000005,77.99875180701058,7.652783395305567,4,135.86271923990893,13976.998904709748,104058.82780225379,1.6892461257084006,0.2200124819298942,12,15.50554635199084,0,1,0
2023-12-16,22.5,0.7,19.5,77,71.0,369.0,10.25,6.291666666666667,74.12457242483269,13.184222586770712,5,86.56144538497243,13978.368017524645,104723.03268279714,0.37883386002853825,0.2587542757516731,12,16.441490568265245,0,1,0
2023-12-17,21.5,0.2,21.5,80,55.0,308.75,9.049999999999999,4.616666666666666,75.21553327300097,10.735906087636746,6,70.07537982846961,13979.73713033954,104139.8333044831,1.4320444580926985,0.24784466726999033,12,14.297233527814612,0,1,0
2023-12-18,21.5,0.0,21.6,73,75.0,318.6666666666667,7.325,3.9916666666666667,78.59545607502038,5.030344364975492,0,145.03370090337577,13981.106243154436,104664.60880314017,0.7893101707056677,0.21404543924979624,12,15.326588850307724,0,1,0
2023-12-19,21.3,0.0,17.9,71,100.0,369.5416666666667,9.799999999999999,5.358333333333333,79.95313228573454,13.916745069983154,1,199.96650285031765,13982.475355969333,104153.79762924304,2.356422551922536,0.2004686771426546,12,19.100902131783464,0,1,0
2023-12-20,21.1,0.0,17.9,75,103.0,358.2083333333333,10.754166666666668,4.629166666666666,74.93508630694424,13.096429460923144,2,202.41235470472031,13983.844468784228,104292.83180107102,1.9289719682553417,0.25064913693055757,12,20.742185621149602,0,2,0
2023-12-21,21.8,0.0,14.8,75,94.0,418.75,14.637500000000001,5.383333333333333,76.53533205039585,12.211639491743378,3,177.20471711053548,13985.213581599124,105103.47202889115,2.4340347571833822,0.23464667949604145,12,18.99524065085346,0,1,0
2023-12-22,22.3,0.0,14.0,71,106.0,494.0833333333333,21.183333333333334,7.325,81.50885977854095,15.929626920461443,4,226.6330581025851,13986.58269441402,104793.51026286714,0.1901345673764549,0.18491140221459046,12,19.889447266558633,0,2,0
2023-12-23,20.9,0.0,13.8,67,124.0,477.8333333333333,18.404166666666665,8.358333333333333,74.76301271795427,16.976756646681057,5,128.2005545044613,13987.951807228916,104657.81839175297,0.7843196204337008,0.2523698728204573,12,21.361620771705102,0,2,0
2023-12-24,20.9,0.0,17.9,73,120.0,375.25,11.6875,6.612500000000001,84.40673245672158,8.641140789231226,6,108.92158443266302,13989.320920043812,105095.0132023075,0.5690142079320376,0.1559326754327841,12,16.552583070021466,0,2,0
2023-12-25,22.0,0.0,20.5,72,82.0,317.7083333333333,11.270833333333334,4.625,78.16203858252618,9.42342777082558,0,126.12622682164493,13990.690032858707,104888.7161258084,0.1267710095483932,0.21837961417473817,12,16.22742712729888,0,1,0
2023-12-26,20.7,0.0,19.1,63,66.0,329.5,13.029166666666667,5.2875000000000005,69.65694896337673,3.919099366172458,1,130.32165085801648,13992.059145673604,105364.57408812294,0.6815817525911714,0.3034305103662327,12,16.917213233073177,0,1,0
2023-12-27,20.6,0.0,19.9,66,64.0,310.4166666666667,12.299999999999999,5.229166666666667,79.81336648441813,12.561033603175474,2,115.18704117023518,13993.4282584885,104404.24342470223,1.7290623604490294,0.20186633515581875,12,14.723885918555588,0,1,0
2023-12-28,21.1,0.0,18.9,72,62.0,329.0833333333333,11.341666666666667,4.479166666666667,78.42463353953111,4.696353666007755,3,162.38763245565724,13994.797371303395,104412.23617995859,0.6546134131229645,0.2157536646046888,12,14.764815637154975,0,1,0
2023-12-29,21.4,0.0,20.2,72,60.0,309.6666666666667,11.450000000000001,4.925,82.15901101633098,13.996926151953662,4,125.20211232496575,13996.166484118292,103969.37964938922,1.3216082691582838,0.17840988983669026,12,14.155877864393071,0,1,0
2023-12-30,21.5,0.0,15.6,69,57.0,324.4583333333333,11.841666666666667,4.7625,79.84272540507983,8.664223051433982,5,40.31520867476823,13997.535596933187,104398.32453726121,2.230763475915997,0.20157274594920171,12,12.143120009686513,0,1,0
2023-12-31,21.2,0.0,16.4,71,72.0,357.9166666666667,12.833333333333334,5.583333333333333,75.8461760640649,10.144165720873136,6,62.1163957864615,13998.904709748083,105088.08045646119,1.7650190088377806,0.24153823935935093,12,15.050099954640729,0,1,0
2024-01-01,21.7,0.0,19.1,66,85.0,380.625,12.9625,6.591666666666666,70.85280705484254,9.766798281746484,0,163.38717491275776,14000.27382256298,105248.56980880357,1.0471097677744767,0.2914719294515745,12,19.426921124064364,0,1,0
2024-01-02,21.9,0.0,18.8,66,96.0,407.5416666666667,13.375,7.308333333333334,74.36390697085591,11.60880004490044,1,220.6672789230505,14001.642935377875,105071.60932007838,0.9939254533890599,0.2563609302914409,12,20.565493493939304,0,1,0
2024-01-03,21.5,0.0,16.9,68,101.0,439.4583333333333,15.145833333333334,6.75,71.5479181831628,17.24392736877744,2,185.16095200122564,14003.012048192772,103687.24141612288,1.1937659536203633,0.28452081816837194,12,21.895432690392287,0,2,0
2024-01-04,21.3,2.7,17.7,74,101.0,405.7916666666667,17.020833333333332,8.104166666666666,73.70790620078111,6.563240697061429,3,150.15144051952717,14004.381161007666,105118.7905690905,0.5248994585437753,0.26292093799218885,12,18.945143054715423,0,2,0
2024-01-05,22.4,0.2,16.2,73,76.0,390.4166666666667,15.895833333333334,7.054166666666667,78.63431361768244,16.73631282493123,4,175.9367402286196,14005.750273822563,103650.83926448664,1.6216018417983715,0.2136568638231756,12,17.758887643007345,0,1,0
2024-01-06,22.8,1.2,17.3,73,69.0,344.9166666666667,12.816666666666668,5.5249999999999995,83.70961801740563,11.623237109971791,5,55.18802588200699,14007.11938663746,105012.03785154638,0.9739667658510531,0.1629038198259437,12,12.564360678914218,0,1,0
2024-01-07,22.1,0.0,18.1,71,64.0,264.3333333333333,9.795833333333333,4.358333333333333,78.37868611929193,4.576018389761687,6,48.876891169850296,14008.488499452355,104371.96753956223,2.145676838228905,0.2162131388070807,12,12.630334746073682,0,1,0
2024-01-08,20.3,2.4,21.2,88,54.0,315.0833333333333,14.299999999999999,5.458333333333333,73.47646775185925,7.489896154185621,0,92.04759028978012,14009.857612267251,104900.00707317721,1.915726384138759,0.2652353224814076,12,14.701495903365672,0,1,0
2024-01-09,21.6,1.0,25.3,77,61.0,331.25,8.775,5.129166666666666,79.12841067288058,14.05167908162461,1,117.55733093399783,14011.226725082146,103875.39685562556,1.5652315938211843,0.20871589327119422,12,14.990375279059473,0,1,0
2024-01-10,20.9,0.0,19.1,71,75.0,367.625,11.841666666666667,6.05,81.0365259465826,8.022229360171806,2,160.0332891414867,14012.595837897043,105120.08545928846,0.9740853343588385,0.18963474053417395,12,15.343042402880725,0,1,0
2024-01-11,21.4,0.0,17.7,68,77.0,382.7083333333333,13.137500000000001,7.716666666666666,73.71086838272248,8.938281801545456,3,124.92731435427224,14013.96495071194,103794.89488324548,0.6038363960163625,0.26289131617277517,12,17.116028042500517,0,1,0
2024-01-12,20.8,0.0,23.4,67,81.0,384.7083333333333,12.0625,6.825,75.41393133330833,14.97277696042752,4,164.62541495666477,14015.334063526834,104186.03541423386,1.9627644738534948,0.24586068666691674,12,18.584245443204924,0,1,0
2024-01-13,21.2,0.0,15.2,72,110.0,539.0,20.008333333333333,7.258333333333333,74.55875277891678,16.763158628857745,5,131.71459294101223,14016.70317634173,104014.09616913849,1.2673818375786077,0.2544124722108322,12,20.48113981947387,0,2,0
2024-01-14,21.7,0.0,16.5,69,128.0,599.4166666666666,22.141666666666666,9.045833333333333,70.46040674767103,15.250389937057468,6,118.19195915037575,14018.072289156626,103628.8816699743,0.6394000916256579,0.29539593252328966,12,22.473275649264828,0,2,0
2024-01-15,21.4,0.0,14.0,66,134.0,627.875,25.620833333333334,12.308333333333332,75.89312173537543,21.99987492621386,0,243.15654349415846,14019.441401971522,104546.16849354231,0.5684190760960149,0.24106878264624565,12,24.775175588202618,0,2,0
2024-01-16,21.5,0.0,15.5,65,130.0,578.9166666666666,24.045833333333334,10.75,73.01620740556888,16.375658615745834,1,262.2201155044516,14020.810514786419,105394.82988202911,0.49696217080326166,0.2698379259443112,12,24.895888880780245,0,2,0
2024-01-17,21.7,0.0,16.5,64,121.0,523.0416666666666,23.454166666666666,8.879166666666666,75.62812977562811,20.896630861934483,2,252.82679019283478,14022.179627601314,105818.11854763316,1.965186870893428,0.24371870224371894,12,23.972591500458435,0,2,0
2024-01-18,22.2,0.0,14.4,63,106.0,473.375,22.741666666666664,10.612499999999999,71.15003128879161,21.107862894619398,3,198.65268231301934,14023.54874041621,104526.12444337884,0.6495692447207481,0.28849968711208396,12,23.214223693815814,0,2,0
2024-01-19,22.8,0.0,18.7,63,92.0,375.9166666666667,14.379166666666668,9.008333333333333,73.65016679870637,15.073935263132498,4,202.27171047018436,14024.917853231107,105028.767800732,1.363941432460474,0.2634983320129364,12,20.65147445926165,0,1,0
2024-01-20,22.5,0.0,18.1,64,89.0,430.1666666666667,18.941666666666666,8.504166666666666,78.43952543131108,16.171649850407714,5,75.15553666507046,14026.286966046002,104579.35509552505,1.1837112663353355,0.21560474568688914,12,16.627000581469243,0,1,0
2024-01-21,22.8,0.0,15.3,59,89.0,397.9166666666667,16.979166666666668,8.345833333333333,74.05866739163292,19.36398104126879,6,81.10455398331361,14027.656078860899,104705.62998730745,1.4910661581478815,0.25941332608367074,12,18.539088018366712,0,1,0
2024-01-22,23.0,0.0,18.3,63,86.0,411.5416666666667,18.679166666666667,6.5375000000000005,82.60785540493362,13.640725648831342,0,164.39015096003214,14029.025191675793,104277.99467772225,2.2051717608908663,0.17392144595066383,12,16.571555245045257,0,1,0
2024-01-23,22.7,0.0,16.6,61,94.0,467.125,22.020833333333332,6.75,73.70145525754158,11.781877623737596,1,197.878823891409,14030.39430449069,104539.48807935971,2.1825937361961536,0.2629854474245842,12,20.194421544126346,0,1,0
2024-01-24,23.0,0.0,15.4,66,120.0,544.9166666666666,23.65416666666667,12.479166666666666,74.89873890300754,21.381338405163586,2,220.1529845153241,14031.763417305587,104703.56958231416,1.1825825723796632,0.25101261096992455,12,23.540638780178757,0,2,0
2024-01-25,23.1,0.0,17.5,62,97.0,362.9583333333333,13.891666666666666,12.0625,78.88036332749236,21.292724481944674,3,161.4192145022271,14033.132530120482,104138.48097893533,0.13687900176333595,0.21119636672507636,12,19.548183964088537,0,1,0
2024-01-26,22.0,0.0,19.1,60,79.0,347.1666666666667,12.891666666666666,5.008333333333334,70.37653706826787,7.29988818710911,4,154.417986494328,14034.501642935378,104381.84430678954,1.1234651337143278,0.29623462931732136,12,18.60038183747257,0,1,0
2024-01-27,21.6,0.0,18.4,63,70.0,342.0416666666667,11.608333333333334,5.770833333333333,69.4567647520769,9.28102836658471,5,94.72827799782686,14035.870755750275,104384.25701059983,1.554864489817937,0.30543235247923106,12,17.349690389321175,0,1,0
2024-01-28,21.6,0.0,15.7,66,71.0,340.8333333333333,11.3125,5.4875,70.34737474171962,11.343921447637692,6,84.57762109848417,14037.23986856517,104819.55434212637,1.4386354218353483,0.29652625258280385,12,17.258928216599447,0,1,0
2024-01-29,21.6,0.0,16.8,61,86.0,394.25,13.433333333333332,6.691666666666666,80.75033641370874,11.825785452982782,0,146.65079785416796,14038.608981380066,103866.21721100982,1.6632066539204933,0.19249663586291266,12,16.501782850918154,0,1,0
2024-01-30,21.7,0.0,15.1,58,120.0,664.2083333333334,30.641666666666666,12.237499999999999,71.79256741643022,20.23017259220139,1,252.15924627254097,14039.978094194961,104366.34280588236,0.46978175793540033,0.2820743258356978,12,24.939940589351963,0,2,0
2024-01-31,22.9,0.0,16.2,60,103.0,614.5416666666666,26.84166666666667,11.775,85.082797142673,24.628490235358083,2,203.31959618329188,14041.347207009858,105340.99725807509,1.651684237073758,0.14917202857326994,12,19.44582631616765,0,2,0
2024-02-01,23.4,0.0,14.9,60,125.0,763.4583333333334,34.475,12.366666666666667,71.49300960537045,32.35720549938512,3,222.51428445675128,14042.716319824754,104959.90521320426,0.5383638849850534,0.2850699039462955,12,26.605963632431656,0,2,0
2024-02-02,23.9,0.0,13.9,63,119.0,743.0416666666666,34.06666666666667,14.200000000000001,74.78820521278814,26.75881104373839,4,245.6723154036406,14044.08543263965,105045.34527471817,1.9012575536721976,0.2521179478721186,12,24.820806400797128,0,2,0
2024-02-03,24.3,0.0,19.5,63,117.0,401.0416666666667,16.179166666666667,6.629166666666666,80.31843981027151,10.129461797458664,5,155.33222729204314,14045.454545454546,104375.85228372538,0.913810271830432,0.19681560189728486,12,18.72053187237821,0,2,0
2024-02-04,23.3,0.0,18.8,58,89.0,349.7916666666667,12.154166666666667,8.133333333333333,83.57437155263649,7.377285091506241,6,86.6115563357414,14046.82365826944,104517.01575884191,1.8037490401154885,0.16425628447363505,12,13.996512424649815,0,1,0
2024-02-05,23.1,0.0,15.4,54,87.0,357.25,13.516666666666666,9.3125,83.8960143065456,13.988927943663542,0,202.11650855295275,14048.192771084337,104850.51567371291,0.214877437374657,0.16103985693454403,12,17.061865070644906,0,1,0
2024-02-06,23.6,0.0,18.6,56,79.0,376.8333333333333,14.8375,8.391666666666667,80.88346492237257,16.566215363282105,1,137.00550714005354,14049.561883899234,105122.40596848945,1.0788640614181921,0.19116535077627428,12,16.490002970581617,0,1,0
2024-02-07,24.4,0.0,18.6,48,83.0,390.4166666666667,16.416666666666668,9.195833333333333,79.94625010324584,15.772169906152813,2,172.21203404059952,14050.930996714129,103359.35736064508,1.7920828534319986,0.20053749896754158,12,17.63619113576116,0,1,0
2024-02-08,24.8,0.0,17.7,42,74.0,393.0416666666667,16.14166666666667,8.583333333333334,78.67010779680473,13.915705143910106,3,122.61597980376973,14052.300109529026,103670.31877692415,0.6444892391955859,0.21329892203195266,12,16.11864302862049,0,1,0
2024-02-09,24.5,0.0,17.5,51,73.0,352.4166666666667,12.583333333333334,6.0125,79.46344430466655,9.138851711298749,4,135.9142602602271,14053.66922234392,104975.64209451294,2.008688907513334,0.20536555695333447,12,15.360079670499388,0,1,0
2024-02-10,23.4,0.0,19.5,61,83.0,328.9166666666667,10.570833333333333,5.595833333333334,73.64525713468586,6.541425768512398,5,99.38265725930057,14055.038335158817,104175.35597928974,1.6138713594518368,0.2635474286531414,12,16.68528987005711,0,1,0
2024-02-11,23.2,0.0,18.6,61,91.0,327.5,9.6875,5.116666666666666,72.17720446631077,11.755503978974648,6,84.64704958814072,14056.407447973714,103970.82087590765,1.510148253159516,0.27822795533689226,12,18.17310524871578,0,1,0
2024-02-12,22.7,0.0,18.4,54,87.0,333.2083333333333,12.658333333333333,8.333333333333334,75.6365021703562,14.870898197490089,0,214.96347110120183,14057.776560788609,103672.48139040143,0.9485172500904091,0.2436349782964381,12,19.928953500540693,0,1,0
2024-02-13,23.2,0.0,17.3,60,69.0,298.4166666666667,10.799999999999999,5.808333333333334,75.86926150990028,5.0719773065944675,1,130.86708368633597,14059.145673603505,104014.93414648972,1.2578835289146821,0.24130738490099712,12,15.447359816745804,0,1,0
2024-02-14,23.8,0.0,18.2,61,62.0,312.0,8.454166666666667,5.770833333333333,75.0870878026909,13.888266934542052,2,98.29642541030634,14060.5147864184,103584.13846891241,1.5336383223468475,0.249129121973091,12,15.863042207580163,0,1,0
2024-02-15,23.5,0.0,18.4,47,61.0,320.0833333333333,10.104166666666666,7.854166666666667,79.73554978982686,12.666796996015337,3,115.26021434988772,14061.883899233297,105323.75086035309,1.2339090733957372,0.20264450210173135,12,14.554558899451994,0,1,0
2024-02-16,22.9,0.0,20.7,58,69.0,319.875,8.433333333333334,7.4750000000000005,80.37122083428204,14.41253393543738,4,103.40719924907262,14063.253012048193,104259.86631135912,1.7759519774573442,0.19628779165717958,12,14.948657825012447,0,1,0
2024-02-17,24.0,0.0,19.3,45,68.0,293.75,10.075000000000001,7.9750000000000005,76.95362754516738,6.718616754544656,5,79.76086434791469,14064.622124863088,104234.98967983057,1.140872639456703,0.2304637245483262,12,14.276921536589779,0,1,0
2024-02-18,24.8,0.0,20.0,41,64.0,342.5,14.808333333333332,7.029166666666666,82.71012032422104,7.987527533753682,6,57.920505645903205,14065.991237677985,104550.8839016584,0.5854556361808728,0.17289879675778963,12,12.023503145714805,0,1,0
2024-02-19,24.3,0.0,19.0,50,68.0,335.0416666666667,14.612499999999999,5.195833333333334,72.03324354346597,10.404758737364777,0,138.29200765890423,14067.36035049288,104730.89876207031,0.6134410787225133,0.27966756456534025,12,17.47658090074301,0,1,0
2024-02-20,25.3,0.0,18.6,45,104.0,430.125,20.287499999999998,11.337499999999999,74.02536216288112,18.69835328068558,1,222.27244498855694,14068.729463307776,104715.55086907688,0.11392904522305863,0.25974637837118875,12,22.32259324300964,0,2,0
2024-02-21,25.7,0.0,13.1,54,136.0,463.4166666666667,20.458333333333332,13.558333333333332,70.33271071758878,24.295749135447558,2,255.12860762184565,14070.098576122673,104772.2983761159,0.8222985173408138,0.29667289282411213,12,27.167121307477416,0,2,0
2024-02-22,25.8,0.0,9.9,47,139.0,598.8333333333334,27.1375,12.75,65.58385353170776,23.89782007477873,3,247.18771970740133,14071.46768893757,103912.94524212921,1.8974023371484472,0.3441614646829224,12,28.583271345852506,0,2,0
2024-02-23,25.6,0.0,12.6,41,134.0,790.5416666666666,40.15,12.708333333333334,72.9692772566292,26.847372836230562,4,266.07758338778655,14072.836801752464,104072.31522840876,2.005990501210263,0.27030722743370805,12,26.83787441620155,0,2,0
2024-02-24,25.8,0.0,16.1,58,137.0,522.2916666666666,18.7625,11.0875,72.66300996646687,14.425059043668991,5,141.83874890384612,14074.205914567361,104598.64507197087,0.5859221010298,0.27336990033533126,12,22.79163084468721,0,2,0
2024-02-25,25.5,0.0,21.4,58,93.0,304.7916666666667,8.608333333333333,9.975,81.40379897296852,15.305418384824117,6,89.8978955876127,14075.575027382256,103943.31532679246,2.4017055924913784,0.18596201027031478,12,16.182630977585315,0,1,0
2024-02-26,24.0,0.0,22.1,63,79.0,241.29166666666666,7.95,3.2291666666666665,78.57324673821911,3.8413003894145223,0,116.728289028068,14076.944140197153,104197.33715496119,1.3057667043523042,0.21426753261780884,12,14.868786817507804,0,1,0
2024-02-27,24.2,0.0,19.3,63,61.0,259.8333333333333,8.666666666666666,5.620833333333334,72.85325270268318,13.456238997650297,1,110.65746198856274,14078.31325301205,104392.15296654975,2.300748997644406,0.2714674729731682,12,16.645609278613843,0,1,0
2024-02-28,24.8,0.0,18.1,49,61.0,273.7083333333333,9.754166666666666,5.833333333333333,84.36637026533676,8.310179384513805,2,99.04652080201525,14079.682365826944,104578.24423885507,1.7962366764679147,0.15633629734663246,12,12.187546244116348,0,1,0
2024-02-29,24.5,0.0,19.9,40,59.0,301.9166666666667,11.820833333333333,7.666666666666667,81.93413478210141,15.937162884520218,3,117.1936637258052,14081.05147864184,103289.69182987732,1.8338402152537914,0.1806586521789859,12,14.284207272563714,0,1,0
2024-03-01,24.6,0.0,18.9,45,66.0,331.8333333333333,10.658333333333333,5.658333333333334,79.02839081387447,11.947627203511168,4,174.62860198532974,14082.420591456736,104528.78574936945,0.3041046911345707,0.20971609186125528,12,16.19619887607093,0,1,0
2024-03-02,25.1,0.0,18.9,40,79.0,354.9583333333333,13.345833333333333,6.379166666666666,75.14406360460067,10.969846865005957,5,68.76824034393339,14083.789704271632,104047.43150886164,0.6279787045526336,0.24855936395399325,12,16.007622755249358,0,1,0
2024-03-03,25.4,0.0,17.1,46,111.0,343.6666666666667,12.674999999999999,15.254166666666668,70.61224305310608,14.83347755118829,6,62.83963034204861,14085.158817086529,104510.90300658224,0.12115559990673433,0.29387756946893917,12,20.06814132358739,0,2,0
2024-03-04,26.6,0.0,17.4,46,110.0,357.9166666666667,14.191666666666668,7.9125000000000005,73.01117289571579,11.561443034628429,0,195.50226229299867,14086.527929901424,104538.52061069,1.81870633714417,0.2698882710428421,12,21.4409098323395,0,2,0
2024-03-05,26.7,0.0,20.8,47,95.0,325.0416666666667,11.308333333333332,6.108333333333333,79.60499447881675,11.59286674379238,1,185.56395591915518,14087.89704271632,104946.89290843472,0.9266518922284239,0.20395005521183251,12,18.218710786306936,0,1,0
2024-03-06,27.1,0.0,20.0,43,147.0,362.7083333333333,13.625,10.15,80.18834522373844,14.036052821986484,2,291.023186135146,14089.266155531215,104812.54281504828,1.9879660385832323,0.19811654776261567,12,24.15936807887936,0,2,0
2024-03-07,27.3,0.0,15.5,41,134.0,438.7083333333333,21.354166666666668,16.295833333333334,79.47297411308875,18.789399109127217,3,232.2735896953131,14090.635268346112,104801.98243590537,0.913446927848863,0.20527025886911243,12,23.001989426348715,0,2,0
2024-03-08,26.9,0.0,14.8,47,127.0,509.25,24.316666666666666,14.870833333333332,71.69460231285491,20.8131057690471,4,262.6872140234914,14092.004381161008,104843.41237754589,2.0664010055172666,0.28305397687145084,12,25.757329451970417,0,2,0
2024-03-09,27.6,0.0,17.8,42,120.0,423.625,19.445833333333333,12.170833333333334,69.52153026684395,17.608231089157453,5,151.35020821081204,14093.373493975903,104260.14732373327,0.41367580899595124,0.30478469733156044,12,23.21177974753667,0,2,0
2024-03-10,27.5,0.0,22.5,50,95.0,327.9166666666667,10.341666666666667,13.7125,75.81354498764482,8.22296438342223,6,106.30861785289677,14094.7426067908,104123.43098820627,0.5160955762180197,0.2418645501235518,12,17.265553518277823,0,1,0
2024-03-11,27.3,0.0,19.6,44,100.0,322.625,10.75,7.841666666666666,67.92624253774859,12.530754344366096,0,140.89902459363435,14096.111719605695,104536.62759963954,0.9181036950014475,0.32073757462251407,12,21.319720882203026,0,1,0
2024-03-12,27.3,0.0,16.8,46,120.0,386.4166666666667,14.9375,11.841666666666667,75.29267085673912,12.511252992516248,1,226.62121121937076,14097.480832420591,104459.14014712944,1.080369733317456,0.2470732914326088,12,22.221310916243116,0,2,0
2024-03-13,27.9,0.0,16.8,42,139.0,506.5416666666667,22.666666666666668,13.733333333333334,72.45958965480533,16.645419457049435,2,275.3261758788213,14098.849945235488,103931.44716640633,0.936886746023148,0.27540410345194677,12,25.995459539692238,0,2,0
2024-03-14,27.9,0.0,15.8,46,146.0,541.5416666666666,26.02916666666667,11.195833333333333,70.83585399252703,14.879633625334531,3,244.4404779077853,14100.219058050383,104281.27260254214,1.9327528780557277,0.2916414600747297,12,26.08999840419777,0,2,0
2024-03-15,28.6,0.0,19.6,43,142.0,445.875,16.6375,12.2125,66.52118773093282,11.395822506396328,4,332.82339263534595,14101.58817086528,104054.19327810824,0.3326833423041153,0.3347881226906718,12,28.349484909386526,0,2,1
2024-03-16,28.3,0.0,17.8,45,105.0,330.7083333333333,9.895833333333334,10.091666666666667,76.80440042627886,8.264490823996468,5,113.29180239542526,14102.957283680174,103637.65567063306,0.9429208471323713,0.23195599573721137,12,17.814189543624316,0,2,0
2024-03-17,27.4,0.0,19.4,50,110.0,300.4583333333333,9.512500000000001,13.4,72.36919664135236,11.771270460441864,6,98.17414625985434,14104.326396495071,104702.7331089138,2.1093759988371024,0.2763080335864764,12,19.718414501857655,0,2,0
2024-03-18,27.2,0.0,15.6,43,126.0,325.8333333333333,11.5875,13.683333333333332,69.02033265715885,20.804360745913037,0,237.9204419368458,14105.695509309968,104077.98297285322,0.2603129854292128,0.30979667342841155,12,25.992963153476218,0,2,0
2024-03-19,27.3,0.0,20.3,40,111.0,349.5833333333333,12.2125,13.191666666666668,62.960951146873406,13.496944305647721,1,204.62430422396213,14107.064622124863,105067.61809380015,2.361624418411258,0.370390488531266,12,24.99874238626438,0,2,0
2024-03-20,27.3,0.0,18.8,44,127.0,344.5416666666667,12.195833333333333,13.375,73.53994037979746,15.66241698547076,2,210.71853904391168,14108.43373493976,103223.39844321333,2.467160421452831,0.2646005962020255,12,23.39175121475961,0,2,0
2024-03-21,25.8,0.0,19.6,56,89.0,249.0,7.679166666666666,4.1375,82.63900638667897,8.477694159518986,3,151.62690946166933,14109.802847754654,103750.63580525412,0.3125636171801922,0.1736099361332103,12,15.742490397157544,0,1,0
2024-03-22,26.8,0.0,18.8,50,96.0,299.5833333333333,10.116666666666667,5.691666666666666,81.84503685819148,9.83902889198088,4,222.1888111185408,14111.17196056955,104038.22522338376,0.7990540534137687,0.18154963141808522,12,18.086119498710502,0,1,0
2024-03-23,27.2,0.0,18.8,48,99.0,295.125,9.200000000000001,5.133333333333334,73.22161497365491,8.55891961782202,5,112.06209746429724,14112.541073384447,104583.47696721533,0.9937615984848547,0.26778385026345086,12,18.488595399862774,0,1,0
2024-03-24,27.5,0.0,17.2,36,96.0,294.1666666666667,9.279166666666667,8.116666666666667,72.79115175855289,7.009535375868933,6,69.47131397082042,14113.910186199344,104207.4017180645,1.9633392847665425,0.27208848241447114,12,17.323511058230885,0,1,0
2024-03-25,27.6,0.0,20.0,43,104.0,318.1666666666667,9.887500000000001,6.4624999999999995,76.67509702430009,14.378199311504302,0,205.71344419005442,14115.279299014239,104155.78402221634,1.5302243490801613,0.23324902975699913,12,20.548469673236706,0,2,0
2024-03-26,27.5,0.0,19.9,41,116.0,304.7083333333333,9.554166666666667,5.941666666666666,70.20645824324684,14.89992326424699,1,219.58450207953896,14116.648411829134,103429.79636221142,1.6464776811821618,0.2979354175675316,12,23.684741058253774,0,2,0
2024-03-27,26.9,0.0,19.5,41,88.0,293.3333333333333,11.391666666666666,5.8,76.80716759927786,4.782857250965275,2,161.39678372699564,14118.01752464403,103407.8381732363,1.9180235747644143,0.2319283240072214,12,17.063213982401347,0,1,0
2024-03-28,27.7,0.0,16.3,47,93.0,328.75,13.216666666666667,10.754166666666668,78.41432111353876,10.632914227340862,3,170.38912179326618,14119.386637458927,104140.44181535853,0.3831495986488618,0.21585678886461235,12,17.988423235904826,0,1,0
2024-03-29,28.5,0.0,18.8,41,105.0,317.875,10.216666666666667,9.766666666666667,79.65773289553724,11.264318972868983,4,235.91500419237576,14120.755750273824,103290.01710166695,2.0997026965846297,0.20342267104462763,12,19.860628061116692,0,2,0
2024-03-30,28.2,0.0,20.2,37,107.0,345.625,12.758333333333333,12.520833333333334,74.2493836940802,11.902636615269426,5,176.0342706346509,14122.124863088718,103699.011836794,1.7934875300323456,0.25750616305919805,12,20.521265796759376,0,2,0
2024-03-31,27.5,0.0,15.2,38,114.0,343.25,14.049999999999999,14.066666666666668,73.48530499929214,17.605396660367596,6,119.14472215314845,14123.493975903615,104208.28998984412,1.4856201404712888,0.26514695000707855,12,20.958112442330464,0,2,0
2024-04-01,28.1,0.0,13.5,48,136.0,383.0416666666667,18.645833333333332,13.424999999999999,69.68806965297375,15.294350059446824,0,267.9967993277669,14124.86308871851,103459.54980252536,2.235364803479336,0.3031193034702625,12,26.267667599580236,0,2,0
2024-04-02,29.3,0.0,17.9,42,116.0,289.0,10.904166666666667,11.858333333333334,70.89247858384056,19.771418203419806,1,216.08067602024292,14126.232201533407,104746.2705332072,1.7807352493211372,0.29107521416159443,12,24.139582675765663,0,2,0
2024-04-03,29.0,0.0,18.1,40,105.0,307.4583333333333,11.654166666666667,10.862499999999999,73.8440844323939,16.65997911636412,2,184.23263788061047,14127.601314348303,104548.44133750777,0.5840799103144609,0.26155915567606103,12,21.38042429534866,0,2,0
2024-04-04,29.0,0.0,14.7,36,91.0,287.2916666666667,11.049999999999999,10.183333333333334,76.91946202726471,12.93563875856331,3,165.04662699238244,14128.970427163198,103143.64377958221,1.1313889145816003,0.23080537972735282,12,18.535439745452734,0,1,0
2024-04-05,29.4,0.0,20.0,33,92.0,306.9166666666667,11.920833333333334,9.254166666666666,79.054338504933,15.278875456625865,4,195.34339830519193,14130.339539978095,103456.04877052292,1.28570288064576,0.20945661495067003,12,18.92239773311782,0,1,0
2024-04-06,29.8,0.0,20.5,31,109.0,331.0,11.970833333333333,10.958333333333334,71.33728419727862,16.793951273071926,5,109.22974517270806,14131.70865279299,102772.22638322899,0.23252230420097356,0.28662715802721384,12,20.932502335231362,0,2,0
2024-04-07,29.6,0.0,17.9,31,123.0,348.9166666666667,13.8375,10.329166666666667,79.82075427583808,12.146074202491937,6,107.19410940191975,14133.077765607886,103516.69993756493,2.391130032064134,0.2017924572416192,12,18.62956703566076,0,2,0
2024-04-08,29.3,0.0,20.3,31,133.0,321.5,11.2875,8.8375,72.26550559582972,9.455098266374106,0,247.38635203438258,14134.446878422783,104284.07047048774,0.40858542591250835,0.27734494404170273,12,23.99634010189485,0,2,0
2024-04-09,28.3,0.0,18.2,38,76.0,272.5833333333333,7.920833333333333,8.004166666666666,76.11453082260626,10.139012522242275,1,155.40786790036162,14135.815991237678,103686.80937442664,1.7739070413441445,0.23885469177393748,12,17.114649989561695,0,1,0
2024-04-10,28.3,0.0,18.1,45,81.0,274.125,8.012500000000001,4.370833333333334,72.9611532834087,10.352408373493832,2,168.03575706768547,14137.185104052574,104117.0360807346,1.3149544866181124,0.2703884671659129,12,18.695230412355173,0,1,0
2024-04-11,28.5,0.0,22.3,48,77.0,239.08333333333334,8.370833333333334,4.8374999999999995,66.45303895890824,8.221764529293587,3,144.41929460274886,14138.55421686747,103118.35091314829,0.1615173997226142,0.3354696104109176,12,19.57573888377654,0,1,0
2024-04-12,27.6,0.1,21.4,59,60.0,240.54166666666666,7.191666666666666,3.891666666666667,80.5761815854442,2.166927220093675,4,115.85982681459888,14139.923329682366,104271.38631294265,2.319393942074468,0.19423818414555793,12,12.669381143672767,0,1,0
2024-04-13,27.8,0.0,27.1,54,64.0,260.25,7.7875000000000005,5.583333333333333,79.74737558836974,5.880276668147474,5,66.52198746702315,14141.292442497263,103587.72468505005,2.1444083411654398,0.2025262441163026,12,12.768268573051664,0,1,0
2024-04-14,28.0,0.0,19.1,45,75.0,313.625,8.375,4.4625,75.12468977152714,8.104331409216865,6,43.52097204012248,14142.661555312157,103864.24475351823,1.3582190269692054,0.24875310228472858,12,14.798662220726836,0,1,0
2024-04-15,28.4,0.0,20.6,40,61.0,258.4583333333333,8.079166666666667,3.4916666666666667,77.21796286889949,6.876336520355842,0,145.4955007837019,14144.030668127054,103804.60327504278,0.6494616067346686,0.22782037131100508,12,15.045971633057565,0,1,0
2024-04-16,28.6,0.0,18.6,41,75.0,299.6666666666667,10.3125,6.2,78.31375687081639,15.72804319703609,1,146.51900729238585,14145.399780941949,103208.14687865572,0.39189493763222616,0.21686243129183613,12,17.045459564158215,0,1,0
2024-04-17,29.7,0.0,16.0,37,126.0,329.625,11.341666666666667,12.154166666666667,67.44981657245383,9.833286172803007,2,241.202938884103,14146.768893756846,103260.25958659452,0.9721419506371038,0.32550183427546175,12,24.884106731866364,0,2,0
2024-04-18,30.4,0.0,17.1,38,137.0,359.0,12.395833333333334,7.854166666666667,71.03378929061482,13.538017725507624,3,228.02415837095083,14148.138006571742,104313.57960032865,0.7130278745106171,0.28966210709385176,12,24.871049039060715,0,2,0
2024-04-19,31.0,0.0,16.3,40,137.0,380.0,13.216666666666667,7.8875,76.32705871848731,16.964839324984865,4,346.41315804655557,14149.507119386637,104022.05905794034,1.316058882415117,0.23672941281512694,12,26.164871444132647,0,2,1
2024-04-20,30.3,0.0,16.6,41,135.0,476.875,22.233333333333334,10.233333333333333,68.232842307323,24.393099236268387,5,140.5334393555421,14150.876232201534,104340.46811332874,2.4193823106962293,0.31767157692677006,12,25.4497809803542,0,2,0
2024-04-21,30.3,0.0,16.8,41,130.0,470.625,23.016666666666666,11.945833333333333,74.67423172866651,17.565557730448116,6,108.42304148787854,14152.245345016428,103970.65332366583,1.4798883837511394,0.2532576827133348,12,21.501024970724835,0,2,0
2024-04-22,30.2,0.0,20.2,37,119.0,307.7916666666667,12.616666666666667,9.558333333333334,68.62367278150637,14.072205024827266,0,222.5167367257212,14153.614457831325,103872.70013668171,2.235834534136235,0.31376327218493627,12,24.304063653786603,0,2,0
2024-04-23,29.8,0.0,18.9,31,118.0,300.125,11.458333333333334,9.841666666666667,75.9657199297341,14.05303107159594,1,242.10425931488555,14154.983570646222,102931.08012330627,1.6621092099898653,0.2403428007026589,12,22.42032386811687,0,2,0
2024-04-24,29.8,0.0,19.0,37,92.0,284.9166666666667,10.229166666666666,12.487499999999999,75.25743407081008,13.996861861326538,2,198.5586411043137,14156.352683461118,103651.7826976216,1.240591663809281,0.2474256592918992,12,19.933471880042234,0,1,0
2024-04-25,30.3,0.0,25.3,32,96.0,311.875,10.495833333333334,12.445833333333333,68.73947273637796,13.43846439628208,3,208.95217015538526,14157.721796276013,103766.15449916286,2.151058150560091,0.3126052726362204,12,22.29297124163663,0,1,0
2024-04-26,30.1,0.0,22.4,37,96.0,321.75,11.8125,13.729166666666666,79.85895741782869,16.30667616850014,4,211.72315310921425,14159.090909090908,104749.28087186355,1.231283464415194,0.2014104258217131,12,19.442777262110695,0,1,0
2024-04-27,29.9,0.0,18.9,33,99.0,319.5,13.170833333333334,17.929166666666667,72.1116336928078,10.307011744340947,5,97.67938400066666,14160.460021905805,104109.08620213915,2.1847076092248665,0.278883663071922,12,18.796149333822136,0,1,0
2024-04-28,30.4,0.0,18.4,38,105.0,306.25,11.583333333333334,12.791666666666666,71.50899025194248,16.25870847018789,6,89.36109749756437,14161.829134720701,104526.51909030712,0.7997842469818366,0.28491009748057516,12,20.123331144896728,0,2,0
2024-04-29,30.4,0.0,16.9,39,125.0,319.3333333333333,14.512500000000001,17.658333333333335,74.55227678892378,18.520617044319234,0,231.1566474502777,14163.198247535598,104050.13796576226,0.40915137703117144,0.25447723211076223,12,23.785542468976303,0,2,0
2024-04-30,30.8,0.0,15.9,40,122.0,291.3333333333333,11.970833333333333,11.895833333333334,78.49454939771486,12.974658642998536,1,279.26452083011645,14164.567360350493,103388.5981127027,2.152754714471052,0.21505450602285137,12,22.523124393737646,0,2,0
2024-05-01,31.5,0.0,14.3,43,137.0,551.7916666666666,27.754166666666666,9.8125,69.08671272408642,25.87225325382534,2,239.1938904315141,14165.93647316539,103795.6924476149,1.5097963931024003,0.3091328727591357,12,27.528701979478154,0,2,0
2024-05-02,31.0,0.6,18.1,49,152.0,498.5833333333333,25.59583333333333,8.450000000000001,72.8867193993919,15.709781276961676,3,297.6515301045045,14167.305585980284,103848.12277603464,2.2338217557975044,0.27113280600608103,12,27.083481973816774,0,2,0
2024-05-03,29.7,0.2,19.4,55,162.0,406.2083333333333,15.679166666666667,9.154166666666667,73.6952660013223,13.04910536613824,4,343.79828739092835,14168.674698795181,103253.31378137971,2.3507852967817198,0.2630473399867771,12,28.064751752342616,0,2,1
2024-05-04,29.4,0.1,18.2,59,145.0,379.75,14.5375,8.375,75.56242242905259,19.158409906614203,5,190.7566107045896,14170.043811610078,103523.57849133114,0.228708136891478,0.2443757757094741,12,24.170166971368147,0,2,0
2024-05-05,30.1,0.0,17.4,49,125.0,306.3333333333333,12.845833333333333,6.754166666666666,74.4557662211089,8.473399418783764,6,110.46010566728135,14171.412924424973,103605.76929615156,1.3023263244612842,0.255442337788911,12,19.89348215983052,0,2,0
2024-05-06,30.4,0.0,15.9,49,160.0,377.4583333333333,16.875,8.208333333333334,70.5318886436667,12.111737484523717,0,271.1513473974735,14172.78203723987,104504.34332263524,0.9999149177788702,0.29468111356333293,12,27.280220977528018,0,2,0
2024-05-07,29.2,0.1,13.6,55,152.0,414.9166666666667,18.704166666666666,8.3125,69.12963911740513,14.306840396374119,1,311.41745558802666,14174.151150054764,102654.04375701974,1.6020601529682812,0.3087036088259487,12,28.275483435995113,0,2,1
2024-05-08,27.6,6.2,18.2,57,156.0,397.4166666666667,17.054166666666667,8.9125,75.02457553218551,16.960120113055314,2,317.2886205421124,14175.52026286966,104290.20384343578,2.0046188732855765,0.2497542446781449,12,27.302417768144892,0,2,1
2024-05-09,27.3,4.5,16.3,59,160.0,592.0416666666666,31.554166666666664,13.291666666666666,69.51144395205758,23.985074188726603,3,307.44113931479444,14176.889375684557,103211.77762896063,0.7734165183384855,0.3048855604794243,12,30.093150728987606,0,2,1
2024-05-10,26.6,6.0,17.0,64,133.0,463.6666666666667,22.6875,12.674999999999999,64.06459806602157,15.170040625209879,4,279.0339072924273,14178.258488499452,102987.01626616804,1.436316122495612,0.3593540193397843,12,27.946804819823555,0,2,0
2024-05-11,27.4,0.0,16.7,59,97.0,407.0,18.5125,9.833333333333334,76.89623921663068,13.927244310618429,5,104.40355953360302,14179.627601314349,104255.90753818462,1.800948591771759,0.2310376078336932,12,17.898286072275624,0,1,0
2024-05-12,26.2,5.8,18.1,70,100.0,501.0,27.945833333333336,14.737499999999999,80.93573936434477,20.414186700363363,6,58.82426009952317,14180.996714129244,104024.76612114512,0.4226345988057616,0.19064260635655228,12,16.957891397741534,0,1,0
2024-05-13,26.1,4.9,15.5,69,81.0,332.1666666666667,14.916666666666666,10.225,68.45827025783264,13.70000353099753,0,162.18746536278812,14182.36582694414,104278.95705108107,2.0537605742830403,0.31541729742167357,12,20.431268759555596,0,1,0
2024-05-14,24.9,16.2,10.0,77,105.0,364.9166666666667,17.195833333333333,9.933333333333334,77.19107718116025,16.045447642556155,1,213.2277896488797,14183.734939759037,104044.92928702579,1.5546630396471355,0.2280892281883975,12,20.86404978501294,0,2,0
2024-05-15,26.2,1.0,18.7,69,120.0,387.8333333333333,17.025,9.620833333333334,76.87661704402079,16.01295060099725,2,214.68434734272083,14185.104052573932,104667.38142748426,2.378889849072764,0.2312338295597921,12,22.032644423797766,0,2,0
2024-05-16,24.5,2.8,12.8,77,89.0,339.9166666666667,15.491666666666667,9.554166666666667,84.8999818788468,8.451131404521462,3,149.42852653406752,14186.473165388828,103909.70145845035,0.9148694059136638,0.15100018121153203,12,15.016245677705529,0,1,0
2024-05-17,24.1,15.0,14.3,83,87.0,389.25,19.004166666666666,8.216666666666667,81.73317483070164,17.715572962682568,4,173.36482376097118,14187.842278203723,103544.98146527905,0.3595502616092767,0.18266825169298362,12,17.69467997041132,0,1,0
2024-05-18,24.1,19.5,17.8,86,102.0,375.5416666666667,17.779166666666665,9.233333333333333,79.78798823508346,15.386873204656535,5,92.74031136035164,14189.21139101862,103787.56395536385,1.3156028824886208,0.20212011764916538,12,17.366440737380476,0,2,0
2024-05-19,24.3,9.1,6.5,84,89.0,442.0416666666667,23.962500000000002,9.091666666666667,78.45841423558063,21.217762809448384,6,63.74635206789732,14190.580503833517,104230.71594423869,0.30594585210265324,0.2154158576441937,12,17.150067192101012,0,1,0
2024-05-20,23.8,25.2,17.9,86,82.0,668.125,29.883333333333336,15.033333333333333,91.47950567659274,25.998844981872015,0,124.92339286387292,14191.949616648411,103212.1743307982,2.426863655977616,0.08520494323407268,12,14.694442901580441,0,1,0
2024-05-21,24.2,10.5,17.7,85,83.0,636.1666666666666,33.45,13.120833333333332,77.46614328350185,27.573135539873952,1,153.60041976224127,14193.318729463308,103268.7983155251,0.1928438998172597,0.22533856716498146,12,19.778135741175365,0,1,0
2024-05-22,24.9,12.9,19.3,82,71.0,411.5,24.849999999999998,9.820833333333333,78.41323197339898,18.86213593435038,2,123.67605003340876,14194.687842278203,103433.14321285438,1.9084093626575394,0.21586768026601022,12,16.748871798801037,0,1,0
2024-05-23,25.8,0.7,15.7,78,78.0,526.625,30.599999999999998,9.575000000000001,74.44902591127186,24.229927268608243,3,107.85990158266503,14196.0569550931,102528.21243413321,1.3602457555413856,0.2555097408872814,12,18.91697934856298,0,1,0
2024-05-24,24.8,3.5,16.0,85,82.0,458.25,23.945833333333336,9.549999999999999,73.48668556696516,19.063001908053337,4,212.65180461138962,14197.426067907996,103642.4236510872,0.9846895659958927,0.2651331443303484,12,20.806480708346246,0,1,0
2024-05-25,25.1,0.5,21.9,75,82.0,287.125,12.608333333333334,4.3374999999999995,76.59068126397919,8.96250426067129,5,123.45081462058462,14198.795180722891,102623.20070826545,0.2580211948207712,0.23409318736020812,12,16.57618755231863,0,1,0
2024-05-26,24.7,2.4,27.2,68,71.0,228.95833333333334,9.65,3.8541666666666665,83.90871383387824,14.31438749467398,6,48.31961156960028,14200.164293537788,103585.67533006982,1.5932006180166587,0.16091286166121765,12,12.910936205429632,0,1,0
2024-05-27,25.5,0.0,23.8,70,69.0,213.95833333333334,9.429166666666667,3.3874999999999997,77.84231709246411,9.66794470017301,0,129.64842793307218,14201.533406352683,103984.67116503368,1.5045287905382927,0.2215768290753588,12,15.520465135948161,0,1,0
2024-05-28,25.7,0.0,21.7,71,68.0,206.83333333333334,8.575000000000001,3.466666666666667,75.59058599149485,8.442066596346573,1,140.94930179642589,14202.90251916758,103306.46867000667,0.7741198553622394,0.24409414008505148,12,16.168120227932047,0,1,0
2024-05-29,26.3,0.2,22.3,69,60.0,245.08333333333334,12.020833333333334,3.9291666666666667,75.91275492433782,4.585670083718325,2,140.82171709546952,14204.271631982476,104376.34544878457,2.284532083384749,0.24087245075662178,12,14.930458377165792,0,1,0
2024-05-30,26.0,2.4,17.1,73,62.0,269.0,13.691666666666668,4.9875,71.60723676521337,5.925077147609388,3,95.22789946679842,14205.640744797372,102800.41767734442,0.8298640176228085,0.28392763234786633,12,15.651148531913364,0,1,0
2024-05-31,26.5,1.2,17.7,71,63.0,231.20833333333334,11.091666666666667,4.5125,80.86243910858863,9.225229779758894,4,154.1421356796485,14207.009857612267,104119.17908123213,1.1793409854210548,0.19137560891411365,12,14.617895447980214,0,1,0
2024-06-01,25.5,28.0,16.0,84,69.0,276.375,12.929166666666667,5.7875000000000005,87.4386512119488,10.551563593304722,5,71.8418939158613,14208.378970427164,103853.9978819822,1.4050298942047736,0.12561348788051208,12,11.617977053728296,0,1,0
2024-06-02,25.5,10.3,11.8,80,75.0,342.2083333333333,16.587500000000002,6.941666666666666,79.6480803456375,10.720965638308384,6,40.78275191662773,14209.748083242059,102651.29334298595,0.34055650762308665,0.20351919654362505,12,13.779375780387563,0,1,0
2024-06-03,24.7,0.6,13.0,81,75.0,406.3333333333333,22.337500000000002,8.079166666666667,89.26243027137944,16.035031432169514,0,149.48273118628995,14211.117196056955,104857.58773002411,2.3371881261127174,0.10737569728620555,12,13.866180257137392,0,1,0
2024-06-04,24.6,7.1,13.4,82,75.0,361.5416666666667,19.429166666666667,7.895833333333333,80.28501163346274,18.947547450797458,1,172.06516848244857,14212.486308871852,103463.19855111439,0.9988867658824986,0.19714988366537256,12,17.44793199722977,0,1,0
2024-06-05,23.8,20.8,11.0,85,67.0,300.1666666666667,16.170833333333334,6.220833333333334,81.96283579961926,13.671624090317563,2,182.4081794706137,14213.855421686747,103049.2097961511,0.29387011329842466,0.1803716420038074,12,15.80005646307413,0,1,0
2024-06-06,23.6,8.4,20.7,88,58.0,272.5833333333333,14.858333333333334,5.8125,78.75456961517781,7.247807804075119,3,80.40549469819572,14215.224534501644,102777.28882319944,1.029498816820792,0.21245430384822184,12,13.128910180021839,0,1,0
2024-06-07,23.3,7.2,21.9,87,50.0,265.7083333333333,13.845833333333333,6.320833333333333,84.97378283678701,10.2688068519045,4,118.97839370161577,14216.593647316538,103363.70402012416,1.5404861130221936,0.15026217163212996,12,11.927754050781887,0,0,0
2024-06-08,23.8,1.9,22.7,80,39.0,197.58333333333334,8.654166666666667,4.020833333333333,79.26308164215106,4.56968389077565,5,38.60397512412934,14217.962760131435,103402.89021112156,1.332766412371191,0.20736918357848932,12,10.408607593453615,0,0,0
2024-06-09,23.5,3.3,28.3,80,30.0,183.54166666666666,7.595833333333334,3.3125,74.06688808673053,4.938566917440983,6,42.667174210480624,14219.331872946332,103510.79702494892,1.7669007376894577,0.2593311191326947,12,11.474062095806598,0,0,0
2024-06-10,23.7,2.2,28.4,79,31.0,166.20833333333334,7.395833333333333,2.970833333333333,83.00691573830082,4.422486336444405,0,26.390208975374986,14220.700985761227,103303.45679592964,0.2331614609629855,0.16993084261699176,12,8.459102408483915,0,0,0
2024-06-11,23.6,0.6,26.8,81,26.0,184.25,8.525,3.1875,76.26742365784402,4.879563252187984,1,25.444604486028723,14222.070098576123,103761.8481424617,0.7828974646529346,0.23732576342155975,12,10.180599480195566,0,0,0
2024-06-12,23.0,6.9,24.2,84,25.0,191.29166666666666,9.525,3.2416666666666667,89.00319110487018,2.9500105507464824,2,33.23250353667032,14223.439211391018,103244.30118443507,2.0661533844162454,0.10996808895129817,12,6.156194321884324,0,0,0
2024-06-13,23.1,3.1,23.5,81,30.0,202.625,9.804166666666667,3.4749999999999996,84.06019226285859,6.66953595544543,3,55.57928091336169,14224.808324205915,102463.514655509,0.29174485069926603,0.1593980773714141,12,8.993958332726471,0,0,0
2024-06-14,23.9,0.0,21.1,75,35.0,229.29166666666666,11.837499999999999,3.975,76.460712417365,6.547343756124736,4,60.678374669232895,14226.177437020811,103349.19657966697,2.1531662912702982,0.23539287582634993,12,11.707455331593868,0,0,0
2024-06-15,24.2,0.0,17.7,71,50.0,231.16666666666666,11.512500000000001,3.858333333333333,82.62406544694045,0.0,5,73.18108687826839,14227.546549835706,102233.01911416769,0.320550620985055,0.17375934553059547,12,10.176402103483234,0,0,0
2024-06-16,23.9,1.0,20.6,77,51.0,232.375,12.320833333333333,4.533333333333333,78.12142204210963,14.898916073504987,6,66.43789236515829,14228.915662650603,103586.52386966256,2.102690115740071,0.21878577957890366,12,13.697168645696026,0,1,0
2024-06-17,24.1,0.6,17.2,78,46.0,225.41666666666666,11.625,4.766666666666667,81.35109470048887,11.867975629316682,0,94.79155082490712,14230.284775465498,102912.8690524381,0.965892162588944,0.18648905299511132,12,12.490698950748984,0,0,0
2024-06-18,23.8,4.4,22.2,81,41.0,231.79166666666666,12.4625,4.054166666666666,81.64893126917791,7.3602644918916775,1,112.32575279321736,14231.653888280394,103477.07995839986,1.569301751817318,0.18351068730822095,12,11.725875348894727,0,0,0
2024-06-19,23.4,5.4,19.4,84,37.0,224.04166666666666,11.795833333333334,4.1125,76.9245733800365,8.303123815888462,2,80.46653258910686,14233.023001095291,104045.31788506679,0.46692907755519564,0.2307542661996349,12,12.367427210154453,0,0,0
2024-06-20,23.5,0.6,22.4,79,35.0,189.08333333333334,7.929166666666667,3.3249999999999997,75.91580067073015,2.749620291380647,3,38.66206579319666,14234.392113910186,102906.78666003303,0.25880493214043404,0.2408419932926985,12,10.860944158351986,0,0,0
2024-06-21,23.1,3.3,23.0,81,34.0,171.79166666666666,7.895833333333333,3.1750000000000003,83.73984327032464,11.07883530009926,4,98.66753027076679,14235.761226725082,103904.66975028563,0.6182516896483241,0.16260156729675357,12,10.893222919332834,0,0,0
2024-06-22,23.7,1.9,20.7,78,32.0,188.0,9.125,3.470833333333333,77.82089867157384,12.391866084319334,5,26.296875287880056,14237.130339539977,103150.22745104904,0.40684916298086926,0.22179101328426154,12,11.278447816933348,0,0,0
2024-06-23,23.8,1.6,22.9,77,29.0,178.83333333333334,7.945833333333333,3.4458333333333333,77.57540614703201,6.709664518072907,6,44.308369993711395,14238.499452354874,104236.40024878744,0.8497741544311163,0.2242459385296799,12,10.649995233475561,0,0,0
2024-06-24,23.7,4.1,24.8,77,29.0,170.375,8.1625,3.4166666666666665,76.36950968260258,9.273091932556033,0,83.67468433110213,14239.86856516977,103170.10715451809,1.3345197916264484,0.23630490317397412,12,12.183604571724672,0,0,0
2024-06-25,23.6,1.6,30.0,81,26.0,163.29166666666666,7.2250000000000005,2.9499999999999997,81.03439626237385,6.096277003468439,1,59.833760214607985,14241.237677984665,102925.3175817264,1.513022712556023,0.18965603737626158,12,9.620797876100271,0,0,0
2024-06-26,23.3,2.2,31.7,81,25.0,168.5,7.8125,3.0,87.88009967697258,1.8185736833722084,2,18.826823736707006,14242.606790799562,103682.06391303992,1.995683457711383,0.12119900323027422,12,6.035292624148199,0,0,0
2024-06-27,22.5,6.1,32.9,85,20.0,167.70833333333334,8.533333333333333,3.025,77.16986834298291,4.816613226442362,3,17.63575666980417,14243.975903614457,103113.430436393,1.6749757437960608,0.22830131657017094,12,9.324246614467565,0,0,0
2024-06-28,23.9,0.8,25.8,76,30.0,175.75,8.004166666666666,3.1750000000000003,78.91687782669102,6.459533900315871,4,89.4548893377027,14245.345016429354,102903.48115750286,1.5610199803109273,0.21083122173308977,12,11.182964523794126,0,0,0
2024-06-29,23.8,1.0,21.4,78,29.0,189.625,9.275,3.641666666666667,84.59888222166173,5.500106843769667,5,31.417546287143676,14246.71412924425,103078.16660257801,1.088276865965859,0.1540111777833828,12,8.103702285809806,0,0,0
2024-06-30,23.5,1.4,19.8,83,27.0,199.29166666666666,10.966666666666667,4.020833333333333,78.89143443501715,7.039456834361559,6,25.891470698843317,14248.083242059147,103287.66387520093,1.2371402439043329,0.2110856556498285,12,9.796317608625957,0,0,0
2024-07-01,23.0,9.0,22.3,85,27.0,177.75,9.55,3.7416666666666667,84.05948718499893,6.613301327472657,0,63.77648832327219,14249.452354874042,103973.93782027741,1.0948499905364346,0.15940512815001073,12,8.939678810086663,0,0,0
2024-07-02,24.0,0.1,26.7,75,23.0,176.95833333333334,8.995833333333334,3.2583333333333333,74.64042588741248,6.18069783973695,1,58.77645724160647,14250.821467688938,102328.68449528774,2.1211984721473196,0.25359574112587524,12,11.320506054568929,0,0,0
2024-07-03,23.2,10.4,22.2,83,24.0,181.45833333333334,9.216666666666667,3.3541666666666665,84.6732283888306,6.748858804825783,2,52.37599624770922,14252.190580503833,103300.14931085527,0.6520010861161596,0.1532677161116941,12,8.337880229028874,0,0,0
2024-07-04,22.4,3.8,19.7,84,31.0,210.41666666666666,12.4375,4.125,79.2214229399818,5.128601467476864,3,51.62663257559068,14253.55969331873,103593.94139206964,0.11373023570071511,0.20778577060018188,12,10.205395989638802,0,0,0
2024-07-05,23.2,6.9,20.7,81,34.0,185.33333333333334,9.479166666666666,3.8249999999999997,85.00291998271945,4.841034885949525,4,65.14663108535285,14254.928806133626,103371.09449560105,1.6631677533429743,0.1499708001728055,12,8.908211859783652,0,0,0
2024-07-06,22.6,5.9,27.3,81,30.0,163.16666666666666,7.979166666666667,3.2916666666666665,85.609544206259,2.1466638695667584,5,53.15797650582686,14256.297918948521,103922.18340618446,0.5859092407331953,0.14390455793740997,12,7.80229584867385,0,0,0
2024-07-07,23.4,1.0,26.9,78,25.0,175.5,9.2625,3.4916666666666667,89.50825456807446,9.5621966490586,6,33.57139062135587,14257.667031763418,103222.95876995096,2.236276327143542,0.10491745431925537,12,7.003280939363568,0,0,0
2024-07-08,23.2,5.6,22.2,78,25.0,196.95833333333334,10.625,3.8083333333333336,83.3085326928543,1.1251425078123605,0,39.85399998764421,14259.036144578313,103160.7363270998,2.1617111912959746,0.16691467307145702,12,7.723291568068448,0,0,0
2024-07-09,23.3,2.9,23.8,77,29.0,205.29166666666666,10.987499999999999,4.008333333333334,81.01318526632866,11.214937696617444,1,78.19224625986283,14260.40525739321,103542.05743506197,0.2841456926276941,0.18986814733671342,12,10.972129999791274,0,0,0
2024-07-10,23.3,1.5,20.6,78,35.0,199.25,9.424999999999999,3.9916666666666667,79.62753720630934,11.37404819178853,2,65.66931769740432,14261.774370208106,103288.43018239352,0.3553321729937856,0.2037246279369066,12,11.581232420823563,0,0,0
2024-07-11,23.2,3.7,19.1,81,34.0,214.79166666666666,11.399999999999999,3.6958333333333333,78.36733482875725,6.878874905718803,3,44.16675651331213,14263.143483023001,103036.44951914015,1.288411821391999,0.2163266517124275,12,10.784965917496887,0,0,0
2024-07-12,22.9,17.4,23.0,85,36.0,193.41666666666666,10.012500000000001,3.579166666666667,86.51393537384676,0.0,4,60.4205860219331,14264.512595837898,103482.60652143613,1.5621343906464513,0.13486064626153238,12,7.774231108284633,0,0,0
2024-07-13,22.7,1.2,27.2,83,27.0,173.83333333333334,8.35,2.9333333333333336,77.9483943594439,4.919401647431462,5,12.825183273804676,14265.881708652792,102891.15096839715,0.7597800099573777,0.22051605640556105,12,9.499895604757643,0,0,0
2024-07-14,22.5,1.5,27.8,82,19.0,184.625,9.829166666666667,3.1333333333333333,80.32384390507845,6.482447516133543,6,11.651799667926255,14267.25082146769,102904.70715235836,1.8203145200784896,0.19676156094921549,12,8.438249949255022,0,0,0
2024-07-15,21.7,16.8,27.2,90,18.0,162.125,7.858333333333333,2.954166666666667,91.09039014243183,2.7194553402132593,0,57.07448556672386,14268.619934282586,102939.17933084775,1.5277984502052917,0.08909609857568168,12,5.482290969636917,0,0,0
2024-07-16,21.8,16.2,29.7,89,25.0,151.95833333333334,6.670833333333333,2.5458333333333334,81.20382973888144,3.5026781519086048,1,32.64809637938983,14269.98904709748,103872.5915351763,0.8795778633965312,0.1879617026111856,12,8.567214728709654,0,0,0
2024-07-17,22.1,5.2,30.4,87,25.0,158.83333333333334,7.1000000000000005,2.6833333333333336,85.38951424451618,9.918918929923388,2,52.51951522036206,14271.358159912377,101578.42939046278,0.16089157130155743,0.14610485755483826,12,8.671373870540895,0,0,0
2024-07-18,22.1,9.3,33.3,87,22.0,154.91666666666666,7.295833333333333,2.370833333333333,87.88846026935947,7.15519815357189,3,26.466213087451738,14272.727272727272,103379.61759919964,1.9003606751164424,0.1211153973064053,12,6.776065903976977,0,0,0
2024-07-19,21.1,14.5,27.5,93,20.0,163.0,8.0375,2.6916666666666664,84.32772589203569,2.8825576568657003,4,36.79381917457125,14274.096385542169,103191.83470228083,0.6154087979801984,0.15672274107964312,12,7.269942264410573,0,0,0
2024-07-20,22.0,2.8,32.1,84,20.0,172.75,8.241666666666667,2.6,71.63258040396562,0.9672024912137029,5,0.0,14275.465498357065,102327.1441789242,2.102736984310308,0.2836741959603438,12,10.055306252492368,0,0,0
2024-07-21,22.9,1.1,33.0,80,23.0,155.20833333333334,6.629166666666666,2.475,76.85871205162226,4.044781380504021,6,16.289235416869253,14276.83461117196,103315.3234114738,1.1086966241302125,0.23141287948377742,12,9.48488829992631,0,0,0
2024-07-22,23.1,1.4,32.8,76,28.0,153.5,6.154166666666666,2.2708333333333335,84.34797818624443,4.103379661948685,0,46.525892403900755,14278.203723986857,103391.2166311841,1.484985862316237,0.15652021813755568,12,8.201631341496988,0,0,0
2024-07-23,23.3,2.2,29.9,78,25.0,161.66666666666666,6.754166666666666,2.5416666666666665,79.53852775080446,6.656514228756616,1,59.55575888071391,14279.572836801752,103441.04086430959,2.1950769529816045,0.20461472249195534,12,10.078033986686432,0,0,0
2024-07-24,23.2,1.5,30.5,77,23.0,164.0,7.170833333333333,2.6875,75.45279107082034,3.7977998622970235,2,49.31561826510741,14280.941949616648,101813.18783047095,2.1726952022078883,0.24547208929179665,12,10.5301450234006,0,0,0
2024-07-25,22.9,2.3,36.1,81,22.0,149.83333333333334,6.129166666666666,2.4,77.80090031508713,6.311582059418917,3,15.632157500959096,14282.311062431545,103815.17718128319,0.9916469805845758,0.2219909968491287,12,9.459110364405877,0,0,0
2024-07-26,23.1,2.2,35.1,80,22.0,139.41666666666666,5.866666666666667,2.2083333333333335,83.14248010601821,10.284628786847353,4,67.88396488087085,14283.68017524644,102755.99473637609,0.6013333425156234,0.16857519893981787,12,9.497629583839057,0,0,0
2024-07-27,23.2,0.6,34.7,74,26.0,142.79166666666666,5.770833333333333,2.2291666666666665,81.12693427280551,6.943169733999454,5,35.40606080443991,14285.049288061336,103461.02757545763,1.9603505865486273,0.18873065727194482,12,9.23151639434706,0,0,0
2024-07-28,22.8,0.2,34.2,75,42.0,145.91666666666666,6.1375,2.5375,77.02427160332122,4.678651144674349,6,41.76787034354973,14286.418400876231,103481.16120578474,1.1393924886451148,0.22975728396678774,12,11.36987359757578,0,0,0
2024-07-29,23.3,3.7,30.1,80,32.0,162.79166666666666,6.991666666666667,2.7875,78.41270235274126,4.848465253506783,0,57.416352932297215,14287.787513691128,102665.15638599648,0.5609007845416097,0.2158729764725874,12,10.591786140849583,0,0,0
2024-07-30,21.2,11.7,24.7,94,18.0,210.0,10.9125,3.704166666666667,82.21296740382472,6.526230597460387,1,24.744851055555607,14289.156626506025,103426.61551834445,2.2706208215611605,0.17787032596175278,12,8.069941389582754,0,0,0
2024-07-31,22.0,10.6,21.8,88,22.0,200.08333333333334,10.295833333333333,3.3708333333333336,79.45035926200599,10.654006070689768,2,47.25604679497452,14290.525739320921,102896.51953507504,0.5754500661786097,0.20549640737994013,12,10.24811406790116,0,0,0
2024-08-01,22.4,3.4,26.3,86,22.0,201.08333333333334,10.433333333333334,3.475,86.72150275787777,5.3438929954794245,3,49.11176871857165,14291.894852135816,102046.45817922468,0.1619372036589546,0.13278497242122222,12,7.307368496330014,0,0,0
2024-08-02,22.6,4.3,25.9,85,26.0,189.75,9.541666666666666,3.2708333333333335,79.13071812315464,6.8581681269999475,4,19.662086173088895,14293.263964950711,103658.89834502019,0.14867193704180792,0.20869281876845358,12,9.502751505565378,0,0,0
2024-08-03,22.3,7.6,25.6,85,25.0,205.66666666666666,12.445833333333333,3.9125,86.65863408330199,8.291510372309922,5,19.224783253078087,14294.633077765608,102680.38551411072,1.5935568554902344,0.13341365916698011,12,7.380631995917453,0,0,0
2024-08-04,23.2,2.0,21.7,81,30.0,214.08333333333334,12.066666666666668,4.2,85.3852642076898,6.775480754898737,6,21.901060591928214,14296.002190580504,102633.54187761236,1.688020145722073,0.14614735792310196,12,7.938764062766433,0,0,0
2024-08-05,22.7,1.2,15.6,84,41.0,235.66666666666666,13.200000000000001,4.708333333333333,82.42324359259185,5.024270023014363,0,78.92341211388556,14297.3713033954,102852.13628832555,0.8465000921367614,0.17576756407408156,12,10.475135667952312,0,0,0
2024-08-06,22.2,8.6,15.3,88,45.0,289.0833333333333,17.5,5.5625,79.4635187491278,12.447256844186338,1,111.61622011854251,14298.740416210296,103182.66819837016,0.8680263741929521,0.20536481250872196,12,13.41035730426046,0,0,0
2024-08-07,21.9,5.2,17.2,88,47.0,295.4583333333333,17.8875,5.4750000000000005,81.34492036134644,11.422821417767182,2,76.21518370806436,14300.109529025192,103010.79524365795,0.9147853961438626,0.1865507963865356,12,12.124250778422432,0,0,0
2024-08-08,22.4,16.1,17.4,85,40.0,232.91666666666666,12.4625,4.108333333333333,84.34321757443634,10.033638074976377,3,62.04076306364316,14301.478641840087,103306.34452478513,1.7323805122213087,0.15656782425563665,12,10.242895700188418,0,0,0
2024-08-09,23.1,12.4,18.2,83,39.0,272.125,14.208333333333334,4.708333333333333,79.39519255707948,8.2079490806825,4,71.649317787069,14302.847754654984,102355.44699252975,0.2395210984643886,0.20604807442920514,12,11.57562095071991,0,0,0
2024-08-10,22.8,19.2,16.6,86,43.0,320.0833333333333,18.670833333333334,5.916666666666667,86.82743712688641,16.01454722977248,5,35.56944819790917,14304.21686746988,102646.87910394126,2.3298792464591815,0.1317256287311359,12,10.075339910358132,0,0,0
2024-08-11,23.6,3.0,14.8,81,52.0,334.3333333333333,18.145833333333332,5.995833333333334,73.8838408353608,9.754261989697799,6,39.856270097754745,14305.585980284775,102952.9543663584,0.6340505060258714,0.26116159164639197,12,13.735112449801523,0,1,0
2024-08-12,24.1,2.4,13.7,79,56.0,357.125,21.554166666666664,6.895833333333333,82.91071755384625,19.311120852053676,0,116.21604439975943,14306.955093099672,103952.77716221106,2.4992156925810214,0.17089282446153742,12,14.267773749649363,0,1,0
2024-08-13,23.8,12.7,11.5,82,63.0,417.8333333333333,23.625,7.991666666666667,80.07153081080642,10.81792380384855,1,101.7732900927131,14308.324205914567,102939.80786003737,0.5116544650892487,0.19928469189193576,12,14.046695129189619,0,1,0
2024-08-14,24.5,1.5,11.2,78,83.0,495.2916666666667,24.78333333333333,9.791666666666666,77.25463862349135,19.56722686033734,2,170.40628790305806,14309.693318729463,103532.2058744376,1.9517114975497059,0.22745361376508655,12,18.976818200064358,0,1,0
2024-08-15,24.6,2.0,11.1,79,79.0,463.3333333333333,22.808333333333334,11.15,77.98315148618457,19.592125380913206,3,108.16195539963329,14311.06243154436,103001.75294036149,0.6361901078311001,0.22016848513815435,12,17.237112469274273,0,1,0
2024-08-16,23.8,13.3,11.6,84,105.0,674.0833333333334,34.262499999999996,13.625,79.03438010518369,22.807912129510687,4,209.27324007115587,14312.431544359255,102733.52665061309,0.2940323239438095,0.20965619894816312,12,21.246337589294612,0,2,0
2024-08-17,23.9,3.7,11.1,83,97.0,527.3333333333334,25.0625,9.629166666666666,78.9767752059011,19.84276514691637,5,109.81021399564028,14313.800657174152,102844.87437063719,2.1998399784415574,0.21023224794098894,12,18.26958649017993,0,1,0
2024-08-18,24.1,0.1,7.6,80,72.0,463.2916666666667,25.316666666666666,8.729166666666666,74.54038537350992,21.303972675947144,6,98.2971934582813,14315.169769989046,102876.90734004251,2.1610030220581407,0.2545961462649008,12,17.83942415850472,0,1,0
2024-08-19,23.6,17.4,8.4,86,81.0,475.0,25.166666666666668,8.895833333333334,86.39518918982897,10.98704348193781,0,140.3039539049462,14316.538882803943,103255.82067889987,1.0685689418790432,0.1360481081017103,12,14.205578843440906,0,1,0
2024-08-20,23.5,19.7,15.1,85,74.0,297.5833333333333,16.208333333333332,6.391666666666667,78.796081279013,13.181567755805776,1,100.27513053098164,14317.90799561884,103634.1840565703,1.7857507420970244,0.21203918720987003,12,15.5239133902866,0,1,0
2024-08-21,23.3,1.2,20.8,84,55.0,278.4583333333333,13.9,7.1125,78.23551831818565,3.7422708723431013,2,67.27222186277501,14319.277108433735,103119.59945998773,1.4369582384414012,0.2176448168181434,12,12.286129572651266,0,1,0
2024-08-22,23.1,0.4,26.7,78,45.0,219.25,11.154166666666667,4.4624999999999995,85.66571599623313,5.319255589430377,3,81.68059172693361,14320.646221248631,103526.178488878,2.1470946728169973,0.14334284003766873,12,9.881785374083291,0,0,0
2024-08-23,23.1,0.1,22.2,79,41.0,255.04166666666666,13.512500000000001,5.0,73.98867470157771,14.491665761369504,4,98.37541711579817,14322.015334063526,102443.12539405482,0.8561343263647706,0.26011325298422294,12,14.81465579604808,0,0,0
2024-08-24,22.8,3.8,26.1,81,41.0,188.54166666666666,7.8500000000000005,3.5625,76.75902011790059,4.632570566490504,5,56.70911715254506,14323.384446878423,102711.08562182519,1.3568137599975645,0.2324097988209941,12,11.671361892654302,0,0,0
2024-08-25,22.7,0.9,28.1,79,28.0,178.5,7.158333333333334,2.954166666666667,81.01563139863565,2.1833601067730823,6,28.551402116019805,14324.75355969332,102549.1302224909,1.2648936908909212,0.18984368601364354,12,8.553842638745664,0,0,0
2024-08-26,23.0,1.2,27.7,77,27.0,181.95833333333334,7.345833333333334,2.9958333333333336,79.8483271277584,5.227020146379288,0,71.84519195011333,14326.122672508214,103061.38439839472,0.9493739830164609,0.201516728722416,12,10.15645872263164,0,0,0
2024-08-27,22.7,1.7,23.0,80,26.0,193.20833333333334,8.483333333333333,3.3625000000000003,80.78252039709425,12.69830234782399,1,39.90817558525737,14327.49178532311,102717.56352373012,2.2394921549352933,0.19217479602905752,12,10.28815274475047,0,0,0
2024-08-28,22.3,1.4,23.4,82,26.0,220.875,10.9625,3.775,81.21674852059066,2.267453258381921,2,68.5982111205365,14328.860898138006,103254.80979819947,0.49810701919008515,0.18783251479409346,12,9.16705765499082,0,0,0
2024-08-29,21.9,9.4,23.4,87,25.0,209.375,9.6375,3.233333333333333,85.04888587424709,3.771070265081965,3,12.35970229947165,14330.230010952902,102417.30308722869,0.4588207348496708,0.14951114125752907,12,7.0481888234776,0,0,0
2024-08-30,21.8,3.9,20.9,88,22.0,213.20833333333334,10.379166666666666,3.1,84.8987993678249,11.598128382872211,4,28.10104334123867,14331.599123767799,102897.2000430681,1.4845828847746032,0.15101200632175094,12,8.372100313908131,0,0,0
2024-08-31,21.5,4.6,22.4,89,21.0,194.75,9.866666666666667,3.158333333333333,82.42927462771405,12.375607030613196,5,0.0,14332.968236582694,103211.99412527612,1.6779861519638608,0.17570725372285945,12,8.597558666277765,0,0,0
2024-09-01,22.3,5.3,26.6,84,23.0,193.625,9.233333333333333,3.2416666666666667,80.00496938152583,6.340956327129147,6,15.203093986604156,14334.33734939759,101828.79439561222,0.5670862103789563,0.19995030618474174,12,8.863714514343707,0,0,0
2024-09-02,22.9,4.1,20.5,83,26.0,191.08333333333334,9.820833333333335,3.2916666666666665,83.03029480481092,3.1149252257534057,0,45.874775654673144,14335.706462212485,103915.14205016018,1.037721861411098,0.16969705195189078,12,8.295645855513197,0,0,0
2024-09-03,23.1,1.4,23.8,81,27.0,197.125,9.533333333333333,3.4250000000000003,86.80952773958087,13.173780505427477,1,54.9320298445304,14337.075575027382,102705.63106741766,2.371753223148985,0.13190472260419128,12,8.921849350830467,0,0,0
2024-09-04,23.2,0.5,25.2,79,28.0,204.875,10.804166666666667,3.4,78.2694650144697,12.11332717524759,2,55.837667057742706,14338.444687842279,101827.56766638206,0.6918818144576175,0.21730534985530303,12,11.412912913101081,0,0,0
2024-09-05,23.2,0.5,22.1,79,32.0,210.0,10.266666666666667,3.4458333333333333,74.70188278131744,9.284340963286699,3,39.04893338376543,14339.813800657175,102912.01518587107,1.7040656850817457,0.2529811721868256,12,12.003064977773082,0,0,0
2024-09-06,22.8,1.6,21.3,81,29.0,226.83333333333334,11.508333333333333,3.545833333333333,83.61832267714789,5.411126286521073,4,57.095183111735686,14341.18291347207,102842.57058393181,1.876358544874218,0.16381677322852117,12,8.898075802068508,0,0,0
2024-09-07,22.5,11.9,21.7,85,33.0,225.75,11.020833333333334,3.5124999999999997,82.6284753441856,7.524161977485891,5,9.65106662788503,14342.552026286967,102777.78227352152,1.175508878716383,0.17371524655814397,12,8.843103025924904,0,0,0
2024-09-08,22.3,2.6,23.4,85,33.0,203.45833333333334,9.683333333333334,3.2583333333333333,70.69932181594386,6.413503090198841,6,56.96457950264501,14343.921139101862,103307.20563313365,2.350062368222999,0.2930067818405614,12,13.201520508799566,0,0,0
2024-09-09,22.9,6.0,25.7,81,23.0,184.75,8.879166666666666,3.0041666666666664,84.63968670860169,7.306303913846732,0,35.32747854203998,14345.290251916758,103178.2131757464,1.8679761645250972,0.1536031329139831,12,8.020589145337304,0,0,0
2024-09-10,23.3,1.9,29.9,79,26.0,171.54166666666666,7.216666666666666,2.9166666666666665,77.31868725618432,9.983420981060675,1,40.92227761912618,14346.659364731655,102946.30939890732,1.1990189916661549,0.22681312743815685,12,10.940352522686329,0,0,0
2024-09-11,23.4,0.7,22.9,77,27.0,193.25,8.829166666666667,3.3249999999999997,78.56786687078336,9.214501123412209,2,84.42880656888165,14348.02847754655,103015.32973373127,1.4664044842626256,0.21432133129216635,12,11.390391238654457,0,0,0
2024-09-12,23.3,0.7,22.1,76,32.0,241.75,13.079166666666666,4.058333333333334,80.00792132227606,5.544121769045726,3,32.75506932901541,14349.397590361446,102730.95330540143,1.7622722642202417,0.19992078677723935,12,9.724343255254347,0,0,0
2024-09-13,23.1,0.0,20.8,74,51.0,271.8333333333333,15.174999999999999,4.5,78.21199871911627,14.100322683391948,4,84.58825771936061,14350.766703176341,103663.75856810305,1.5212564330301237,0.2178800128088373,12,13.913213941161123,0,1,0
2024-09-14,23.1,0.9,20.9,75,53.0,259.0833333333333,14.7125,4.504166666666666,80.54780726855616,10.6464797533728,5,41.6755935026287,14352.135815991238,102029.29574766668,2.208874201182582,0.1945219273144384,12,11.976141652491645,0,1,0
2024-09-15,23.3,0.6,18.6,75,45.0,237.08333333333334,12.370833333333332,4.254166666666666,76.24805451772062,10.695780720910083,6,39.14257236601036,14353.504928806135,102831.60020731605,0.9565327894729627,0.2375194548227938,12,12.662802200140533,0,0,0
2024-09-16,22.8,0.7,22.6,76,44.0,238.25,11.904166666666667,3.9166666666666665,80.13242319270432,12.703372577835808,0,87.83263259275195,14354.87404162103,102787.16729916504,0.8197257761339318,0.19867576807295673,12,12.702431580719114,0,0,0
2024-09-17,23.1,0.4,20.4,77,41.0,246.375,13.004166666666668,4.0874999999999995,77.07181328966433,5.482759251459347,1,94.74350936235668,14356.243154435926,103154.17579996548,0.6132133347886343,0.22928186710335663,12,12.465740088066736,0,0,0
2024-09-18,23.0,0.0,16.8,67,59.0,407.25,20.0,6.2124999999999995,80.00524192355,13.69252326388061,2,166.48990634989937,14357.61226725082,102318.48927158327,0.19067912335502835,0.19994758076449992,12,15.512104039515078,0,1,0
2024-09-19,23.0,0.6,18.4,71,65.0,363.3333333333333,19.724999999999998,6.083333333333333,79.4514699360522,11.606469679255689,3,72.01135091598472,14358.981380065718,101861.46052246,0.2032335145121328,0.2054853006394779,12,13.895756489392387,0,1,0
2024-09-20,23.8,0.1,13.3,70,59.0,349.75,18.841666666666665,5.9375,73.34824519182162,8.008921723903633,4,136.07471178248832,14360.350492880614,102804.58894506992,2.1881324634622787,0.26651754808178385,12,16.04835893668882,0,1,0
2024-09-21,24.0,0.1,18.6,70,55.0,251.16666666666666,12.829166666666666,4.133333333333334,81.63392846470013,9.880546599481425,5,54.85738854855538,14361.719605695509,102859.67329649265,1.7281435513741776,0.18366071535299866,12,11.93905122148328,0,1,0
2024-09-22,24.0,1.4,19.3,71,45.0,241.29166666666666,12.262500000000001,4.341666666666667,76.1661462195438,16.23133632141994,6,28.77169702222453,14363.088718510406,103456.73836846973,1.6852777970475668,0.23833853780456193,12,13.310290522794341,0,0,0
2024-09-23,23.5,5.3,20.0,80,46.0,259.7083333333333,13.058333333333332,4.054166666666666,83.05223119312458,3.4268500998160736,0,70.40455743492245,14364.4578313253,102069.63825394589,1.5751427654437264,0.16947768806875418,12,10.226449305733484,0,0,0
2024-09-24,23.1,4.4,23.5,84,35.0,222.20833333333334,10.5875,3.7458333333333336,81.47914925360537,7.548991500184923,1,50.074606583840534,14365.826944140197,103275.04677382934,2.1381259472658516,0.18520850746394624,12,10.14009608062294,0,0,0
2024-09-25,23.3,2.5,23.4,80,34.0,215.875,10.2875,3.408333333333333,86.65273470718049,9.211628805224318,2,99.99049669206903,14367.196056955094,103874.28768584707,1.2526406215975059,0.1334726529281951,12,9.765733842470883,0,0,0
2024-09-26,23.6,0.6,19.5,76,30.0,242.58333333333334,13.791666666666666,4.275,77.84613607051259,9.497567938301877,3,70.84594654027805,14368.565169769989,102494.57867343482,2.1889859885399208,0.22153863929487416,12,11.587713300397066,0,0,0
2024-09-27,23.4,1.5,16.8,79,34.0,247.66666666666666,12.541666666666666,4.195833333333334,77.5027328155272,8.417282509119445,4,71.86391957114749,14369.934282584885,102030.870620812,0.9626680628373739,0.22497267184472802,12,11.829050923132709,0,0,0
2024-09-28,23.2,3.0,15.4,82,55.0,432.2083333333333,20.041666666666668,8.104166666666666,78.37232157644907,11.299434242995861,5,93.02031504974,14371.30339539978,102465.73516073445,2.324098010413817,0.21627678423550933,12,13.89362496450946,0,1,0
2024-09-29,24.0,5.5,12.1,78,55.0,316.9166666666667,17.608333333333334,6.858333333333333,78.2372808686629,13.265026895487159,6,19.24942069402249,14372.672508214677,102669.10544096938,1.7767767521949762,0.21762719131337094,12,12.753558187604652,0,1,0
2024-09-30,24.5,0.1,13.6,73,58.0,316.8333333333333,19.366666666666667,10.554166666666667,80.3397676077682,13.040541402285555,0,77.78589737338146,14374.041621029573,102936.87750814967,0.7172251264586254,0.19660232392231802,12,13.469868875480001,0,1,0
2024-10-01,24.8,0.4,10.6,73,69.0,394.625,23.183333333333334,14.816666666666668,70.24475756625364,13.221484885064342,1,90.99064535610626,14375.410733844468,102352.16681908975,1.4538038120527004,0.29755242433746365,12,17.559608370005687,0,1,0
2024-10-02,24.2,9.8,14.6,78,67.0,340.6666666666667,18.483333333333334,9.216666666666667,76.35527032341459,18.065443328207863,2,116.66170919753425,14376.779846659365,103418.34406444497,1.3792733475718133,0.2364472967658542,12,16.82646958615749,0,1,0
2024-10-03,23.4,4.2,15.5,82,67.0,490.3333333333333,27.004166666666666,8.154166666666667,74.05878831368324,20.772240792859463,3,123.83397053409506,14378.14895947426,102076.35925322982,0.4309571721528015,0.2594121168631677,12,18.06487903550585,0,1,0
2024-10-04,23.6,7.2,12.3,82,67.0,350.0,20.075,6.170833333333333,83.3312303678943,13.37998293055324,4,142.75717155864666,14379.518072289156,101756.90344800998,1.518982973801474,0.16668769632105696,12,14.552771760387628,0,1,0
2024-10-05,22.4,11.3,14.3,87,57.0,399.375,21.1125,6.620833333333334,88.5124534903277,14.98722406461711,5,71.38683822119762,14380.887185104053,103172.74184960258,0.8554854969206991,0.11487546509672297,12,11.112084327018207,0,1,0
2024-10-06,23.3,0.5,11.4,78,81.0,577.125,32.175000000000004,10.370833333333334,75.73220312585012,24.869204038146687,6,44.67886337867836,14382.25629791895,101474.95673521837,0.22563704034304582,0.24267796874149883,12,17.574296935540534,0,1,0
2024-10-07,23.1,0.9,23.5,77,112.0,493.0,23.766666666666666,11.25,74.08471310723996,19.483018970334246,0,217.66309485228044,14383.625410733845,102503.08297974765,2.3767747784957556,0.25915286892760037,12,22.89030081042376,0,2,0
2024-10-08,23.2,10.7,13.4,82,107.0,377.4583333333333,19.2375,7.616666666666667,79.21020865245274,16.82788599761728,1,213.44255036477998,14384.994523548741,104156.86904215057,1.6395768857542907,0.2078979134754726,12,20.51997131120237,0,2,0
2024-10-09,23.3,5.2,14.4,82,66.0,302.8333333333333,15.9625,10.625,83.42751321043276,13.299636730711782,2,143.36108562931997,14386.363636363636,102584.88731442913,2.204605436490033,0.1657248678956723,12,14.45391325906334,0,1,0
2024-10-10,22.8,6.5,17.5,84,59.0,397.125,21.47083333333333,10.200000000000001,75.94058746323769,20.46845121572184,3,68.34475644819896,14387.732749178533,102023.40587892351,1.7225344120318076,0.24059412536762315,12,15.784986572350945,0,1,0
2024-10-11,22.9,4.9,17.3,84,58.0,292.9583333333333,15.720833333333333,8.625,80.01347593093912,13.783190511131384,4,128.0298171759558,14389.10186199343,102547.97158574077,0.956760861136271,0.19986524069060874,12,14.684032140907085,0,1,0
2024-10-12,23.2,7.2,15.3,82,51.0,299.75,16.316666666666666,6.154166666666666,84.23079051912971,12.167155830817624,5,37.444695201649466,14390.470974808324,102544.15053668695,1.3304513735891474,0.15769209480870283,12,10.874730122916718,0,1,0
2024-10-13,23.3,1.8,19.7,81,41.0,292.1666666666667,16.370833333333334,5.245833333333334,80.67437667975938,7.17023340053057,6,28.95353494897276,14391.84008762322,102642.75651453581,1.721792224833225,0.19325623320240626,12,10.322292705131227,0,0,0
2024-10-14,21.0,14.4,13.7,93,56.0,463.4166666666667,29.587500000000002,10.770833333333334,83.71832646639498,20.833784229571798,0,111.48729797272766,14393.209200438116,102886.4436488016,2.4046055804834503,0.16281673533605012,12,14.159315653971827,0,1,0
2024-10-15,21.2,31.5,15.9,92,55.0,544.8333333333334,23.675,9.966666666666667,93.85418437026856,16.03496858084998,1,109.07187212511826,14394.578313253012,102028.63718690048,0.7088067018920715,0.06145815629731444,12,10.280427418549296,0,1,0
2024-10-16,20.8,13.3,11.6,93,59.0,456.0833333333333,25.766666666666666,8.950000000000001,71.55707082800305,15.74598515374785,2,98.01920040441362,14395.947426067909,103384.84741206527,2.1999449406978826,0.28442929171996956,12,16.985160532749536,0,1,0
2024-10-17,22.8,0.8,14.7,83,39.0,363.5833333333333,20.037499999999998,6.516666666666667,81.08150127812362,11.110956448384968,3,70.32546312368837,14397.316538882804,102656.51113999572,2.3177867327062467,0.18918498721876376,12,11.478702346294426,0,0,0
2024-10-18,22.2,8.4,18.5,87,66.0,641.2916666666666,26.645833333333332,11.358333333333334,77.44369726749031,18.022961870968988,4,107.96929369512713,14398.6856516977,102890.23163437286,1.7089972351814957,0.22556302732509692,12,16.249720974300796,0,1,0
2024-10-19,21.4,8.5,10.1,90,92.0,913.8333333333334,37.13333333333333,15.445833333333333,71.47746841257418,35.92014754238422,5,133.4053479179659,14400.054764512595,102205.64052465669,2.3350399057632107,0.28522531587425815,12,23.052888565944695,0,1,0
2024-10-20,21.7,21.1,11.7,89,87.0,534.25,31.954166666666666,10.575000000000001,86.13481039809993,25.26776718596521,6,74.19431961007497,14401.423877327492,103155.7869063948,1.0549086099456844,0.13865189601900074,12,15.5236083506663,0,1,0
2024-10-21,22.2,17.8,10.2,88,61.0,586.0833333333334,23.020833333333332,10.9125,89.56463418065184,25.07568583976612,0,132.1709988851065,14402.792990142389,102376.95024685306,2.3872388224970624,0.10435365819348164,12,13.805382599471496,0,1,0
2024-10-22,22.0,27.3,11.9,87,101.0,904.75,35.32083333333333,13.883333333333333,85.32020594148923,24.30506494133331,1,186.41936625807915,14404.162102957283,102637.13332136889,1.7866789051983398,0.14679794058510764,12,18.84808528391481,0,2,0
2024-10-23,22.4,20.1,10.4,86,94.0,699.25,31.866666666666664,12.225,87.15149818881176,24.101261249732676,2,172.82848023186835,14405.53121577218,102024.68463939111,0.20081384180514855,0.1284850181118824,12,17.50630933545374,0,1,0
2024-10-24,22.0,1.1,6.2,85,83.0,645.5416666666666,32.958333333333336,11.35,82.73911303195457,19.272393791054377,3,134.11626426724308,14406.900328587075,101985.65247814613,2.2764947963657267,0.1726088696804543,12,16.561450444416646,0,1,0
2024-10-25,21.9,0.0,8.7,78,127.0,997.4166666666666,46.69166666666666,15.3375,78.9096578143362,31.097082035075477,4,284.2234786338615,14408.269441401972,102821.10155793618,1.2627347416796622,0.21090342185663802,12,25.56613453363769,0,2,0
2024-10-26,21.6,0.0,13.2,73,157.0,1180.75,47.949999999999996,17.816666666666666,78.70985811748558,34.128119049750275,5,174.2113768534305,14409.638554216868,102248.0761029686,1.204784763466799,0.21290141882514424,12,25.980487959285476,0,2,0
2024-10-27,21.1,0.0,11.0,75,156.0,905.2916666666666,38.7875,13.016666666666666,75.16850996428757,32.21791868599135,6,153.29190864830355,14411.007667031763,102035.84858768265,1.4595198543511223,0.24831490035712434,12,26.267972986578503,0,2,0
2024-10-28,21.9,0.0,9.0,75,143.0,1209.5416666666667,40.80416666666667,15.549999999999999,73.15173455560637,32.47797763236139,0,249.75095204661417,14412.37677984666,102134.04907378386,0.458522912250947,0.2684826544439364,12,27.931195319104578,0,2,0
2024-10-29,22.5,0.4,9.7,76,129.0,950.2083333333334,33.270833333333336,11.891666666666666,67.30213675241131,29.82347133441538,1,212.0307340021676,14413.745892661555,102797.99789401863,1.2259985165617568,0.3269786324758869,12,27.553494354482268,0,2,0
2024-10-30,22.4,1.1,7.5,80,156.0,1289.875,37.791666666666664,15.945833333333333,71.65575004748021,35.61611266876555,2,292.79371864427065,14415.115005476451,102126.88304092066,2.0947053201225896,0.28344249952519784,12,30.621566258956186,0,2,0
2024-10-31,22.5,4.0,10.0,83,152.0,1223.0416666666667,29.4375,11.566666666666668,70.62701361873523,34.91258292298104,3,250.017835712743,14416.484118291348,102375.45511908391,0.1371579019300368,0.29372986381264765,12,29.68914006708145,0,2,0
2024-11-01,22.3,8.2,9.6,84,148.0,1049.9583333333333,24.866666666666664,7.583333333333333,84.56377086999125,18.071250663914164,4,311.4780544736467,14417.853231106243,102434.67707339108,0.7550011847784911,0.1543622913000875,12,23.931117428062684,0,2,1
2024-11-02,22.1,1.2,19.9,83,85.0,637.2916666666666,19.966666666666665,6.245833333333334,75.52645675027065,19.88811638602706,5,78.19184528651019,14419.22234392114,101461.36936860492,0.10589100746522613,0.24473543249729346,12,17.839117338553066,0,1,0
2024-11-03,22.4,0.7,17.6,81,70.0,481.9166666666667,21.070833333333333,6.395833333333333,77.27281922713794,18.41723927786885,6,81.51950201429233,14420.591456736034,101677.36122228586,1.097707141959636,0.22727180772862055,12,16.11113016382479,0,1,0
2024-11-04,22.4,1.0,14.8,79,57.0,508.25,17.233333333333334,6.958333333333333,79.75594150416188,11.507363485918894,0,100.77848279293946,14421.96056955093,102573.94398295894,1.8479572251849632,0.20244058495838113,12,13.80489172749806,0,1,0
2024-11-05,21.9,0.0,13.6,72,78.0,635.0,24.9875,10.145833333333334,76.27440978548981,22.955150009419484,1,148.5480801048252,14423.329682365827,102030.17097112135,2.0170523898751083,0.23725590214510195,12,18.991911167862483,0,1,0
2024-11-06,22.2,0.1,16.5,67,116.0,657.5416666666666,25.795833333333334,11.058333333333332,81.02020416172302,21.95760155574535,2,239.31784275575166,14424.698795180724,102919.92872070045,2.368455426704816,0.1897979583827698,12,21.893935839959934,0,2,0
2024-11-07,22.6,1.3,19.9,76,111.0,653.8333333333334,17.645833333333332,7.620833333333334,72.47940255306219,15.72215455347311,3,219.07813868151723,14426.067907995619,102867.85043054805,1.5604110711298878,0.2752059744693781,12,22.766065190732654,0,2,0
2024-11-08,22.8,0.0,17.2,72,75.0,570.7083333333334,17.55,5.666666666666667,77.02842982094897,11.900276872417336,4,157.09802496460696,14427.437020810514,102736.91182496304,0.711104479966949,0.22971570179051026,12,17.068473083870046,0,1,0
2024-11-09,22.2,0.0,17.2,68,52.0,548.5416666666666,18.287499999999998,5.575,74.43011765720782,12.159338312319107,5,46.975994009014194,14428.80613362541,103280.09399880416,2.3179550779280773,0.25569882342792183,12,14.074385329865802,0,1,0
2024-11-10,22.0,0.4,16.4,71,80.0,620.6666666666666,18.845833333333335,7.358333333333333,70.87990995511717,22.424852954024445,6,36.52060767775741,14430.175246440307,102321.54405463881,1.9607578093129026,0.2912009004488283,12,18.430167110123662,0,1,0
2024-11-11,22.2,0.0,16.9,66,96.0,773.5,23.558333333333334,10.204166666666667,72.75292363637887,20.927048456872445,0,159.0790048592964,14431.544359255204,102680.41029482486,1.4786283592075469,0.27247076363621137,12,21.21476027480313,0,1,0
2024-11-12,22.2,0.9,18.4,75,99.0,465.75,20.400000000000002,9.625,75.26185281180635,18.898890004594378,1,180.70575506704077,14432.913472070099,102056.64945693748,1.7695365177254463,0.2473814718819365,12,20.80039275848807,0,1,0
2024-11-13,22.3,9.9,17.4,85,71.0,299.6666666666667,14.895833333333334,5.9875,78.69279110193095,8.685218521664009,2,140.59114905984595,14434.282584884995,103567.9155150324,2.3183592520178298,0.21307208898069052,12,15.476768428867233,0,1,0
2024-11-14,21.9,6.0,16.2,87,30.0,332.9583333333333,14.200000000000001,5.666666666666667,78.13031608050458,8.650024494668418,3,47.09706237723945,14435.65169769989,103326.42799817858,1.809745668335012,0.2186968391949542,12,10.900350097593675,0,0,0
2024-11-15,22.1,10.0,15.4,86,38.0,399.4583333333333,14.416666666666666,5.05,76.47473014531266,14.595537761083161,4,93.55865944102857,14437.020810514787,102333.432002582,0.9840988182033615,0.23525269854687336,12,13.778084809389245,0,0,0
2024-11-16,22.1,3.4,17.2,86,37.0,397.5416666666667,15.9125,5.258333333333334,79.17757770948522,7.8554380320120725,5,32.14033457458622,14438.389923329683,102513.66551363825,1.811267685493832,0.20822422290514775,12,10.657849083447969,0,0,0
2024-11-17,22.7,0.5,14.1,80,80.0,468.4166666666667,15.737499999999999,6.345833333333334,70.181118503876,11.967275362950854,6,70.85917666294117,14439.759036144578,102992.9018117306,0.19666759056493088,0.29818881496124006,12,17.75793928653865,0,1,0
2024-11-18,22.3,0.1,14.9,77,111.0,525.1666666666666,13.991666666666667,5.1625000000000005,77.53022385475842,12.648748899883364,0,223.47974886393777,14441.128148959475,102232.56387300367,1.027397348393395,0.22469776145241582,12,20.87784015583373,0,2,0
2024-11-19,22.3,0.0,13.6,73,108.0,550.5,14.616666666666667,6.175,74.92975901173801,13.929117805520157,1,217.43650427909932,14442.49726177437,101970.70220337342,1.0751752764293903,0.2507024098826198,12,21.519170052888608,0,2,0
2024-11-20,22.1,0.0,12.4,71,114.0,536.375,15.700000000000001,6.670833333333333,68.46979400214028,13.53897014495153,2,221.09924916622873,14443.866374589266,102728.88972763925,0.5004117626100032,0.3153020599785973,12,23.891892304425223,0,2,0
2024-11-21,22.0,0.0,12.2,71,120.0,576.2083333333334,30.616666666666664,10.179166666666667,72.76316369180054,22.242042676621104,3,203.96111116129646,14445.235487404163,102323.99508854019,0.15540515332424842,0.2723683630819945,12,23.98657951717893,0,2,0
2024-11-22,21.9,0.0,12.1,69,140.0,588.5416666666666,24.979166666666668,9.487499999999999,69.99137437763767,21.1502339341201,4,281.3353720657005,14446.604600219058,102369.15330368352,0.4201149679305828,0.3000862562236233,12,27.601830218140726,0,2,0
2024-11-23,22.3,0.0,11.0,68,124.0,581.0833333333334,25.145833333333332,8.625,75.07669804167672,20.733495969711324,5,131.78773494096106,14447.973713033954,101853.40102068946,1.6710915899129322,0.24923301958323274,12,21.902769681772902,0,2,0
2024-11-24,22.9,0.0,12.4,66,106.0,496.7083333333333,18.579166666666666,6.495833333333334,80.06180178409258,11.480921907329853,6,84.579862684342,14449.34282584885,101404.58123140429,2.02549315927285,0.1993819821590742,12,16.815195004558543,0,2,0
2024-11-25,22.1,0.0,11.3,68,113.0,527.4583333333334,18.220833333333335,8.366666666666667,66.84931012141702,14.908368039546943,0,218.5133167748863,14450.711938663746,102374.36912388807,2.471688382544738,0.33150689878582984,12,24.46172850500466,0,2,0
2024-11-26,21.7,0.0,18.0,75,120.0,533.4583333333334,11.35,8.745833333333334,74.46010431658966,17.571371918964147,1,229.56223457415462,14452.081051478643,102701.65955305817,0.9312724074603862,0.2553989568341034,12,23.288919184350814,0,2,0
2024-11-27,21.7,0.0,19.9,73,114.0,493.2083333333333,12.975,10.591666666666667,73.65946881773344,17.86352489605495,2,195.30453861237538,14453.450164293537,102129.15577113559,1.5385101334266442,0.2634053118226656,12,22.46777886133572,0,2,0
2024-11-28,21.5,0.0,16.6,62,128.0,514.375,13.225,18.991666666666667,76.28536030580186,16.38767164555681,3,265.7633858611956,14454.819277108434,102953.15451881559,2.349147920356293,0.23714639694198136,12,23.847810372316875,0,2,0
2024-11-29,21.7,0.8,20.9,66,106.0,434.875,12.487499999999999,16.325,75.87278651295075,18.944439701056606,4,228.99930382290324,14456.188389923329,101875.86220969091,0.5009002752115663,0.24127213487049248,12,22.079816077731326,0,2,0
2024-11-30,21.0,0.3,20.7,83,101.0,397.9166666666667,12.083333333333334,10.0375,72.06212267304473,7.691990918542235,5,93.06113198973662,14457.557502738226,101693.34875827827,1.8223494072225825,0.27937877326955274,12,18.46638447566265,0,2,0
2024-12-01,21.4,8.0,22.3,87,73.0,394.4583333333333,12.433333333333332,7.7,78.27378425733353,12.435388039514441,6,56.86302145518353,14458.926615553122,102179.9664455257,1.9119489595579917,0.21726215742666466,12,14.630433357830777,0,1,0
2024-12-02,21.3,35.0,18.0,94,40.0,404.5416666666667,14.741666666666667,7.029166666666666,88.81589657278604,18.378717716904596,0,74.21772765656836,14460.295728368017,102165.16592481066,0.3135412860864121,0.11184103427213954,12,10.396393238831243,0,0,0
2024-12-03,22.2,4.7,13.7,89,53.0,590.875,13.445833333333333,8.2125,83.53402855439438,12.02632184819304,1,137.44184186594754,14461.664841182914,102584.32719151645,2.166998524439356,0.1646597144560562,12,13.202576548229592,0,1,0
2024-12-04,21.9,0.0,15.7,84,66.0,523.6666666666666,13.129166666666668,4.308333333333334,76.78524659468778,9.257447530191921,2,106.53775083482263,14463.033953997809,101804.7420271794,2.0514521130660253,0.23214753405312227,12,15.103798167818908,0,1,0
2024-12-05,22.3,0.8,11.1,85,66.0,455.875,15.316666666666665,6.241666666666667,84.62476274301203,15.190839344718578,3,138.32081438711893,14464.403066812705,102869.1511709814,0.18016721578584266,0.15375237256987973,12,14.277613366546557,0,1,0
2024-12-06,22.5,0.0,12.1,81,60.0,491.1666666666667,17.533333333333335,6.966666666666666,76.75735674474151,9.72326212103773,4,153.98972853944684,14465.772179627602,103161.4431471906,0.31860259571212357,0.23242643255258488,12,15.711076865522141,0,1,0
2024-12-07,22.3,0.6,11.3,83,69.0,496.75,14.504166666666668,8.741666666666667,73.95637293235814,12.665484910344885,5,70.22691389850861,14467.141292442497,102151.29326581485,0.21790454534044557,0.2604362706764186,12,15.947449134814462,0,1,0
2024-12-08,22.1,0.0,10.6,79,69.0,497.4583333333333,16.8,6.5874999999999995,70.4951424295487,15.756406746078591,6,56.549727622795324,14468.510405257393,102788.60110275372,0.9033844763184693,0.29504857570451304,12,17.175912835503087,0,1,0
2024-12-09,22.4,0.1,10.3,76,85.0,573.625,26.95,10.975,68.57744129497623,18.503392456931792,0,132.27381505252458,14469.879518072288,101628.37797071147,1.3222935776318228,0.31422558705023773,12,20.797752781097394,0,1,0
2024-12-10,22.5,0.0,12.4,75,115.0,463.125,18.0625,7.916666666666667,67.91345622797805,14.092090038367086,1,220.1807771783939,14471.248630887185,102687.11788997758,1.377634547091109,0.3208654377202196,12,24.19339218092953,0,2,0
2024-12-11,21.9,0.0,16.4,75,113.0,415.75,12.9125,8.054166666666667,75.41850660404593,15.096307130945103,2,219.61820051314137,14472.617743702081,102666.02593702891,0.7424002234466623,0.24581493395954068,12,21.941258098690813,0,2,0
2024-12-12,20.2,21.2,15.5,92,92.0,508.25,13.112499999999999,5.933333333333334,85.91490009291975,13.840888250609684,3,178.7929999616474,14473.986856516978,102566.98698620667,2.287832527744658,0.14085099907080245,12,16.317523208948472,0,1,0
2024-12-13,21.2,1.3,18.6,85,81.0,510.0833333333333,11.183333333333332,5.8,70.14523719187146,12.736288522219537,4,191.90366942040893,14475.355969331873,102120.36741503912,0.9838306956925916,0.29854762808128543,12,20.37494550917967,0,1,0
2024-12-14,21.2,0.0,18.2,78,117.0,530.7916666666666,11.545833333333334,9.883333333333333,77.73015325630446,13.68429982885655,5,125.43807870756706,14476.72508214677,100643.9051022158,0.20932037431684603,0.22269846743695543,12,19.432360571588486,0,2,0
2024-12-15,19.3,0.0,13.3,77,116.0,480.625,12.229166666666666,6.908333333333334,72.26775579326625,13.730183345806868,6,65.0534987154801,14478.094194961664,101793.04661437328,0.8205450676993272,0.2773224420673376,12,19.80027073820076,0,2,0
2024-12-16,19.3,0.0,11.4,77,141.0,629.5833333333334,17.295833333333334,12.779166666666667,73.5371720479422,18.780885293034064,0,253.37510441447515,14479.463307776561,101793.83279071959,1.3746626141059732,0.2646282795205779,12,25.69348326786195,0,2,0
2024-12-17,20.4,0.0,10.7,76,146.0,599.25,30.166666666666668,13.862499999999999,79.1488825130217,24.733416829777354,1,290.5707505993728,14480.832420591458,101610.54394389418,1.0797323742117568,0.208511174869783,12,25.996762782547545,0,2,0
2024-12-18,21.6,0.3,12.3,78,114.0,575.25,19.970833333333335,13.325000000000001,78.00735726346213,18.24795392464607,2,227.28835375370085,14482.201533406353,102153.6735285605,0.757222045838222,0.2199264273653787,12,21.860752984732287,0,2,0
2024-12-19,22.9,0.3,10.9,75,85.0,512.1666666666666,17.941666666666666,13.204166666666666,74.79587740837667,17.878959743528043,3,146.46653504981913,14483.57064622125,101875.95091688889,0.4151757994343618,0.25204122591623335,12,19.122411440012588,0,1,0
2024-12-20,22.9,0.1,12.6,76,83.0,552.75,24.320833333333336,12.916666666666666,72.32523109833885,17.603876622343957,4,176.7950419932787,14484.939759036144,101666.00724812954,2.065994800230951,0.2767476890166115,12,20.28891300371551,0,1,0
2024-12-21,23.1,0.0,9.9,73,128.0,701.875,47.77916666666667,20.891666666666666,64.99273839468277,33.7824771699813,5,183.908896167045,14486.30887185104,101541.79379225067,2.4907485810980603,0.3500726160531723,12,28.207727980433262,0,2,0
2024-12-22,22.9,0.0,11.5,74,130.0,592.2083333333334,29.770833333333332,12.875,70.62338672303032,20.1453307424468,6,124.63468337925019,14487.677984665937,101706.31798699452,0.890901120457317,0.29376613276969676,12,23.427477262042927,0,2,0
2024-12-23,22.4,0.0,10.0,72,113.0,556.4166666666666,28.666666666666668,11.583333333333334,73.50547904468921,17.77202731618069,0,195.9326314999383,14489.047097480832,102617.70469902465,1.0158905060238494,0.26494520955310785,12,22.442813014019112,0,2,0
2024-12-24,22.4,0.0,11.5,68,119.0,681.5,35.49583333333333,13.470833333333333,70.10128189139526,26.322233443566162,1,222.0460436580801,14490.416210295729,101719.32317914846,1.583290059224697,0.2989871810860474,12,25.688871322277944,0,2,0
2024-12-25,22.2,0.0,11.0,68,109.0,456.0416666666667,24.733333333333334,12.416666666666666,74.02497213163078,20.068635994239646,2,209.1529528464454,14491.785323110624,101785.24696660812,1.8242595393652992,0.25975027868369227,12,22.61586281657562,0,2,0
2024-12-26,22.2,3.6,17.5,81,76.0,360.7083333333333,13.9375,8.508333333333333,77.94740753183507,15.24195453817905,3,169.53479923661277,14493.15443592552,101807.24812567567,1.0408708835286191,0.22052592468164933,12,17.61276690590859,0,1,0
2024-12-27,21.2,1.7,19.0,85,52.0,387.9583333333333,9.333333333333334,5.120833333333334,77.18057607276769,8.458706624608036,4,105.53398580947604,14494.523548740417,102197.97430345455,2.2718308407563566,0.22819423927232307,12,13.865312888050415,0,1,0
2024-12-28,21.2,0.0,15.5,76,67.0,401.6666666666667,12.275,4.995833333333334,74.04998967670616,11.920825207176934,5,80.00411310958584,14495.892661555312,102249.48290417664,1.4440095741494041,0.2595001032329384,12,15.863209140256407,0,1,0
2024-12-29,21.4,0.0,14.3,73,73.0,403.5,14.116666666666667,5.8875,77.0246186878669,13.45489271682099,6,56.053728581273944,14497.261774370209,100491.91050365334,1.1809361833742344,0.22975381312133092,12,15.141922872788555,0,1,0
2024-12-30,21.2,0.0,14.4,75,74.0,385.6666666666667,11.020833333333334,5.675,78.06776259827764,11.90223809016145,0,155.1796671488393,14498.630887185103,102517.93699355125,1.6520146075837723,0.21932237401722365,12,16.64860027701771,0,1,0
2024-12-31,21.6,0.0,15.8,65,73.0,424.2083333333333,13.970833333333333,6.683333333333334,71.98840369022861,9.966372284926909,1,181.54674509489348,14500.0,102718.18401712188,2.3867292357980157,0.2801159630977139,12,18.639369637568322,0,1,0
