date,aqi,water_quality,temperature,humidity,population_density,traffic_density,rainfall,urban_expansion_rate,forest_cover_ha,day_of_week,time_of_day,health_risk_label,traffic_status_label
2015-01-01,472.0,77.1878506881328,25.0,62.483570765056164,1000.0,697.6461485426157,0.760384890711469,0.7064311065744376,100000.0,3,12,2,0
2015-01-02,454.0,64.376149972684,25.172101410942236,58.9644756722596,1000.0996015936255,679.2381751194185,3.222199211227731,0.885259853989391,100007.47011952191,4,12,0,1
2015-01-03,143.0,68.51430018538288,25.344151843572078,62.550139003359305,1000.199203187251,257.89873176161086,2.3731362722062337,1.3890897958881758,100014.94023904382,5,12,3,2
2015-01-04,319.0,68.39623808372478,25.51610033467745,66.58294861268523,1000.2988047808765,450.02634726232156,1.7919840751086245,0.6077747355743255,100022.41035856574,6,12,3,1
2015-01-05,325.0,67.45653651883444,25.687895951242474,57.45344122389837,1000.398406374502,450.46314536850684,2.1778427571386123,2.0467750278100136,100029.88047808765,0,12,3,0
2015-01-06,318.0,76.21763030689154,25.859487805534386,57.11033960418533,1000.4980079681275,492.6717932959721,1.9824671246356516,1.956727948013826,100037.35059760956,1,12,1,1
2015-01-07,353.0,71.01545677104748,26.030825070177006,65.83441393718294,1000.597609561753,515.9271387741179,1.3271947872616616,0.4487001087178759,100044.82071713147,2,12,1,2
2015-01-08,383.0,70.57649729684374,26.201856993206395,61.433459659351755,1000.6972111553785,568.1352494451476,5.0958805914051,1.213191356359917,100052.29083665338,3,12,2,0
2015-01-09,375.0,61.79442172141417,26.372532913104124,54.907562244116995,1000.796812749004,546.8768724373778,5.5897398060568575,1.9595866399710913,100059.76095617529,4,12,0,0
2015-01-10,376.0,74.90568901414424,26.54280227380377,59.62719567032229,1000.8964143426294,558.8039971846498,2.6638650538399906,0.9095908746481954,100067.23107569721,5,12,2,2
2015-01-11,379.0,65.44740070589955,26.71261463966616,54.25768225660537,1000.9960159362549,600.4707622419269,11.941364554485137,1.619456374522556,100074.70119521912,6,12,3,1
2015-01-12,375.0,71.85870329612214,26.881919710418988,53.90751181131074,1001.0956175298804,578.5425691723624,7.923438051976308,0.22051149149817456,100082.17131474103,0,12,2,1
2015-01-13,366.0,72.86155102176282,27.050667336056275,57.10847668571762,1001.1952191235059,566.2444702377395,5.020155243393582,1.5608530252703632,100089.64143426294,1,12,2,2
2015-01-14,353.0,78.19388921334658,27.218807531693354,45.9959837133243,1001.2948207171315,501.1754588841471,6.090984950484332,0.46636715200145684,100097.11155378485,2,12,2,0
2015-01-15,340.0,64.76275275821797,27.386290492372947,46.60282985268894,1001.394422310757,486.97692526894264,0.9286512298844778,2.093399980274683,100104.58167330676,3,12,3,2
2015-01-16,356.0,56.12590591698691,27.553066607817925,52.082429138159284,1001.4940239043825,477.2184268102915,7.419863915981743,0.9530787125931482,100112.05179282869,4,12,0,0
2015-01-17,360.0,72.05970448520527,27.719086477126414,49.49767144407505,1001.593625498008,523.8123835783449,1.8469458893222777,0.7757292705476697,100119.5219123506,5,12,2,0
2015-01-18,370.0,80.06040544585183,27.884300923404886,55.802634816166595,1001.6932270916335,574.1340637277132,10.28859128735858,2.118133544107564,100126.9920318725,6,12,3,1
2015-01-19,362.0,77.17040126052973,28.048661008334893,49.36255760572416,1001.792828685259,553.3389303149675,16.942418829458262,0.2203456553723445,100134.46215139441,0,12,1,2
2015-01-20,340.0,71.94223805303858,28.212118046669104,46.514245399985334,1001.8924302788845,505.56973474095753,13.634926376387133,1.0518611184024276,100141.93227091632,1,12,0,0
2015-01-21,338.0,68.35450726151355,28.37462362065245,60.57899660330287,1001.99203187251,506.55399432563894,5.146907759468925,0.9880084973800752,100149.40239043823,2,12,3,1
2015-01-22,332.0,74.76754818600457,28.53612959436395,51.798859308839425,1002.0916334661355,484.2222891484919,5.712079455011533,0.783520898198922,100156.87250996017,3,12,2,2
2015-01-23,254.0,65.7839749374901,28.696588127975115,52.944464767489386,1002.191235059761,385.0951776480357,5.953068267359197,2.288210396803545,100164.34262948208,4,12,3,2
2015-01-24,324.0,72.95381300082079,28.85595169192062,45.16435568509148,1002.2908366533865,501.3175655896123,2.527455376202935,1.9022281444401334,100171.81274900399,5,12,0,0
2015-01-25,333.0,73.02026425534459,29.014173080977084,49.24974021541992,1002.390438247012,467.18226425179057,4.912774034756269,0.25341559406065306,100179.2828685259,6,12,2,0
2015-01-26,292.0,75.71544682337151,29.17120542824577,52.212202092057794,1002.4900398406375,443.99295375674694,1.609692779618605,1.81524987864389,100186.75298804781,0,12,1,0
2015-01-27,318.0,84.13479908503786,29.32700221903507,45.59102767481835,1002.589641434263,495.64869741909337,10.130090412994173,1.3655179195091056,100194.22310756972,1,12,1,2
2015-01-28,295.0,72.2213211835745,29.48151730463865,52.91545548245106,1002.6892430278884,434.1979942207326,5.628013423024893,2.26208294656379,100201.69322709164,2,12,1,0
2015-01-29,327.0,67.63782941345988,29.634704916005226,47.727396718395525,1002.7888446215139,504.5140122424117,7.852394144584498,0.8510694816360602,100209.16334661355,3,12,3,2
2015-01-30,345.0,69.9788686003921,29.786519677295843,48.96849189644193,1002.8884462151394,573.793088889451,3.477481962226294,1.477988799062999,100216.63346613546,4,12,0,1
2015-01-31,334.0,61.18616216589207,29.936916619324673,47.11763370020367,1002.9880478087649,498.91314414026215,2.2483791193210023,1.3018126593783665,100224.10358565737,5,12,1,2
2015-02-01,358.0,66.483508748115,30.085851192879417,59.08968853678586,1003.0876494023904,544.8661410001065,0.9809684591870431,1.2749461749462538,100231.57370517928,6,12,2,0
2015-02-02,349.0,67.83694816847587,30.23327928191723,49.46595531247587,1003.1872509960159,508.7388583267722,1.9080838618314326,1.1946529588413104,100239.04382470119,0,12,2,2
2015-02-03,334.0,67.18997940201083,30.3791572166324,43.9531309219557,1003.2868525896414,504.625023252041,2.9955080969153123,0.593510741277475,100246.51394422312,1,12,2,0
2015-02-04,313.0,70.50005346697272,30.523441786391807,53.06584098773233,1003.3864541832669,478.70543249964607,5.751519228275981,1.9137038139817426,100253.98406374503,2,12,3,1
2015-02-05,262.0,65.5548552118218,30.666090252534374,42.56360124507614,1003.4860557768924,396.8968468054028,4.471591911277292,1.1832064785742928,100261.45418326693,3,12,0,0
2015-02-06,303.0,75.20162315610698,30.807060361030754,49.43019725296227,1003.5856573705179,434.1060936058229,4.007960646496692,2.4004390600062537,100268.92430278884,4,12,0,0
2015-02-07,329.0,69.52788014709128,30.9463103549994,38.309028670602316,1003.6852589641434,497.627235426509,5.499007282292445,0.7259402252626631,100276.39442231075,5,12,1,0
2015-02-08,323.0,69.41159890076922,31.083798987075433,41.19147178135698,1003.784860557769,513.7439187743528,3.0273660390579558,1.7385852151048986,100283.86454183268,6,12,0,0
2015-02-09,266.0,67.75078365162113,31.21948553162854,48.54533511608854,1003.8844621513945,407.9727152902905,5.509532732268261,2.3577209911338604,100291.33466135459,0,12,2,0
2015-02-10,319.0,70.09928852088171,31.353329796826372,50.98567330632431,1003.98406374502,497.7397437814368,3.957337280201013,1.692299975238622,100298.8047808765,1,12,2,0
2015-02-11,334.0,73.38284525506828,31.48529213653978,47.88625713287029,1004.0836653386455,496.25976059974744,3.8203241846182676,2.191054978281747,100306.2749003984,2,12,3,1
2015-02-12,342.0,64.85668219040227,31.615333462086447,46.191091663885906,1004.183266932271,527.9980047884742,1.779175877144189,2.0859543034168144,100313.74501992032,3,12,2,1
2015-02-13,341.0,65.83770992771902,31.74341525380938,45.00765101443479,1004.2828685258964,517.0853567643305,2.520017882561781,0.9642825171736091,100321.21513944223,4,12,0,2
2015-02-14,377.0,67.54662006987326,31.869499572486834,38.868390903189194,1004.3824701195219,546.4817854062553,0.45971769754490155,1.5402974558547917,100328.68525896415,5,12,2,0
2015-02-15,391.0,62.27387084734875,31.993549070570346,42.413680816885766,1004.4820717131474,592.8704200959775,1.5556116095727888,0.47502721554725347,100336.15537848606,6,12,1,2
2015-02-16,358.0,64.84594719976877,32.11552700324748,43.46575213870611,1004.5816733067729,517.1660667311938,6.903466086669427,1.385262118469439,100343.62549800797,0,12,3,1
2015-02-17,327.0,66.5011970126137,32.23539723932601,50.81481665244255,1004.6812749003984,477.84239450230416,1.7277742656119577,0.6530127323544093,100351.09561752988,1,12,3,1
2015-02-18,365.0,73.19538376759542,32.353124271936444,47.011842903969416,1004.7808764940239,551.2865661458475,4.4309563204427205,1.8849683558858694,100358.56573705179,2,12,0,0
2015-02-19,352.0,70.07847003048491,32.46867322904946,36.24745276508742,1004.8804780876494,533.9448854676025,1.5910365086062448,1.3673402125410992,100366.0358565737,3,12,2,0
2015-02-20,317.0,69.67694461493501,32.582009883805426,46.45640007936312,1004.9800796812749,451.7153506984574,6.173430224309226,1.0869456703159852,100373.50597609562,4,12,2,2
2015-02-21,320.0,72.90793947851347,32.69310066465279,42.68838726861284,1005.0796812749004,501.07971542365755,4.675015319959019,0.7451130308007461,100380.97609561753,5,12,0,1
2015-02-22,279.0,67.91218472535687,32.8019126652923,41.01156466788561,1005.1792828685259,429.94012556600944,1.0562205839675818,2.4968763564190883,100388.44621513944,6,12,0,2
2015-02-23,281.0,70.49811742243234,32.9084136544242,47.24155413535593,1005.2788844621514,407.40543128778233,6.438113373798005,0.27210525012383846,100395.91633466135,0,12,1,2
2015-02-24,354.0,67.97760519268975,33.012572085295545,49.12985344188866,1005.3784860557769,500.2483040710165,7.812198491218593,0.20454563337380804,100403.38645418326,1,12,0,2
2015-02-25,340.0,69.76963319447583,33.11435710504465,48.4276863854917,1005.4780876494024,507.10190841837135,1.627450471398901,0.6214177611852749,100410.85657370517,2,12,2,0
2015-02-26,323.0,65.47933743002207,33.21373856384004,39.37643525620673,1005.5776892430279,475.5811257227768,2.7220213592042044,2.4305739007067673,100418.32669322709,3,12,1,1
2015-02-27,315.0,56.15057069671226,33.31068702381119,41.832564073121546,1005.6772908366534,474.7628091410605,1.3551712508173865,2.450171603967963,100425.796812749,4,12,3,2
2015-02-28,310.0,67.62601730518432,33.40517376776833,44.84596962148115,1005.7768924302788,457.73766677688866,5.98656010358624,1.6718265634531264,100433.26693227091,5,12,2,1
2015-03-01,324.0,75.36515527664531,33.497170807708784,47.88338402019423,1005.8764940239043,445.8508627850998,3.4073670762016968,2.2122560012953714,100440.73705179282,6,12,3,1
2015-03-02,226.0,72.83775156465431,33.5866508931073,40.43082702455896,1005.9760956175298,331.23306123397685,3.3897540070308514,0.6135081540179089,100448.20717131473,0,12,3,2
2015-03-03,266.0,72.99019366346185,33.67358751898799,41.72453007870493,1006.0756972111553,392.88761777863374,2.9705446465159144,2.4329010260238966,100455.67729083664,1,12,3,2
2015-03-04,200.0,74.30167614214338,33.757954933775395,36.952415262419066,1006.1752988047808,312.6732204954812,8.070527291177914,0.4426836403349552,100463.14741035856,2,12,2,0
2015-03-05,275.0,68.52342388134602,33.83972814692235,36.33951058575195,1006.2749003984064,398.536006507779,12.909723638616537,0.34270045163597984,100470.61752988049,3,12,3,1
2015-03-06,322.0,69.02713706887175,33.91888293631246,46.22486323934608,1006.3745019920319,516.5734934674513,7.899186491111583,0.369307694193455,100478.0876494024,4,12,2,2
2015-03-07,216.0,64.91404259511076,33.99539585543498,48.79040843198416,1006.4741035856574,285.76718898696487,6.103310921392505,1.4755070158541552,100485.55776892431,5,12,3,2
2015-03-08,108.0,66.3850135996998,34.069244240329915,41.5014609114385,1006.5737051792829,188.2233499560525,2.2234607964941704,1.9743385617233256,100493.02788844622,6,12,0,1
2015-03-09,197.0,71.00865264070505,34.140406216301315,46.73685205685749,1006.6733067729084,291.0136205824379,1.9828665668128265,0.9800012268991194,100500.49800796813,0,12,0,2
2015-03-10,238.0,73.91499183364566,34.208860704396834,43.390458716444506,1006.7729083665339,374.1916974468711,1.8029515585217502,2.4469503706867037,100507.96812749005,1,12,2,1
2015-03-11,274.0,67.16547490776925,34.274587427651504,38.22522637167137,1006.8725099601594,412.5960296811747,2.5204269757776716,1.1426083314839908,100515.43824701196,2,12,3,2
2015-03-12,315.0,65.58027021719593,34.33756691709402,43.13184419335403,1006.9721115537849,495.2911107205094,2.3222888143781826,0.4610765218557191,100522.90836653387,3,12,3,1
2015-03-13,307.0,67.80374953552615,34.39778051751366,48.89462179730253,1007.0717131474104,452.75276070894375,5.278399362545007,1.2183201956467282,100530.37848605578,4,12,3,2
2015-03-14,208.0,70.7784285481525,34.455210392986146,40.91044901847795,1007.1713147410359,290.02759149644373,0.7838732041477974,1.7296891970138557,100537.84860557769,5,12,0,2
2015-03-15,165.0,60.52580615325386,34.50983953215686,48.80353921475631,1007.2709163346614,275.91008574542127,2.4538414470478584,2.097341873210509,100545.31872509961,6,12,3,0
2015-03-16,188.0,56.23826935767393,34.56165175327977,27.77797097299174,1007.3705179282869,279.7303870823572,0.4147886873182532,1.201043895895823,100552.78884462152,0,12,3,1
2015-03-17,217.0,64.94199989803676,34.610631709010654,44.88824910385481,1007.4701195219124,329.9311694724842,6.199859044799418,1.524656382518002,100560.25896414343,1,12,2,0
2015-03-18,191.0,61.56805542495263,34.656764890953156,41.12170555928454,1007.5697211155378,311.1950382808959,2.4798725016798504,0.741627309181248,100567.72908366534,2,12,3,2
2015-03-19,240.0,65.1092801947853,34.70003763395631,39.10488797975803,1007.6693227091633,339.3608951581113,9.99077626450334,1.6501996633732336,100575.19920318725,3,12,0,1
2015-03-20,229.0,66.89087984583149,34.740437120162326,40.97792964235286,1007.7689243027888,355.40981795278515,5.5274605175820515,2.466332665480825,100582.66932270916,4,12,3,1
2015-03-21,248.0,65.34478226348325,34.777951382803366,30.506252661388807,1007.8685258964143,360.2021048707422,0.4258854118853769,0.21772857421070527,100590.13944223108,5,12,0,2
2015-03-22,204.0,74.85605301748059,34.81256930974625,39.276501941319935,1007.9681274900398,303.3566128871126,0.9290312707126446,2.2276736096924026,100597.609561753,6,12,0,2
2015-03-23,271.0,69.21158349961962,34.84428064678397,42.09700156399079,1008.0677290836653,407.94557930768576,2.4126783465148987,1.4494780066420547,100605.0796812749,0,12,1,2
2015-03-24,290.0,69.06583379771759,34.873076000673095,47.643318222361394,1008.1673306772908,404.99556277106126,13.096355346750324,0.7050367829495198,100612.54980079681,1,12,0,2
2015-03-25,340.0,70.6615622992589,34.898946841916185,37.61075522479939,1008.2669322709163,494.4232591435913,1.4492227768167056,2.391735304022219,100620.01992031872,2,12,1,1
2015-03-26,358.0,61.844891657452024,34.921885507288266,36.11376097095753,1008.3665338645418,564.0214578482628,3.8623322926030865,1.2600503273413575,100627.49003984063,3,12,1,0
2015-03-27,287.0,72.72461633604792,34.94188520210684,37.60744437786364,1008.4661354581673,448.2238237716959,6.858366377535267,0.8960566040161254,100634.96015936256,4,12,3,1
2015-03-28,323.0,67.14170856620048,34.95894000224445,44.659130584021476,1008.5657370517928,483.2472084534553,8.014865699877722,0.5355943078500187,100642.43027888447,5,12,1,1
2015-03-29,360.0,70.8658806582643,34.97304485588354,41.697665836531336,1008.6653386454183,544.8624691702579,2.9731673700908794,0.686685304615989,100649.90039840637,6,12,2,1
2015-03-30,268.0,62.148616042292794,34.984195585012856,37.382807811139095,1008.7649402390439,396.11514988727083,1.3051021231091413,2.098837699819462,100657.37051792828,0,12,0,1
2015-03-31,283.0,59.735011726587196,34.99238888666496,42.581559392236855,1008.8645418326694,451.63166771655966,3.2913797238884563,1.574584022361198,100664.8406374502,1,12,2,2
2015-04-01,309.0,71.59063712317781,34.997622333894675,40.49014307895085,1008.9641434262949,459.49294844411673,6.563564658479052,2.2917894867719584,100672.3107569721,2,12,1,0
2015-04-02,249.0,69.38210044223861,34.99989437649792,44.8434361996686,1009.0637450199204,378.136841842697,5.377715831355706,0.656724285178686,100679.78087649403,3,12,3,1
2015-04-03,245.0,62.99014005747698,34.999204341470936,36.49132584767137,1009.1633466135459,390.4206028828413,0.5140983892447861,0.39073257723736354,100687.25099601594,4,12,0,1
2015-04-04,229.0,63.15390837702172,34.99555243320961,38.37058440059194,1009.2629482071713,327.95257030308187,0.6887552973547139,0.11461007434141601,100694.72111553785,5,12,2,0
2015-04-05,234.0,73.13270405534938,34.98893973344896,38.061579767441295,1009.3625498007968,382.1757836899379,6.7318122355748,1.3188688902783852,100702.19123505976,6,12,3,2
2015-04-06,343.0,61.56325643519204,34.97936820094265,32.72368885745411,1009.4621513944223,483.8907718051325,1.0192274023496928,2.4959366329167714,100709.66135458167,0,12,1,1
2015-04-07,262.0,75.72994443083837,34.96684067088288,41.546920043557115,1009.5617529880478,425.59284262225594,0.8991345887061063,1.7679166451647335,100717.13147410357,1,12,3,2
2015-04-08,308.0,63.0212158997304,34.951360854060496,41.402554652778456,1009.6613545816733,454.5464883209605,3.5663868520183106,0.8401470207163505,100724.6015936255,2,12,2,1
2015-04-09,293.0,70.725492960159,34.93293333576584,40.15970061168063,1009.7609561752988,434.6460250434944,6.533274940098961,2.204460599262812,100732.07171314741,3,12,3,1
2015-04-10,290.0,65.9011258340398,34.91156357443054,39.00393718426319,1009.8605577689243,397.19979657634116,9.3025858073629,1.9761334383711033,100739.54183266932,4,12,2,0
2015-04-11,375.0,70.5723082054064,34.88725790001065,33.14863048972662,1009.9601593625498,553.4041056524461,1.081037073028684,0.13699639858369422,100747.01195219123,5,12,3,0
2015-04-12,293.0,64.8494182333732,34.860023512111674,38.17672636194986,1010.0597609561753,418.70386937946233,12.597429182059486,2.0604651532984537,100754.48207171314,6,12,0,2
2015-04-13,247.0,66.77110123071056,34.82986847785593,38.62669046165429,1010.1593625498008,358.34707309253054,0.4669831949136774,0.8212642173723903,100761.95219123505,0,12,3,1
2015-04-14,232.0,67.8061950122321,34.79680172949301,36.39501019490588,1010.2589641434263,345.2537806842224,2.1943232911068913,0.45921631500064264,100769.42231075697,1,12,0,2
2015-04-15,316.0,62.60864619021568,34.76083306175392,39.67190531816211,1010.3585657370518,493.1558322894581,5.000597756434458,0.6431940153689789,100776.89243027888,2,12,2,0
2015-04-16,295.0,71.34313516262571,34.72197312894982,42.57630802617305,1010.4581673306773,446.65206702801254,1.2421704499567519,1.2245915305003336,100784.3625498008,3,12,0,0
2015-04-17,246.0,65.09381544673406,34.68023344181604,50.070462622420564,1010.5577689243028,375.1535330680223,2.594791193220942,1.1196830249632266,100791.83266932271,4,12,3,0
2015-04-18,378.0,66.53918724124863,34.63562636410255,41.6016363359541,1010.6573705179283,545.0896122230888,2.2749622716291573,0.7933295184981441,100799.30278884462,5,12,0,0
2015-04-19,406.0,62.73417057250164,34.588165108911596,42.11142173579063,1010.7569721115538,591.3849182079454,0.5887069973835531,0.5133239732968785,100806.77290836653,6,12,2,0
2015-04-20,392.0,54.91939983863149,34.5378637347839,40.55204295160137,1010.8565737051792,623.9745003670263,3.1633844063807253,1.9293538951412064,100814.24302788846,0,12,3,2
2015-04-21,391.0,66.80249261623197,34.48473714153435,31.436669640436087,1010.9561752988047,571.795979304735,1.7903377202245463,2.476263480963801,100821.71314741037,1,12,0,2
2015-04-22,368.0,79.84867657514532,34.42880106583852,41.009828491076874,1011.0557768924302,585.124165041146,1.545513799849432,1.966699793007257,100829.18326693228,2,12,0,0
2015-04-23,365.0,71.73798540120448,34.37007207657125,41.56100689656264,1011.1553784860557,542.6387760223827,2.2881306107364825,0.8102487224116989,100836.65338645419,3,12,1,1
2015-04-24,383.0,67.74941431637862,34.30856756989883,53.69907542262878,1011.2549800796812,574.5457587228701,7.871172998229317,0.68754150738912,100844.1235059761,4,12,0,1
2015-04-25,367.0,66.56339297189565,34.24430576412602,40.549583647842354,1011.3545816733068,571.9073032045986,6.7205305974289145,0.6223981025582517,100851.59362549802,5,12,1,1
2015-04-26,334.0,68.02367661691044,34.17730569429961,43.153125323068835,1011.4541832669323,526.4378484387731,0.19531626693034707,0.4280681787736871,100859.06374501993,6,12,2,1
2015-04-27,258.0,70.68180197259103,34.10758720657004,41.611266738333704,1011.5537848605578,384.7837487944183,5.823654066327588,1.423193319261523,100866.53386454184,0,12,1,1
2015-04-28,234.0,62.07835044729942,34.03517095231272,36.086267907276905,1011.6533864541833,343.23513892956925,1.198771494098805,1.552960892688026,100874.00398406375,1,12,2,0
2015-04-29,257.0,73.59156928233891,33.96007838201089,47.79395730855332,1011.7529880478088,384.38159102955575,10.293924529843663,1.7932063855915295,100881.47410358566,2,12,0,2
2015-04-30,259.0,71.63574070775533,33.88233173890177,45.995001685630335,1011.8525896414343,395.25915056464237,1.2713813627514658,1.732512090240803,100888.94422310757,3,12,0,0
2015-05-01,279.0,71.68995160234576,33.80195405238784,46.35125163043955,1011.9521912350598,436.3260737373951,5.34064347600567,0.8015999470801178,100896.41434262949,4,12,1,1
2015-05-02,312.0,70.332894128441,33.718969131215296,38.01512446359571,1012.0517928286853,468.084597179883,2.308615363108517,0.8927464129524316,100903.8844621514,5,12,2,1
2015-05-03,372.0,68.28138251025914,33.63340155642164,49.74716844183722,1012.1513944223108,570.3777259604631,4.454862875950209,1.735634885061611,100911.35458167331,6,12,0,2
2015-05-04,387.0,71.59166784280686,33.54527667405449,35.90019133792961,1012.2509960159363,613.2671946454188,2.394087771441135,0.938674337880708,100918.82470119522,0,12,1,0
2015-05-05,408.0,71.23176037487497,33.454620587663854,46.025044293673645,1012.3505976095618,619.6261922452957,1.0647489904924197,0.6102956550863512,100926.29482071713,1,12,1,2
2015-05-06,398.0,66.54906637000994,33.3614601505699,54.2293578279101,1012.4501992031873,603.2330571200955,1.6007597061546568,0.9984067688721749,100933.76494023904,2,12,1,1
2015-05-07,403.0,65.49907965656111,33.26582295790878,38.515672458529,1012.5498007968127,574.1217834981986,0.5086139514069861,0.7530019781871463,100941.23505976096,3,12,0,1
2015-05-08,361.0,68.92541280708063,33.167737338458615,40.83303667506891,1012.6494023904382,488.8853972634187,7.027322694632145,0.31195053092458674,100948.70517928287,4,12,2,2
2015-05-09,378.0,76.21148458435184,33.067232346248204,44.363792132941796,1012.7490039840637,574.7675145846034,5.701999339485277,2.0923333654639684,100956.17529880478,5,12,0,1
2015-05-10,381.0,62.32229574575505,32.96433775195091,41.55394622551719,1012.8486055776892,569.6035153743826,4.07045686742072,2.1474673339768873,100963.64541832669,6,12,3,0
2015-05-11,388.0,61.232831654204674,32.85908403406626,36.528514776536824,1012.9482071713147,571.7043465017051,4.302359266813796,0.6274007204005106,100971.1155378486,0,12,3,1
2015-05-12,346.0,69.44805302123665,32.75150236989188,44.83981013424638,1013.0478087649402,523.8706040837269,1.3771893138765765,0.2554532788604842,100978.58565737051,1,12,0,1
2015-05-13,328.0,68.93362619613586,32.64162462628846,39.40523217879255,1013.1474103585657,490.7919254160618,3.738703597962348,1.8731858496428309,100986.05577689243,2,12,2,0
2015-05-14,291.0,69.60196664673184,32.5294833502404,47.308995452695115,1013.2470119521912,459.055605012678,1.938312487552478,0.6076687020721928,100993.52589641434,3,12,1,1
2015-05-15,396.0,70.01221010993495,32.41511175921508,40.572655310400826,1013.3466135458167,595.7222173651795,11.83209513319587,1.0442451746484647,101000.99601593625,4,12,3,2
2015-05-16,297.0,67.73471686116424,32.29854373132346,53.15258456244077,1013.4462151394422,430.56153429859665,4.3463974113089785,0.25392460536971984,101008.46613545816,5,12,3,2
2015-05-17,345.0,76.3594102953679,32.17981379528503,41.72410594774876,1013.5458167330677,537.3033247791858,1.7068898020671384,0.6430470034202443,101015.93625498007,6,12,0,1
2015-05-18,296.0,60.96600154751742,32.05895712020001,44.271778178571594,1013.6454183266932,439.6573785010759,2.4320791125307237,2.002965467991126,101023.40637450198,0,12,3,0
2015-05-19,319.0,64.88951012353283,31.936009505131906,50.19556707658454,1013.7450199203187,489.03073367344615,3.1365304887207675,2.030551472596484,101030.8764940239,1,12,3,0
2015-05-20,282.0,68.57822251500306,31.811007368503397,40.22366368082343,1013.8446215139443,413.451785876144,2.288919207909454,0.597003579730505,101038.34661354581,2,12,1,2
2015-05-21,352.0,60.94206207557474,31.683987737308854,47.76932419840294,1013.9442231075698,515.0034622900513,1.305095401180024,0.9061932282560549,101045.81673306772,3,12,1,1
2015-05-22,338.0,68.34323385976641,31.554988236146485,53.42573729911917,1014.0438247011953,508.6833646037139,4.543062498847834,0.4221722058249846,101053.28685258963,4,12,2,0
2015-05-23,321.0,77.59532729060331,31.424047076073567,39.11448967504673,1014.1434262948208,481.7565728708737,5.894818987961496,0.2780143126838137,101060.75697211154,5,12,3,0
2015-05-24,295.0,69.45883091983588,31.29120304328788,48.34076320608576,1014.2430278884462,452.09654070733666,6.241727233707496,2.4812121146761825,101068.22709163347,6,12,2,2
2015-05-25,344.0,70.575256784774,31.156495487638836,48.986422995964446,1014.3426294820717,510.6270849338051,5.363008666443076,1.673425482987614,101075.69721115538,0,12,2,2
2015-05-26,337.0,63.1891940186513,31.019964310971613,51.86918573694333,1014.4422310756972,468.7728043245921,1.3309263768829909,1.401031622075965,101083.16733067729,1,12,1,0
2015-05-27,355.0,66.4773679821487,30.8816499553078,42.05194653499399,1014.5418326693227,523.8445223282322,5.378449077641548,1.937196400972719,101090.63745019921,2,12,1,2
2015-05-28,371.0,67.75322140294732,30.741593390866015,41.91453015284659,1014.6414342629482,572.3763693428763,5.362125829195014,2.116185183250538,101098.10756972112,3,12,0,0
2015-05-29,414.0,68.11150646425577,30.599836103926116,51.41003562023226,1014.7410358565737,615.0524784151379,4.640185905261739,2.036115443307346,101105.57768924303,4,12,1,1
2015-05-30,366.0,76.1800089327486,30.45642008454046,50.57208319708501,1014.8406374501992,544.072331949709,6.589360280869194,0.13969467829570387,101113.04780876495,5,12,2,2
2015-05-31,346.0,72.6327613965776,30.311387814096044,50.6296886235373,1014.9402390438247,538.7275301181187,1.7935525741606455,0.5483389556571964,101120.51792828686,6,12,3,2
2015-06-01,289.0,64.36031908894932,30.16478225273101,51.40267654202286,1015.0398406374502,419.26053545482154,2.510349292963036,1.6717727250827945,101127.98804780877,0,12,2,1
2015-06-02,297.0,71.22420047885531,30.016646826609428,46.56658273888869,1015.1394422310757,414.643935635142,6.164410842057092,1.001822434729511,101135.45816733068,1,12,2,0
2015-06-03,268.0,72.55759603495495,29.867025415057963,51.42721765568909,1015.2390438247012,398.78737760949014,3.0907045335974233,2.457958362546657,101142.92828685259,2,12,2,0
2015-06-04,259.0,75.84276402382216,29.71596233756835,52.03343769135671,1015.3386454183267,378.81652097502524,1.9817199454235954,1.6969715023318097,101150.3984063745,3,12,1,2
2015-06-05,327.0,78.12095226250713,29.563502340669466,47.30123822852923,1015.4382470119522,471.17507360493494,4.126332940729214,2.395717380950096,101157.86852589643,4,12,2,0
2015-06-06,384.0,65.21968374852419,29.40969058467295,60.50949138637788,1015.5378486055777,572.4924308820262,7.949983971611734,0.5834715559499052,101165.33864541833,5,12,0,0
2015-06-07,299.0,66.31842612880021,29.254572630296206,53.86001934396653,1015.6374501992032,458.33011294493565,1.8478502499899623,2.1734968674760555,101172.80876494024,6,12,3,1
2015-06-08,282.0,64.16301349284352,29.09819442516681,45.84709366365314,1015.7370517928287,422.81422876864366,12.06656164344689,0.8712455339565408,101180.27888446215,0,12,1,1
2015-06-09,442.0,69.35959955935891,28.940602290212347,55.401563462744456,1015.8366533864541,669.1396214537248,1.687393540222421,2.474955539770736,101187.74900398406,1,12,2,1
2015-06-10,309.0,72.94087041926186,28.781842905939644,47.5629058369841,1015.9362549800796,499.76815397030845,2.9558555851230883,0.47845281297555353,101195.21912350597,2,12,0,2
2015-06-11,270.0,75.62569093364176,28.62196329860748,56.691496421497305,1016.0358565737051,398.14242276884875,9.129166829579786,1.339215565211984,101202.6892430279,3,12,3,1
2015-06-12,239.0,70.38973946863894,28.46101082629691,58.8709562424432,1016.1354581673306,364.0669726928934,3.319730346362071,2.0028268812090926,101210.1593625498,4,12,2,1
2015-06-13,214.0,69.25124580128414,28.299033164883276,49.298522078474896,1016.2350597609561,310.8157327480173,6.540586494298541,1.1383419534496861,101217.62948207172,5,12,3,0
2015-06-14,166.0,71.69075081428666,28.1360782939141,58.54472405839341,1016.3346613545817,232.07280560226053,0.8405708944030476,1.2234017444503522,101225.09960159363,6,12,1,1
2015-06-15,234.0,66.83818825065137,27.972194482397025,56.11951566988844,1016.4342629482072,339.3018469316446,2.2554262722639957,2.4672539092137784,101232.56972111553,0,12,1,2
2015-06-16,331.0,81.54397847122287,27.807430274502,58.49544025096845,1016.5338645418327,486.9248285695662,3.7047993307251326,1.120739560722768,101240.03984063744,1,12,0,1
2015-06-17,327.0,63.14077762681873,27.64183447518196,64.20029596290581,1016.6334661354582,497.6895159509425,0.721647623338558,1.5497730414377526,101247.50996015937,2,12,1,2
2015-06-18,313.0,72.18597482662048,27.47545613571628,53.82214714855309,1016.7330677290837,516.4815157340151,0.9972847341430271,0.23089518562036168,101254.98007968128,3,12,0,0
2015-06-19,284.0,81.46385882655757,27.308344539181263,51.614630099850025,1016.8326693227092,411.6791312744832,5.548781465843464,2.121304192504624,101262.45019920319,4,12,2,0
2015-06-20,239.0,71.46372462987402,27.140549185851935,51.27132948016852,1016.9322709163347,350.16749388769074,2.6615512390041935,1.6556033175509044,101269.9203187251,5,12,3,1
2015-06-21,149.0,70.56374493572277,26.972119778539522,51.976709018093764,1017.0318725099602,222.23753973777502,2.219447159092112,1.0696482468707524,101277.390438247,6,12,1,0
2015-06-22,172.0,69.8112197820134,26.803106207868954,56.00827903719157,1017.1314741035857,265.91597697419496,2.3376149658604484,0.1388068958908474,101284.86055776892,0,12,3,1
2015-06-23,226.0,70.78126232243761,26.633558537500715,58.43864279908179,1017.2310756972112,344.2710162390957,10.517643490836962,1.5200051694244094,101292.33067729084,1,12,3,0
2015-06-24,261.0,78.63247887873193,26.463526989301428,58.45640001804724,1017.3306772908367,417.18191587896234,6.531094899588942,0.13037878836198927,101299.80079681275,2,12,2,2
2015-06-25,188.0,60.79415947911866,26.293061928467605,61.54979238824491,1017.4302788844622,233.47215858929584,5.2176572447373495,0.10288867338164298,101307.27091633466,3,12,2,0
2015-06-26,192.0,79.60606158217817,26.122213848606915,57.820581762175706,1017.5298804780876,240.26140259608655,3.044112403355789,1.5786365491584513,101314.74103585657,4,12,1,1
2015-06-27,207.0,64.90469755935855,25.951033356781448,65.36560367222368,1017.6294820717131,300.58243655979703,0.6884824894268414,0.5536409616029302,101322.21115537848,5,12,2,1
2015-06-28,219.0,70.77695277456927,25.779571158517324,57.11757351677557,1017.7290836653386,350.4460037508742,3.2990264441957815,0.5605301193234287,101329.68127490039,6,12,3,1
2015-06-29,193.0,70.0498388771141,25.60787804278519,72.3850897473777,1017.8286852589641,258.1870393678881,2.5244578853008255,1.667851757998585,101337.15139442231,0,12,0,2
2015-06-30,170.0,75.22476391537562,25.43600486695595,62.25632700491313,1017.9282868525896,194.84735320612486,0.5624060186916444,0.22887325105449827,101344.62151394422,1,12,0,0
2015-07-01,185.0,64.37737696971311,25.264002541736286,55.186207134446015,1018.0278884462151,288.9235881243842,11.045761961408791,0.8521733475389351,101352.09163346613,2,12,0,1
2015-07-02,220.0,74.76490232236556,25.09192201608832,54.4616934775178,1018.1274900398406,334.8731444740543,6.27037218240076,0.4586365651408457,101359.56175298804,3,12,1,2
2015-07-03,225.0,82.66164098536527,24.919814262138,62.572733551939926,1018.2270916334661,315.6958318640114,4.819332880322349,1.4924232875116814,101367.03187250995,4,12,2,2
2015-07-04,250.0,65.81026484699765,24.74773026007659,59.38722555321756,1018.3266932270916,355.2892079855814,0.5051021924593404,1.68823637134575,101374.50199203187,5,12,2,2
2015-07-05,282.0,73.66067034652208,24.5757209830598,64.41856050434086,1018.4262948207171,403.6051256073065,7.414028081084349,1.8307260486377046,101381.97211155378,6,12,2,0
2015-07-06,298.0,69.48817041996249,24.403837382108946,63.55851335864983,1018.5258964143426,449.2107063494788,2.4712141415557505,0.7125549206045569,101389.44223107569,0,12,2,0
2015-07-07,175.0,75.01337084545581,24.232130371018744,61.17159469467815,1018.6254980079681,249.97369447633986,2.2807975311284348,0.3141994039278016,101396.9123505976,1,12,3,0
2015-07-08,217.0,73.06541348144074,24.060650811276048,57.64472978710588,1018.7250996015936,335.3812783795104,4.4630782337622845,0.2888407766605548,101404.38247011951,2,12,0,2
2015-07-09,234.0,69.84784070628136,23.889449496994175,54.64686488258233,1018.8247011952192,293.9074667419122,3.7112396552900484,1.1227637162817372,101411.85258964144,3,12,3,0
2015-07-10,188.0,75.58007285442183,23.71857713986708,60.330270959930736,1018.9243027888447,264.862962697444,0.8832219620842929,2.370026581750516,101419.32270916336,4,12,1,1
2015-07-11,253.0,82.2476983718597,23.54808435414804,67.18582526332129,1019.0239043824702,356.978920781779,2.7141657784298907,0.622549682192859,101426.79282868527,5,12,0,2
2015-07-12,198.0,72.35647022053493,23.37802164165714,64.31442543733674,1019.1235059760957,291.87318643255014,0.9357125630265749,0.7161798432197184,101434.26294820718,6,12,0,0
2015-07-13,148.0,76.99457002232987,23.208439376822085,57.35442735279589,1019.2231075697212,211.23904483019723,1.0155665848754922,0.34213312505406146,101441.73306772909,0,12,3,2
2015-07-14,141.0,67.01394131476579,23.039387791756774,64.78712904574236,1019.3227091633466,227.45687559791534,4.599098921798074,1.5533686573454326,101449.203187251,1,12,1,2
2015-07-15,218.0,68.78235963521897,22.87091696138196,66.18475297588027,1019.4223107569721,289.81326456679886,3.327623508642453,1.7316948974732198,101456.67330677291,2,12,1,0
2015-07-16,268.0,76.01049299510564,22.703076788592526,60.174559241809284,1019.5219123505976,402.90982952661506,9.242197635838815,1.643034899585824,101464.14342629483,3,12,0,2
2015-07-17,232.0,81.15262164794197,22.53591698947572,65.6967915507762,1019.6215139442231,359.1667284642341,1.4031469099906961,2.166712583307475,101471.61354581674,4,12,2,0
2015-07-18,204.0,75.59332320463595,22.369487078584704,65.55206943506059,1019.7211155378486,343.1329487312391,10.07930284077563,1.267422004062572,101479.08366533865,5,12,1,0
2015-07-19,220.0,72.33279167024833,22.203836354271786,59.87747580230331,1019.8207171314741,320.3646805781305,1.8884688706089947,0.42269689784095466,101486.55378486056,6,12,3,0
2015-07-20,223.0,73.97695008507391,22.039013884085726,67.71090903356996,1019.9203187250996,340.98917208705035,2.153597599160374,0.7945723136905903,101494.02390438247,0,12,1,2
2015-07-21,218.0,67.81042708503271,21.87506849023739,69.0537856513664,1020.0199203187251,290.9227441487527,1.5399728343462686,1.6898319362112444,101501.49402390438,1,12,0,2
2015-07-22,165.0,77.1665522642078,21.71204873513808,71.99115874560022,1020.1195219123506,199.66087591373952,4.159150388752711,1.5714927369797438,101508.9641434263,2,12,2,0
2015-07-23,155.0,78.63666385810963,21.55000290701482,72.16900444614487,1020.2191235059761,249.395487515634,5.6236309943872556,1.37440751138311,101516.43426294821,3,12,1,2
2015-07-24,154.0,72.04505883303116,21.388979005606863,60.33369514900082,1020.3187250996016,230.88879412703858,1.8227578097498531,1.7391146048528492,101523.90438247012,4,12,0,0
2015-07-25,184.0,72.0352768972287,21.229024727947618,62.85282534452915,1020.4183266932271,299.5702537959685,8.81229635914371,1.6297380408959186,101531.37450199203,5,12,1,1
2015-07-26,150.0,75.79429742114209,21.07018745423631,70.43480142757068,1020.5179282868526,197.531942220605,1.3150075484482973,2.215179734715884,101538.84462151394,6,12,2,2
2015-07-27,125.0,72.36014420289531,20.912514233803428,70.74390128695418,1020.6175298804781,197.89804279057506,3.4503976999239647,1.506439305947912,101546.31474103585,0,12,3,2
2015-07-28,160.0,74.29131104128379,20.75605177117418,71.06313488918187,1020.7171314741036,277.37635681087704,4.90852847174699,1.9686432608813356,101553.78486055777,1,12,0,1
2015-07-29,142.0,85.1981857397155,20.600846412234148,88.06196462880531,1020.816733067729,221.39411216714532,6.501524803956603,0.6968971743195228,101561.25498007968,2,12,0,1
2015-07-30,181.0,73.54139943101947,20.446944130501105,71.96056429246362,1020.9163346613545,277.03163011182096,8.209631263867289,1.7276382030137631,101568.7250996016,3,12,2,1
2015-07-31,196.0,73.06110398314031,20.294390513507153,75.08904717388869,1021.01593625498,294.17112161648697,2.766975760423902,2.265265884118422,101576.1952191235,4,12,0,0
2015-08-01,181.0,71.6906755971766,20.143230749295217,74.48354731887558,1021.1155378486055,240.08237085748175,4.958333366461688,1.0257575869595998,101583.66533864541,5,12,2,0
2015-08-02,213.0,78.72420505098276,19.993509613033837,73.26993703046132,1021.215139442231,346.61145871420695,5.040402089986008,1.9698500496127518,101591.13545816732,6,12,0,1
2015-08-03,175.0,74.17124340703232,19.845271453754307,68.73311086928966,1021.3147410358566,250.28284720389868,1.5685040227522062,1.839494322869045,101598.60557768925,0,12,2,0
2015-08-04,184.0,71.90385471778589,19.69856018121396,74.39772574003841,1021.4143426294821,286.08966512766034,2.8059092404787758,0.24286287249237395,101606.07569721116,1,12,1,2
2015-08-05,228.0,81.82981053492023,19.55341925288966,67.02903542153283,1021.5139442231076,310.7393138685749,1.337290729263716,1.4956199430977735,101613.54581673307,2,12,1,1
2015-08-06,214.0,82.39306919201559,19.409891661105213,69.99612364408952,1021.6135458167331,297.4108067098444,2.2203506848939587,0.4124544380819257,101621.01593625497,3,12,1,2
2015-08-07,254.0,72.3638722111582,19.268019920296563,69.03714242026135,1021.7131474103586,409.7017479844447,2.9610772825788785,2.4215660133534187,101628.48605577688,4,12,0,0
2015-08-08,258.0,66.10337721598763,19.12784605441857,72.15367858809448,1021.8127490039841,380.05395422084314,4.855462174161155,2.047378006481575,101635.95617529881,5,12,2,1
2015-08-09,244.0,80.5428626569361,18.989411584497027,83.59446966437349,1021.9123505976096,395.06550952085087,2.2025906964620625,0.3633371229930883,101643.42629482072,6,12,2,0
2015-08-10,209.0,72.15047211303512,18.85275751632972,62.95815900438183,1022.0119521912351,311.93538681882967,6.463637716382751,0.39220479435442823,101650.89641434263,0,12,3,2
2015-08-11,283.0,79.59416583164382,18.717924328340036,75.99545229519251,1022.1115537848606,387.6620445408428,0.8717655411295596,1.5267372517902855,101658.36653386454,1,12,1,0
2015-08-12,223.0,65.85700493164741,18.58495195958682,64.7665167248781,1022.2111553784861,352.3413519946344,2.3220459843737875,0.9277340180156399,101665.83665338645,2,12,3,2
2015-08-13,205.0,80.23604679252955,18.453879797933997,70.73258107518484,1022.3107569721116,295.70215364488786,2.0201976703591535,0.1837740617754623,101673.30677290836,3,12,1,0
2015-08-14,252.0,69.78176701940437,18.32474666838344,78.79525964806994,1022.410358565737,391.97377627034086,6.249389478897605,1.3999396187993274,101680.77689243028,4,12,3,2
2015-08-15,198.0,79.55502518454531,18.197590821574604,73.9262184523281,1022.5099601593625,297.50421735080164,2.5587413686167015,1.0308282392460326,101688.24701195219,5,12,1,0
2015-08-16,197.0,76.03514037795503,18.07244992245426,68.46637626544495,1022.609561752988,264.6376354411426,2.1633338898590306,0.3425835816921824,101695.7171314741,6,12,2,1
2015-08-17,184.0,71.25562238345691,17.94936103911973,70.5247593754607,1022.7091633466135,279.2858953074114,1.0413401149755197,2.024608941414358,101703.18725099601,0,12,1,1
2015-08-18,197.0,74.05063811944665,17.828360631838898,77.74126748099559,1022.808764940239,339.424462843056,5.193909057543377,2.2961842366691343,101710.65737051792,1,12,0,0
2015-08-19,140.0,79.57685001365836,17.7094845422503,70.92919775691371,1022.9083665338645,219.8597291702892,0.6035735947128668,1.915825441633912,101718.12749003984,2,12,1,2
2015-08-20,232.0,76.73308827420296,17.592767982746444,75.89675698241699,1023.00796812749,346.84964493989077,5.334448307269841,2.0738135440390653,101725.59760956177,3,12,1,0
2015-08-21,271.0,79.18294213934067,17.478245526043494,75.27136814743209,1023.1075697211155,428.00686803913794,2.986518604483113,0.6195773614386817,101733.06772908368,4,12,2,1
2015-08-22,207.0,86.1992273751072,17.36595109494047,72.01009607208998,1023.207171314741,314.7133693040622,2.078645351350636,0.7325750822046424,101740.53784860559,5,12,0,2
2015-08-23,127.0,68.55083296530927,17.25591795227094,86.20788454208474,1023.3067729083665,194.69068460525588,2.465444127119521,0.6004660967180505,101748.0079681275,6,12,2,0
2015-08-24,123.0,84.51197352931801,17.148178691050212,78.87323772948963,1023.406374501992,162.66749655681795,2.5589984869219444,1.9361522352773535,101755.4780876494,0,12,3,0
2015-08-25,175.0,77.0003970752056,17.042765224820926,65.7887566170701,1023.5059760956175,267.17696051579196,2.5236942704725576,2.375000989442793,101762.94820717131,1,12,3,2
2015-08-26,245.0,72.0362253692844,16.939708778199915,77.0528540174473,1023.605577689243,388.2088683283389,0.33563257817462305,1.8204092961613663,101770.41832669324,2,12,0,0
2015-08-27,248.0,69.9289119324905,16.83903987762912,73.01298792089982,1023.7051792828685,355.2787569579995,6.612158754879511,2.2155202357109345,101777.88844621515,3,12,3,1
2015-08-28,247.0,75.68400387494815,16.740788342333353,80.78058998931441,1023.8047808764941,398.98991642493894,1.1767302542809621,1.632877827719614,101785.35856573706,4,12,0,1
2015-08-29,292.0,81.28575892187854,16.644983275487498,72.74742975686151,1023.9043824701196,436.1658795170975,1.3121490678554346,1.0303837613411178,101792.82868525897,5,12,1,2
2015-08-30,266.0,76.08642787031441,16.55165305559583,76.32301168147384,1024.003984063745,381.2446097692292,2.6518616631534533,1.1218278758327325,101800.29880478088,6,12,3,0
2015-08-31,288.0,84.32536198719373,16.460825328086003,79.60328573873028,1024.1035856573706,451.9526415384049,5.68156442282301,0.2807714372017716,101807.76892430279,0,12,1,0
2015-09-01,210.0,69.55785805118211,16.37252699712018,81.58372197661026,1024.203187250996,309.2641152852346,3.985688130554151,0.1754972685904626,101815.23904382471,1,12,2,1
2015-09-02,298.0,76.79616315195686,16.28678421762571,71.4249495294697,1024.3027888446215,462.19029774972216,1.3663987416447114,1.7691414500537859,101822.70916334662,2,12,3,2
2015-09-03,315.0,70.63622158416052,16.20362238754776,75.92024904569973,1024.402390438247,466.66482735482924,8.446917955042112,1.1522293408268336,101830.17928286853,3,12,2,2
2015-09-04,368.0,78.75662634296175,16.123066140326188,75.37914116354284,1024.5019920318725,550.8034771294019,2.7784025957613108,1.4253161633311109,101837.64940239044,4,12,2,2
2015-09-05,266.0,81.4118672816871,16.045139337598805,74.64307516193384,1024.601593625498,408.87120408668585,10.591588564234302,1.4383869942937992,101845.11952191235,5,12,0,1
2015-09-06,174.0,74.91125850052808,15.969865062133335,86.8875410771388,1024.7011952191235,266.81794115180014,4.575561091413404,0.7657019519999233,101852.58964143426,6,12,2,1
2015-09-07,199.0,64.0302979113693,15.89726561099004,80.2303773328247,1024.800796812749,258.5893643909652,4.7083998360437676,1.2421420259907776,101860.05976095618,0,12,0,2
2015-09-08,217.0,78.08105948952392,15.827362488917077,72.04085525049062,1024.9003984063745,303.0751251981122,1.696157041059218,1.2298245320024854,101867.52988047809,1,12,0,2
2015-09-09,238.0,79.30360455767726,15.760176401980567,83.06895693131275,1025.0,375.5881996958163,0.553239101516893,1.0322253309468568,101875.0,2,12,0,0
2015-09-10,230.0,79.17361014909287,15.695727251431235,89.2193264822007,1025.0996015936255,342.35726822196904,1.4750110502524727,2.0696209201625693,101882.47011952191,3,12,0,0
2015-09-11,218.0,83.36189389520605,15.634034127809434,83.89425804713686,1025.199203187251,316.5253739445716,5.848761230371167,1.1827936088502302,101889.94023904382,4,12,0,2
2015-09-12,226.0,71.8571739491096,15.575115305290325,71.25291955964929,1025.2988047808765,311.8285196948505,3.8075193465245105,1.548746858814371,101897.41035856574,5,12,1,1
2015-09-13,202.0,80.64158640911681,15.518988236270864,76.54085316312701,1025.398406374502,281.40527357448303,1.0134692397425673,2.2492482889139827,101904.88047808765,6,12,0,1
2015-09-14,274.0,83.22970278928976,15.465669546200214,85.40321665353268,1025.4980079681275,370.5640272007611,10.40146594449781,2.1789606948614137,101912.35059760956,0,12,3,0
2015-09-15,289.0,68.39947456563986,15.415175028655106,75.63130261459588,1025.597609561753,431.4743856259693,3.4623183592911464,2.2370132890699965,101919.82071713147,1,12,0,2
2015-09-16,235.0,78.91449930926407,15.367519640661607,81.48405785940793,1025.6972111553785,340.5312483883791,3.9016483887399285,0.7480119915160335,101927.29083665338,2,12,1,1
2015-09-17,285.0,74.81774209582929,15.322717498264693,83.2277352706173,1025.796812749004,408.1682421802937,5.026124841904986,0.18395797193935082,101934.76095617529,3,12,3,1
2015-09-18,209.0,76.95199569831833,15.280781872346907,74.80378389741577,1025.8964143426294,312.1375314966409,1.8398329952185952,0.7265603197487901,101942.23107569721,4,12,3,1
2015-09-19,132.0,79.11751982534298,15.241725184697398,79.2189228502962,1025.996015936255,205.27941261705476,7.96755479804621,0.7688976294897008,101949.70119521912,5,12,1,1
2015-09-20,179.0,74.961077677266,15.205559004332446,63.38254529098975,1026.0956175298804,310.3639586441989,0.6921903686490803,2.2824647841399233,101957.17131474103,6,12,3,0
2015-09-21,136.0,74.03531258215764,15.172294044068586,74.53347370519138,1026.195219123506,173.76233160873574,5.100573913279574,1.6581825588111296,101964.64143426294,0,12,1,1
2015-09-22,104.0,77.59979200876545,15.141940157349357,78.4532789283355,1026.2948207171314,179.18762086601043,15.13566989529762,0.29608950304534903,101972.11155378485,1,12,2,1
2015-09-23,95.0,72.00651713802269,15.114506335326613,73.53207141952254,1026.394422310757,161.96203122030144,0.46977858363114217,0.42490863042664273,101979.58167330676,2,12,2,2
2015-09-24,175.0,72.02587400347545,15.090000704197239,87.9820551112637,1026.4940239043824,246.918145212466,0.8536219683942572,0.473622701300741,101987.05179282869,3,12,0,2
2015-09-25,290.0,80.86265115338448,15.06843052279608,72.71243206460468,1026.593625498008,439.06471909172063,6.221421774380884,1.6130121956054155,101994.5219123506,4,12,0,0
2015-09-26,282.0,71.73112873398382,15.049802180445806,77.70017320562346,1026.6932270916334,413.8473350132477,0.5565184327007981,1.8649936612168074,102001.9920318725,5,12,0,0
2015-09-27,298.0,80.8145019070139,15.034121195064316,80.58546049630182,1026.7928286852589,450.71377160837477,4.802023110951107,2.163145385356951,102009.46215139441,6,12,0,0
2015-09-28,240.0,79.80226035850463,15.02139221153027,87.16358202227003,1026.8924302788844,390.182620268091,3.362063216659414,2.3575277219349835,102016.93227091632,0,12,1,0
2015-09-29,188.0,68.8651568558934,15.011619000307233,72.79745124348834,1026.9920318725099,294.1121246526263,5.056962476274832,0.5840909377274602,102024.40239043823,1,12,2,1
2015-09-30,187.0,74.10977451015832,15.004804456326818,85.80620984812117,1027.0916334661354,290.67216746466886,1.9015360827862382,0.8434539633377177,102031.87250996016,2,12,1,2
2015-10-01,230.0,83.47007171617128,15.00095059813117,80.0492641088356,1027.1912350597609,336.39381360090715,2.7912631078358143,0.6767749137875936,102039.34262948208,3,12,3,1
2015-10-02,286.0,72.59414306066407,15.000058567275067,75.0923396102101,1027.2908366533864,399.3188667015133,3.512337730491559,0.9610277619187305,102046.81274900399,4,12,3,1
2015-10-03,266.0,75.17691437445919,15.002128627987757,82.30626011534083,1027.3904382470118,394.83063578919183,6.154839897331059,2.2951962578169987,102054.2828685259,5,12,3,1
2015-10-04,369.0,79.80672438271212,15.007160167094717,80.98097814367792,1027.4900398406373,577.6321630972783,1.3403118240207108,1.4802701606544677,102061.75298804781,6,12,3,2
2015-10-05,375.0,81.40937669931334,15.01515169419926,76.9686122258075,1027.589641434263,531.956642868207,2.1456771122473226,1.8716605535787978,102069.22310756972,0,12,3,0
2015-10-06,411.0,76.22925514871552,15.026100842124011,80.29680874070208,1027.6892430278886,595.398212636466,2.2177760915968685,1.2762861667042769,102076.69322709164,1,12,2,0
2015-10-07,383.0,74.49244684273573,15.040004367612108,77.99342328046698,1027.788844621514,577.0253547246814,7.470742585433318,0.16925899200669886,102084.16334661355,2,12,1,2
2015-10-08,388.0,84.5834202323486,15.056858152287862,80.45387042168052,1027.8884462151395,562.3069043030548,0.7156404140649845,0.2540691663947544,102091.63346613546,3,12,3,2
2015-10-09,351.0,86.15616971704955,15.076657203876689,83.15733896485185,1027.988047808765,510.64953105769575,9.234576790953232,1.3910152750429259,102099.10358565737,4,12,0,0
2015-10-10,320.0,82.34459242506705,15.09939565768386,87.73129276535904,1028.0876494023905,471.52802836543646,5.191685132762307,1.8250936835680616,102106.57370517928,5,12,2,1
2015-10-11,296.0,77.86405732365927,15.1250667783317,73.56078894920236,1028.187250996016,416.687651916197,4.5559236074333365,0.6167932660689556,102114.04382470119,6,12,0,0
2015-10-12,312.0,73.38183991091803,15.15366296175467,90.357840949772,1028.2868525896415,448.5175630756726,1.3894798906775214,1.8325829775815297,102121.51394422312,0,12,2,2
2015-10-13,260.0,73.25519009849128,15.185175737451779,69.86920952748393,1028.386454183267,404.06855833574616,5.32359962953922,2.0455978563604296,102128.98406374503,1,12,2,0
2015-10-14,204.0,80.00277264083097,15.219595770995634,78.80188298283082,1028.4860557768925,279.8526043553807,2.9852464685610944,1.088553948069067,102136.45418326693,2,12,0,0
2015-10-15,218.0,79.46353467104471,15.25691286679741,82.42776029882806,1028.585657370518,295.04255731010323,3.657206379122951,1.891406158825852,102143.92430278884,3,12,0,0
2015-10-16,356.0,84.35943497916871,15.297115971126885,80.8107273964214,1028.6852589641435,521.3995004093221,9.73243398453252,1.0696718807883037,102151.39442231075,4,12,3,2
2015-10-17,388.0,80.58215387498736,15.340193175386672,76.20611605012368,1028.784860557769,596.6391100501969,2.7490810361490667,1.7280415106920481,102158.86454183268,5,12,0,2
2015-10-18,298.0,69.79153263138107,15.386131719639687,78.18712530893426,1028.8844621513945,443.0615638400622,8.500611376707592,1.9335929183669034,102166.33466135459,6,12,1,0
2015-10-19,392.0,82.54227909042021,15.434917996388775,76.66515933392829,1028.98406374502,578.7083784376877,2.5336308975174804,2.480623883939466,102173.8047808765,0,12,2,0
2015-10-20,428.0,72.26642808612424,15.486537554607393,76.08010110606415,1029.0836653386455,642.8871759503121,1.2369350739909273,0.9289519889526305,102181.2749003984,1,12,2,1
2015-10-21,384.0,75.30965608822817,15.540975104020177,83.16606027706477,1029.183266932271,541.085851342807,0.9830907427895763,1.0864978733790676,102188.74501992032,2,12,3,1
2015-10-22,292.0,78.45189377144243,15.598214519632071,80.58864839056109,1029.2828685258964,447.8941130755006,3.93530849204867,0.4974881425844112,102196.21513944223,3,12,2,0
2015-10-23,343.0,87.14921802566745,15.658238846504734,75.21897433068727,1029.382470119522,522.1687006280729,5.591465346318567,0.5897753401643365,102203.68525896415,4,12,0,2
2015-10-24,383.0,92.68907762763742,15.721030304778777,83.0559387676087,1029.4820717131474,566.3138305180855,5.109323671293339,1.7641480062361066,102211.15537848606,5,12,2,1
2015-10-25,374.0,80.14033014821074,15.786570294940358,79.96335701450232,1029.581673306773,581.1184902359283,6.814775729955198,2.3009094163707426,102218.62549800797,6,12,2,0
2015-10-26,263.0,76.15659720473279,15.854839403330546,82.35463178753372,1029.6812749003984,371.9500780209392,4.677926347193368,1.0470518839869773,102226.09561752988,0,12,0,1
2015-10-27,334.0,79.70961953845482,15.92581740789587,81.29650939382633,1029.780876494024,523.5581798650713,0.8874646035232472,0.5316266724052989,102233.56573705179,1,12,0,1
2015-10-28,333.0,81.43853548728003,15.999483284178307,73.85605837703302,1029.8804780876494,502.589873311905,3.9368376101958478,0.7842387985191857,102241.0358565737,2,12,2,1
2015-10-29,262.0,75.35875426644256,16.075815211542952,75.04746437592925,1029.980079681275,386.26894820243655,1.917536700315905,1.1921240915395328,102248.50597609562,3,12,1,2
2015-10-30,236.0,85.89866148974085,16.154790579641542,81.42688686633322,1030.0796812749004,353.6025272926338,3.4505431189185076,0.7975607904768841,102255.97609561753,4,12,0,0
2015-10-31,340.0,78.03216079840209,16.23638599510986,80.57907933694761,1030.179282868526,507.85470468378116,2.4765471403815194,0.660589799492479,102263.44621513944,5,12,1,2
2015-11-01,415.0,79.32842680120841,16.320577288497134,77.25433745318499,1030.2788844621514,646.9056579283543,2.1954872367867067,1.866362773016991,102270.91633466135,6,12,1,2
2015-11-02,420.0,80.12595149955966,16.40733952142528,77.77195787369335,1030.3784860557769,608.4664174505797,2.598165301791257,0.11882781097749567,102278.38645418326,0,12,3,1
2015-11-03,407.0,78.85960955608432,16.496646993975908,83.39503049099031,1030.4780876494024,595.249615217068,9.125385026777561,1.3941532656075595,102285.85657370517,1,12,1,0
2015-11-04,454.0,80.90046587619659,16.588473252302947,73.86519655121495,1030.5776892430279,701.7260578414496,0.35669656048665394,2.005040336871409,102293.32669322709,2,12,3,1
2015-11-05,388.0,73.57233851903112,16.682791096468534,79.36990471291313,1030.6772908366534,570.0893012963228,1.0446546137524813,0.7389478871619236,102300.796812749,3,12,1,2
2015-11-06,276.0,73.81870493601987,16.77957258849994,75.42989156083065,1030.7768924302788,432.0106615466318,1.1696699775514618,1.5478996254688417,102308.26693227091,4,12,3,2
2015-11-07,483.0,71.05983430480897,16.878789060665113,75.15401586253367,1030.8764940239043,758.4887196601742,2.429030868437013,1.7053602534846828,102315.73705179282,5,12,0,0
2015-11-08,451.0,78.70730059111895,16.98041112396436,81.53306201200724,1030.9760956175298,668.4640994611673,4.869922268977393,1.672059271372216,102323.20717131473,6,12,2,2
2015-11-09,378.0,80.35247817914272,17.084408676835693,79.95826439126876,1031.0756972111553,580.6272465315061,2.306059300621671,1.1700391220769226,102330.67729083664,0,12,2,2
2015-11-10,439.0,78.6934888737238,17.190750914071245,79.6860463518607,1031.1752988047808,635.4261543732028,5.3156869510643965,0.93178717090187,102338.14741035858,1,12,3,0
2015-11-11,431.0,84.72275899876665,17.29940633594209,81.92858136388746,1031.2749003984063,661.5946659613562,6.5136233578840175,2.106217775266752,102345.61752988049,2,12,0,1
2015-11-12,421.0,76.26684852709035,17.410342757528838,75.28433369310612,1031.3745019920318,635.4884797197353,0.5885800153218617,1.9202702967996743,102353.0876494024,3,12,3,0
2015-11-13,454.0,79.58194461883501,17.52352731825512,78.36271021996458,1031.4741035856573,690.4607656432044,6.309927918168032,0.87101241619339,102360.55776892431,4,12,3,2
2015-11-14,450.0,70.7220323734928,17.63892649162128,73.17081323379017,1031.5737051792828,662.0885585592921,5.440650012851339,0.3472460666612946,102368.02788844622,5,12,0,0
2015-11-15,367.0,74.18624844006035,17.75650609513528,76.10781957217165,1031.6733067729083,517.2783316886565,7.169312327326676,0.27233810906912603,102375.49800796813,6,12,1,1
2015-11-16,383.0,79.53957313760993,17.876231300437894,73.59682212728579,1031.7729083665338,584.5650412949901,2.9431703441401282,0.3262623469574465,102382.96812749005,0,12,1,2
2015-11-17,347.0,80.24647723190606,17.99806664361932,74.48884653772494,1031.8725099601593,479.2319369504109,3.6974420805034054,1.4988864668609028,102390.43824701196,1,12,0,1
2015-11-18,369.0,74.46917724381713,18.121976035723907,76.73183305573676,1031.9721115537848,547.1529901551493,5.505716033480698,0.22398922198957524,102397.90836653387,2,12,3,1
2015-11-19,392.0,75.5180423539896,18.247922773440127,69.4130510369524,1032.0717131474103,606.8236373283994,3.493404492437311,0.9086244999136921,102405.37848605578,3,12,2,0
2015-11-20,455.0,68.22269649160971,18.375869549972496,83.71019727848231,1032.1713147410358,686.3379547174608,0.6540174531627532,1.9076792845941504,102412.84860557769,4,12,3,1
2015-11-21,450.0,73.96196476292083,18.505778466092245,67.958356160317,1032.2709163346613,713.9668528957963,1.2364131605828408,0.8064355996369074,102420.31872509961,5,12,1,0
2015-11-22,478.0,80.13311029691718,18.637611041363492,66.65383485333436,1032.3705179282867,737.5021830516355,2.979374061364334,1.9319393852323117,102427.78884462152,6,12,0,0
2015-11-23,431.0,78.49036096776204,18.771328225541556,78.24789791641723,1032.4701195219122,633.4220322334885,8.973287417374454,1.8891208916969326,102435.25896414343,0,12,0,1
2015-11-24,440.0,78.04988340183601,18.906890410140086,76.14453264953451,1032.569721115538,660.5462675970288,4.5101003651778395,0.6899851183197191,102442.72908366534,1,12,0,0
2015-11-25,376.0,75.72673971582306,19.044257440163484,75.03208420493381,1032.6693227091635,563.0525859491113,1.6255473234396318,1.8491732322225891,102450.19920318725,2,12,1,0
2015-11-26,347.0,75.44362148014022,19.183388626001303,74.7749502943188,1032.768924302789,488.8564647330775,1.7527984198982438,1.8946639318530418,102457.66932270916,3,12,3,1
2015-11-27,343.0,72.0362729248923,19.324242755480924,71.29028062480359,1032.8685258964144,495.69202167031295,1.8223268914425865,1.0538894216008645,102465.13944223108,4,12,0,2
2015-11-28,362.0,78.76075304797514,19.46677810607505,66.58017193042073,1032.96812749004,531.7847818604027,2.505561860950222,0.6050091609796437,102472.609561753,5,12,2,0
2015-11-29,319.0,77.29938849331675,19.610952457260385,71.15711787644787,1033.0677290836654,437.77558994288125,2.670257423881752,1.351049936540486,102480.0796812749,6,12,0,0
2015-11-30,425.0,77.58173268845209,19.756723103023802,67.10074523639184,1033.167330677291,638.4498693650329,2.5322492890917574,2.311354211200471,102487.54980079681,0,12,3,1
2015-12-01,400.0,72.41780235440594,19.904046864512335,75.06750493806408,1033.2669322709164,595.0185631069392,2.5856388827318284,1.6350801578369487,102495.01992031872,1,12,1,0
2015-12-02,386.0,64.20684534923217,20.05288010282323,69.15895288684284,1033.366533864542,545.5421219737685,0.6777492041594083,0.5150139943054268,102502.49003984063,2,12,2,1
2015-12-03,385.0,80.38417419280337,20.203178731930237,65.46615655217697,1033.4661354581674,585.5842573055467,0.6920798806258931,1.7386166193604478,102509.96015936256,3,12,2,2
2015-12-04,392.0,72.42836360408677,20.354898231742418,67.68327432825019,1033.565737051793,602.3174548938192,2.027828869540775,1.125287265476403,102517.43027888447,4,12,0,2
2015-12-05,428.0,70.43212434913868,20.507993661291437,71.04866994879525,1033.6653386454184,646.5406895772978,1.044738198870914,1.5196691136528953,102524.90039840637,5,12,3,1
2015-12-06,394.0,78.13618472354817,20.662419672043598,65.85653789189293,1033.7649402390439,584.5186364958206,2.562886125717466,1.861753684055459,102532.37051792828,6,12,0,2
2015-12-07,440.0,72.63087153973808,20.818130521332545,64.25263697950274,1033.8645418326694,671.8288430350372,5.340577082891491,1.3358736436346677,102539.8406374502,0,12,2,1
2015-12-08,437.0,79.81214187727873,20.975080085908772,69.26827588564201,1033.9641434262949,669.1044072095339,6.9921667934111955,2.0535615389759405,102547.3107569721,1,12,0,0
2015-12-09,431.0,77.51841881008258,21.133221875601794,68.95838910434003,1034.0637450199204,652.6480713943938,5.315077721162312,1.8331733903599068,102554.78087649403,2,12,3,2
2015-12-10,383.0,77.77159209245686,21.292509047091084,64.88026602896218,1034.1633466135459,558.0077549913048,3.1171441282239845,1.5761760160444256,102562.25099601594,3,12,1,0
2015-12-11,377.0,67.44377423510657,21.45289441778152,64.73901963634535,1034.2629482071713,571.0320153102236,4.688561984082065,0.4619027579976436,102569.72111553785,4,12,2,0
2015-12-12,379.0,80.25255468704229,21.61433047977944,67.9315887272293,1034.3625498007968,592.4096130165095,3.0317635775000347,2.106277866187764,102577.19123505976,5,12,3,1
2015-12-13,333.0,75.4178679491868,21.776769413964967,59.20603946458344,1034.4621513944223,487.5674188277654,2.6676034957865697,2.3461734047675584,102584.66135458167,6,12,0,2
2015-12-14,314.0,72.1835327516907,21.940163104156557,59.08235491980412,1034.5617529880478,512.9587867826486,4.747949666019899,0.4287162971423075,102592.13147410357,0,12,2,2
2015-12-15,174.0,74.66471076102948,22.10446315136354,62.19885259101074,1034.6613545816733,250.48738132029231,2.390908063863866,1.2717787106402334,102599.6015936255,1,12,0,0
2015-12-16,244.0,64.98401339144718,22.26962088812243,64.3935224651959,1034.7609561752988,366.6481402668027,0.6839093595584566,0.7213329807292107,102607.07171314741,2,12,0,0
2015-12-17,308.0,75.82547036094698,22.43558739291274,66.68336304216454,1034.8605577689243,448.55028807987327,2.3068256025116174,1.910855937821355,102614.54183266932,3,12,1,1
2015-12-18,320.0,68.55198570676558,22.60231350464811,72.17215407545154,1034.9601593625498,484.4654167184052,0.5653869871121692,1.83191112641128,102622.01195219123,4,12,0,2
2015-12-19,270.0,66.85177365216317,22.76974983723829,68.74879844153351,1035.0597609561753,370.1555661472945,2.2025901683659765,0.43812428936895687,102629.48207171314,5,12,0,1
2015-12-20,320.0,65.91928067180159,22.93784679421791,63.324613761747045,1035.1593625498008,469.07916402366556,4.012064779580927,2.204865451027929,102636.95219123505,6,12,3,1
2015-12-21,313.0,79.0101645832309,23.10655458343745,63.691809793611654,1035.2589641434263,447.6575759930287,3.7184813837869544,0.5343353535472055,102644.42231075697,0,12,0,1
2015-12-22,326.0,70.21577141562993,23.275823231812225,58.435706713186505,1035.3585657370518,491.70676695784584,3.119360963059437,2.0134216615554577,102651.89243027888,1,12,1,2
2015-12-23,459.0,80.94583724952001,23.445602600124964,63.01622911978812,1035.4581673306773,708.3889475101781,2.687471552502518,1.1967528631072117,102659.3625498008,2,12,0,1
2015-12-24,314.0,70.51307148579971,23.61584239787759,61.32502200964413,1035.5577689243028,483.920123742291,3.8046168679838908,0.8878535045395629,102666.83266932271,3,12,0,2
2015-12-25,304.0,64.56996411294136,23.786492198187798,64.04060840531486,1035.6573705179283,408.5668127828221,4.722248173652725,0.4797742304181124,102674.30278884462,4,12,0,1
2015-12-26,310.0,67.43862707389367,23.957501452726074,57.94884237678624,1035.7569721115538,505.8413930585576,2.2217864174490582,0.5022742147519106,102681.77290836653,5,12,2,0
2015-12-27,370.0,79.11464834669037,24.12881950668865,64.33909355782856,1035.8565737051792,560.9055988124173,1.035077062373785,1.6885373312821608,102689.24302788846,6,12,1,1
2015-12-28,328.0,72.07031130341568,24.300395613801978,69.06290333740893,1035.9561752988047,476.47001719013997,3.90782177342999,1.4210329310730894,102696.71314741037,0,12,2,1
2015-12-29,331.0,70.0224740418698,24.472178951354383,60.51184135500694,1036.0557768924302,499.6425583798188,1.2079190549476906,0.39300501196295845,102704.18326693228,1,12,1,2
2015-12-30,412.0,73.4780318116388,24.64411863525027,62.72032133999417,1036.1553784860557,621.5237964500539,1.4089629415951253,0.37047486505198046,102711.65338645419,2,12,1,0
2015-12-31,433.0,75.10083181329645,24.816163735082547,63.818392488390465,1036.2549800796812,636.1630256609687,5.759939873500818,0.2735453794546995,102719.1235059761,3,12,3,0
2016-01-01,463.0,78.09286243490291,24.98826328921879,58.01737106213324,1036.3545816733067,698.4583333468415,3.8175213169131137,1.885041633696506,102726.59362549802,4,12,2,2
2016-01-02,465.0,79.66231298951634,25.160366319896593,60.799729769258896,1036.4541832669322,685.3505542475939,7.9984376927340435,1.808517004550294,102734.06374501993,5,12,1,2
2016-01-03,426.0,70.53494584689268,25.332421848323783,59.398118307261406,1036.5537848605577,630.9127601461995,6.381597782444958,0.24023437805098036,102741.53386454184,6,12,1,0
2016-01-04,496.0,65.61757211470038,25.504378909778865,59.47962267318643,1036.6533864541832,730.2744172848983,3.129454572786572,1.4446481814327352,102749.00398406375,0,12,3,2
2016-01-05,528.0,70.09458091002996,25.676186568707315,54.782577943308034,1036.7529880478087,763.3465742052069,5.853508707289218,0.3032227725824558,102756.47410358566,1,12,2,0
2016-01-06,538.0,73.37750556600979,25.847793933809292,58.42696300367613,1036.8525896414342,809.9167294043077,1.1462132513151733,2.26898984946146,102763.94422310757,2,12,0,1
2016-01-07,535.0,67.17163028238987,26.01915017311415,60.451691109998954,1036.9521912350597,814.2059887303268,2.716309988667547,2.2770818060323177,102771.41434262949,3,12,3,1
2016-01-08,603.0,67.11914316100606,26.190204529037445,64.87530898090031,1037.0517928286852,914.7976719215275,3.215812127287343,1.7757591755515123,102778.8844621514,4,12,1,0
2016-01-09,408.0,73.5384862410415,26.360906333415883,62.074541463594265,1037.1513944223107,628.3985050527046,2.4169563032689463,2.32285341145468,102786.35458167331,5,12,2,0
2016-01-10,368.0,71.49113573088987,26.531205022515774,67.70350224252624,1037.2509960159362,558.4868042002973,5.596807897661362,2.047487272992857,102793.82470119522,6,12,1,1
2016-01-11,404.0,71.81345990105265,26.701050152010556,52.76116188153864,1037.3505976095616,595.3454900356619,3.995117205713804,2.0884925822249185,102801.29482071713,0,12,3,1
2016-01-12,444.0,67.77232762053816,26.870391411922984,60.620820359757424,1037.4501992031871,682.7932772886238,3.9054038109204487,1.4672988413678398,102808.76494023904,1,12,3,0
2016-01-13,356.0,70.32840710820744,27.039178641527442,56.838352745636875,1037.5498007968126,506.8496492031613,8.700980772564355,0.8345420757188221,102816.23505976096,2,12,2,2
2016-01-14,397.0,66.7751533565544,27.20736184420814,66.53429097767209,1037.6494023904384,577.4865723497504,3.1421438898656238,0.6227178762794118,102823.70517928287,3,12,3,2
2016-01-15,371.0,75.7635464544896,27.37489120226865,51.208726168686944,1037.7490039840638,537.2159985715351,6.643179442314133,0.8852800528934299,102831.17529880478,4,12,3,0
2016-01-16,311.0,76.40538812777454,27.54171709168843,50.71795660571926,1037.8486055776893,488.1011211827862,6.779767686648778,1.608389032213749,102838.64541832669,5,12,0,2
2016-01-17,321.0,61.91516564039853,27.707790096822013,51.58745657913586,1037.9482071713148,500.35577028280153,5.107544186969504,0.5143756859977574,102846.1155378486,6,12,1,1
2016-01-18,424.0,66.41591518651971,27.873061025036467,43.63439932837803,1038.0478087649403,645.7461047408999,8.47162196713259,0.7207365679295719,102853.58565737051,0,12,0,1
2016-01-19,435.0,63.498613263908226,28.037480921282768,51.29626304903066,1038.1474103585658,673.9385973042359,3.5000993161644667,1.2233460707091146,102861.05577689243,1,12,0,2
2016-01-20,455.0,67.6493797866671,28.201001082596836,49.802334527037836,1038.2470119521913,664.9143443517603,4.034034841581989,0.6593202364590773,102868.52589641434,2,12,2,0
2016-01-21,398.0,70.40102361478526,28.36357307252588,54.02482278732928,1038.3466135458168,603.9719023972197,1.8298954346642313,1.5127448073185479,102875.99601593625,3,12,3,1
2016-01-22,399.0,63.48919953376945,28.52514873547579,54.65848240793422,1038.4462151394423,595.9965114323367,2.261142848348026,2.315622468295192,102883.46613545816,4,12,1,1
2016-01-23,469.0,66.04786082888575,28.685680210975363,62.00949377412871,1038.5458167330678,720.4376420776982,3.862396007623132,1.8954144776875035,102890.93625498007,5,12,1,1
2016-01-24,488.0,65.55765316566595,28.8451199478531,57.06187929522405,1038.6454183266933,729.6955153489561,2.442347220774187,1.6994238739573913,102898.40637450198,6,12,1,2
2016-01-25,401.0,71.53462628783355,29.003420718322367,49.10864028504325,1038.7450199203188,593.8011422317984,4.413747150019609,1.498531542361069,102905.8764940239,0,12,3,0
2016-01-26,446.0,70.76645386919586,29.160535631970784,47.18685537931664,1038.8446215139443,679.8181703712198,3.23126316490085,1.2710749822169558,102913.34661354581,1,12,1,2
2016-01-27,456.0,66.73310315848889,29.31641814964968,53.826759558233164,1038.9442231075698,701.5233833438247,6.788424881409118,0.5477532631231833,102920.81673306772,2,12,1,0
2016-01-28,451.0,71.14859331206725,29.471022097259493,44.4567897703778,1039.0438247011953,663.133096103064,3.034876429052655,2.2473050930244773,102928.28685258963,3,12,3,0
2016-01-29,501.0,67.45444873735015,29.624301679427045,59.90869047041768,1039.1434262948208,750.2784865729525,6.3167144310188945,0.6964864048308071,102935.75697211154,4,12,2,2
2016-01-30,505.0,68.75361870183443,29.77621149307061,56.34477761746522,1039.2430278884462,736.331187327167,0.7548422036876499,0.3191413061875858,102943.22709163347,5,12,1,1
2016-01-31,437.0,78.40390718106826,29.92670654084883,47.80070865777881,1039.3426294820717,605.5387796501412,1.670931785680919,1.9000364301488686,102950.69721115538,6,12,3,0
2016-02-01,305.0,76.66443413670703,30.075742244489412,41.28284286556679,1039.4422310756972,461.5091926282746,3.889766733905819,0.5214772823947993,102958.16733067729,0,12,0,2
2016-02-02,292.0,63.39045658636517,30.22327445799369,56.322812954839684,1039.5418326693227,450.17810712509265,2.2110581776622027,0.9925503988988225,102965.63745019921,1,12,3,1
2016-02-03,306.0,73.9640323490393,30.369259480713133,48.688781812310644,1039.6414342629482,464.2413361817345,3.1016451921299772,0.16788382789835135,102973.10756972112,2,12,0,0
2016-02-04,300.0,73.80015573731096,30.513654070293992,55.16177341927933,1039.7410358565737,411.00876564491267,2.9012090302106834,0.42896306209707535,102980.57768924303,3,12,3,0
2016-02-05,371.0,63.93047582849385,30.656415455486133,40.715030795055895,1039.8406374501992,549.4830113984705,2.8497727198340246,0.515688713823789,102988.04780876495,4,12,1,1
2016-02-06,408.0,73.69513754436812,30.797501348812347,45.408122187606445,1039.9402390438247,567.6330447989784,0.7608141106365547,0.23058430660042709,102995.51792828686,5,12,2,0
2016-02-07,343.0,77.22122461251558,30.93686995909436,48.152478580402196,1040.0398406374502,541.8940221530837,3.543227498527712,1.6759766958948286,103002.98804780877,6,12,2,2
2016-02-08,301.0,63.85003596686201,31.07448000383184,48.08594296116003,1040.1394422310757,429.7789083576383,9.408753384303669,2.1088187099274815,103010.45816733068,0,12,1,0
2016-02-09,322.0,64.80734053421331,31.210290721430738,45.32909119974231,1040.2390438247012,508.1080721891979,3.327383359675469,0.9959569752782582,103017.92828685259,1,12,0,0
2016-02-10,368.0,74.41617639257888,31.344261883277284,50.42572589518293,1040.3386454183267,570.917392873683,3.303354977457503,2.198983544123682,103025.3984063745,2,12,3,1
2016-02-11,349.0,70.61929965130116,31.476353805654167,41.70919024177869,1040.4382470119522,505.48819294927875,9.992356869300577,0.6120317789443036,103032.86852589643,3,12,1,2
2016-02-12,334.0,71.95411769544998,31.606527361495274,46.07504785190299,1040.5378486055777,478.3443009746451,14.665378246674598,0.8809370165469748,103040.33864541833,4,12,3,1
2016-02-13,333.0,70.8355740860147,31.73474399197555,47.1319901746084,1040.6374501992032,506.50740432772676,1.4303524697167371,0.4617687832748041,103047.80876494024,5,12,1,2
2016-02-14,257.0,71.02299674567445,31.860965717932554,48.85026273442864,1040.7370517928287,368.6135192563386,10.539357529147571,1.5893420690055968,103055.27888446215,6,12,1,1
2016-02-15,265.0,62.37506178288644,31.98515515111628,49.587764088211884,1040.8366533864541,399.54969284316417,2.920849834504042,1.1076870180887364,103062.74900398406,0,12,3,0
2016-02-16,297.0,74.18295078047524,32.10727550526399,40.16223853028267,1040.9362549800796,435.84344818386165,1.109355136953885,1.5718800324205568,103070.21912350597,1,12,2,2
2016-02-17,289.0,74.73430465864053,32.22729060699668,37.87484793232852,1041.0358565737051,397.8768317106873,5.593263264718673,1.9280197729460407,103077.6892430279,2,12,2,2
2016-02-18,310.0,67.68046382639284,32.34516490653405,51.698054296424445,1041.1354581673306,420.39063961751083,0.97655650716332,1.4096872384790764,103085.1593625498,3,12,0,0
2016-02-19,366.0,68.55218350681832,32.46086348822474,46.739843083448484,1041.2350597609561,553.533684969892,2.729297301004356,1.6063128517642908,103092.62948207172,4,12,3,1
2016-02-20,345.0,61.057286446777056,32.57435208088867,41.108863155439884,1041.3346613545816,506.26884507338747,2.469633418009832,2.344600754546399,103100.09960159363,5,12,0,2
2016-02-21,228.0,71.22847524610486,32.68559706796863,52.38456574167536,1041.434262948207,330.93820366171735,3.3608715492978343,0.8177543430612234,103107.56972111553,6,12,1,0
2016-02-22,213.0,71.46300445982683,32.794565497487795,44.9892421764887,1041.5338645418326,333.4172767818757,0.9368999597744251,0.9619934527214875,103115.03984063744,0,12,0,0
2016-02-23,208.0,68.2384323690982,32.90122509181049,50.09403573669815,1041.633466135458,335.4688455326489,0.7435328898604611,1.8224880681024087,103122.50996015937,1,12,1,2
2016-02-24,319.0,74.11899467075094,33.005544257203155,44.32650389264423,1041.7330677290836,473.04910557276384,5.538479026225576,1.5671332409329282,103129.98007968128,2,12,3,2
2016-02-25,315.0,66.7758677985039,33.10749209319281,54.088755438024315,1041.832669322709,465.68802586180277,7.134244582988818,0.5284789708953156,103137.45019920319,3,12,3,2
2016-02-26,293.0,71.21951042860798,33.20703840172004,52.362627408775936,1041.9322709163346,449.50286066227767,7.48485694085939,1.0027535440251765,103144.9203187251,4,12,3,0
2016-02-27,342.0,63.24960145849741,33.30415369608403,42.14687186543657,1042.03187250996,485.8612886060085,0.6552885615955194,1.222811231499316,103152.390438247,5,12,3,1
2016-02-28,338.0,68.1828346407904,33.39880920967683,48.060236335418125,1042.1314741035856,511.46306109495396,1.8366916973872238,1.1065356111241345,103159.86055776892,6,12,0,1
2016-02-29,344.0,67.38274025823364,33.490976904504365,46.24492593891701,1042.231075697211,527.0377194364431,13.167745125831647,0.5278595399728979,103167.33067729084,0,12,1,2
2016-03-01,370.0,69.33622487045892,33.58062947949156,49.68189882867862,1042.3306772908365,568.6046041683526,1.4961613904907387,2.3186322202822294,103174.80079681275,1,12,2,0
2016-03-02,365.0,66.31849516654859,33.66774037856924,37.839901939960995,1042.430278884462,508.7649459499507,0.6386467111767348,1.929565028065542,103182.27091633466,2,12,3,0
2016-03-03,348.0,67.46649512237151,33.752283798540304,45.92568970291159,1042.5298804780878,506.7728946038212,2.109515286139258,1.2552539970588454,103189.74103585657,3,12,3,2
2016-03-04,312.0,72.21311850884607,33.83423469672293,47.623653040802076,1042.6294820717133,450.43473494353066,0.33411144918061625,1.7321464679364078,103197.21115537848,4,12,1,0
2016-03-05,214.0,65.85939441462466,33.91356879836851,33.37916497114741,1042.7290836653387,322.99773908818423,0.5403357084473862,2.2534784131252525,103204.68127490039,5,12,2,0
2016-03-06,165.0,59.971983194380584,33.99026260385203,36.103182228967064,1042.8286852589642,257.11489159535967,1.9751729093455672,0.4268179416677709,103212.15139442231,6,12,3,0
2016-03-07,218.0,76.7157728232106,34.064293395632994,31.67525231993351,1042.9282868525897,356.93420814891965,2.038375801012977,0.7008953216967464,103219.62151394422,0,12,2,2
2016-03-08,230.0,74.83945077096016,34.13563924498455,40.3816873378081,1043.0278884462152,335.1006903926385,0.4961871333721632,1.4024829934159482,103227.09163346613,1,12,3,2
2016-03-09,248.0,61.43654701522738,34.204279018489046,45.17915324200172,1043.1274900398407,362.04855003381573,7.436253633091008,2.0176248912456605,103234.56175298804,2,12,0,2
2016-03-10,276.0,71.313442834077,34.270192384297964,48.97140049188421,1043.2270916334662,436.9934403775749,2.262843444915813,0.18701174905966572,103242.03187250995,3,12,0,1
2016-03-11,213.0,65.31844623816606,34.33335981815444,41.70375426578999,1043.3266932270917,325.4315387706061,2.3952133757200738,2.4616435604712654,103249.50199203187,4,12,2,1
2016-03-12,127.0,69.12055477206701,34.39376260917656,49.35555250950333,1043.4262948207172,215.85303022375948,2.2686697477801494,1.1917758469177533,103256.97211155378,5,12,1,2
2016-03-13,112.0,69.2454292123676,34.45138286539975,34.196726978126044,1043.5258964143427,173.77456006019673,3.1106218128202183,0.9621547374921352,103264.44223107569,6,12,1,0
2016-03-14,111.0,66.57485923888014,34.506203519076514,32.470680765071194,1043.6254980079682,143.3576676257346,10.289628875941585,0.8025386508154524,103271.9123505976,0,12,0,0
2016-03-15,193.0,63.802067506201944,34.55820833173216,40.60584484205258,1043.7250996015937,262.83743290444386,4.804712363843007,0.5184560983620919,103279.38247011951,1,12,1,2
2016-03-16,123.0,64.24360378893132,34.607381898974744,42.70556344674705,1043.8247011952192,153.46975501882142,3.3145908121432432,1.999777381432067,103286.85258964144,2,12,1,0
2016-03-17,194.0,63.092185595064755,34.65370965505807,40.52910694941339,1043.9243027888447,304.24103669516944,1.1887362748554653,2.392993995390632,103294.32270916336,3,12,1,0
2016-03-18,186.0,63.49230002024968,34.697177877196204,30.26843374540821,1044.0239043824702,302.77193646174015,1.5633608924371638,1.0927474116289557,103301.79282868527,4,12,2,1
2016-03-19,242.0,67.29522170493908,34.7377736896283,40.07885242317946,1044.1235059760957,399.98724282772764,2.3559711419049902,2.385809667408295,103309.26294820718,5,12,2,0
2016-03-20,267.0,64.03345752072997,34.775485067432555,33.92668236261062,1044.2231075697212,417.3621066464648,2.2314295645967746,2.077114277044082,103316.73306772909,6,12,1,0
2016-03-21,207.0,71.00510990851903,34.810300840088125,43.727761063973944,1044.3227091633466,333.75677155069974,4.672607450712419,1.2545227059431638,103324.203187251,0,12,0,2
2016-03-22,176.0,75.01512542928766,34.842210694783944,42.14856984091635,1044.4223107569721,252.3996733469263,0.5712750479905685,1.7176628299027186,103331.67330677291,1,12,1,1
2016-03-23,189.0,64.66413120341302,34.871205179473506,35.55819070941621,1044.5219123505976,260.3716836651229,5.848905546179072,1.1439620300091111,103339.14342629483,2,12,3,1
2016-03-24,341.0,68.74838464983956,34.897275705674645,37.63611400196724,1044.6215139442231,528.5015866483511,2.6166058012984523,1.4409361797101259,103346.61354581674,3,12,0,0
2016-03-25,325.0,70.0382182760079,34.920414551013536,34.86310328852817,1044.7211155378486,495.853615044788,0.9759292521681064,0.23931120884440915,103354.08366533865,4,12,2,2
2016-03-26,259.0,69.88970392384027,34.94061486151218,39.80537479060978,1044.820717131474,390.64888748681784,3.364249055970216,1.7710323407212796,103361.55378486056,5,12,3,1
2016-03-27,178.0,67.90084101277114,34.957870653618585,44.85997029526902,1044.9203187250996,274.7474296126598,2.600616785936156,0.2267791467619281,103369.02390438247,6,12,1,1
2016-03-28,219.0,71.22732368380902,34.97217681597919,35.127016136363906,1045.019920318725,334.9637096491641,1.6765477091589585,2.061003872607159,103376.49402390438,0,12,1,0
2016-03-29,206.0,69.91948020792685,34.98352911095289,42.553174355683446,1045.1195219123506,334.67633719707123,2.175285014691277,2.0798726307053377,103383.9641434263,1,12,0,1
2016-03-30,221.0,61.315725800430386,34.991924175866245,37.364863556405304,1045.219123505976,357.3997116963391,6.448139647108567,0.668985490134915,103391.43426294821,2,12,0,2
2016-03-31,298.0,71.84710055994157,34.99735952400961,36.04091679066906,1045.3187250996016,457.8844070468069,9.895637708462951,0.8767906744859206,103398.90438247012,3,12,1,2
2016-04-01,316.0,71.93653741364687,34.99983354537366,39.465181109479886,1045.418326693227,490.91605745125855,3.4131652644900945,1.255144908539904,103406.37450199203,4,12,1,1
2016-04-02,294.0,63.68389672554393,34.99934550712633,34.82509737365047,1045.5179282868526,451.2812510484955,6.045643875982373,1.5319909766379556,103413.84462151394,5,12,0,2
2016-04-03,314.0,67.69174140032308,34.995895553829854,37.239962365604384,1045.617529880478,461.7766053593076,5.208468011687598,0.7896487881807921,103421.31474103585,6,12,3,2
2016-04-04,334.0,70.92190261035637,34.98948470739797,34.03164112225981,1045.7171314741036,516.1312934982628,6.433677353145459,1.5219673711166202,103428.78486055777,0,12,2,0
2016-04-05,261.0,66.46337346870658,34.98011486679322,49.8633959309955,1045.816733067729,363.61009862281475,2.8920508545627572,0.8146889757503173,103436.25498007968,1,12,0,1
2016-04-06,208.0,72.88099583509783,34.96778880746446,40.240740144929724,1045.9163346613545,333.07783104591766,5.496890087260228,0.23317773057054564,103443.7250996016,2,12,3,1
2016-04-07,289.0,79.34310738283446,34.95251018052469,36.596352098987694,1046.01593625498,409.6095412046793,4.3243878258267365,0.10606611959658148,103451.1952191235,3,12,1,0
2016-04-08,216.0,63.602928080990274,34.93428351166963,41.20133253033184,1046.1155378486055,329.71606573589463,1.6900659753749825,0.3427625390042286,103458.66533864541,4,12,2,0
2016-04-09,314.0,60.638219884312555,34.91311419983713,39.61213135187159,1046.215139442231,454.09692083147684,5.526928251140472,2.0014016803936436,103466.13545816732,5,12,3,0
2016-04-10,262.0,69.07458872022042,34.889008515607905,39.11713497111808,1046.3147410358565,404.06777966148854,1.8906397620798188,2.4074351497200093,103473.60557768925,6,12,2,0
2016-04-11,257.0,71.17682572595663,34.86197359934818,43.34688630152076,1046.414342629482,384.82149548144184,9.18268253077408,1.1247188782749262,103481.07569721116,0,12,2,2
2016-04-12,235.0,66.42965940122886,34.83201745909461,44.12350363204731,1046.5139442231075,320.60488083673334,1.6124876624940225,1.3304414882798627,103488.54581673307,1,12,2,2
2016-04-13,239.0,74.86672883251407,34.79914896818221,37.74919632558294,1046.613545816733,366.9139926203696,2.0958717434947456,0.45243560577622266,103496.01593625497,2,12,3,0
2016-04-14,239.0,60.92528207007577,34.76337786261598,37.59415307154463,1046.7131474103585,346.9415844633458,1.534403926509413,1.4224752464323769,103503.48605577688,3,12,3,1
2016-04-15,302.0,71.10223574606455,34.72471473818701,39.175312037867755,1046.812749003984,470.62293441626736,9.887688932150722,0.44717176481674437,103510.95617529881,4,12,1,1
2016-04-16,296.0,64.6291103725386,34.68317104733384,29.12405208165439,1046.9123505976095,444.02651377468817,9.126663038846662,1.5669143948771922,103518.42629482072,5,12,2,1
2016-04-17,247.0,76.27750998316138,34.6387590957502,33.146526497506834,1047.011952191235,378.40841970776074,3.3982254582631684,2.3398208021940494,103525.89641434263,6,12,0,0
2016-04-18,265.0,77.66683074647065,34.59149203873988,47.65138725974286,1047.1115537848605,378.3486208996958,1.879791100671908,0.5696764943272951,103533.36653386454,0,12,0,2
2016-04-19,301.0,63.89602512242328,34.54138387731996,49.1420708128665,1047.211155378486,439.71335537145274,3.965176564415752,1.9349529233370448,103540.83665338645,1,12,0,2
2016-04-20,322.0,65.00798959342028,34.48844945407363,39.777920894070846,1047.3107569721114,473.8272272779783,1.602488742666366,0.1564058147639777,103548.30677290836,2,12,3,2
2016-04-21,291.0,72.0815872105222,34.4327044487536,44.01737591777164,1047.410358565737,453.6340496048511,2.3797530544158305,1.0011933791718903,103555.77689243028,3,12,1,2
2016-04-22,292.0,65.87726406423363,34.3741653736376,42.80792002544248,1047.5099601593624,471.5475417561098,4.935884702896645,0.36579641879322167,103563.24701195219,4,12,3,1
2016-04-23,258.0,67.61651912602018,34.312849568637276,56.76870490500164,1047.6095617529882,370.8965649651425,2.4050229993232146,0.9459410598296786,103570.7171314741,5,12,2,1
2016-04-24,282.0,68.0025545046311,34.2487751961619,47.100324164849084,1047.7091633466136,444.5369628931536,3.3159290771766337,0.5164886071333205,103578.18725099601,6,12,0,2
2016-04-25,271.0,58.310653601142484,34.181961235738484,40.9964895711192,1047.8087649402391,363.10645164548595,5.03951938562788,0.9959319762949298,103585.65737051793,0,12,3,0
2016-04-26,314.0,67.87459753033392,34.11242747838981,36.99744284021825,1047.9083665338646,447.1162119781542,5.120920695957111,1.102054734658073,103593.12749003984,1,12,0,2
2016-04-27,377.0,64.53126386929306,34.04019452077217,33.8873793571678,1048.0079681274901,546.3244308762645,2.1470411791614246,0.821418694674204,103600.59760956177,2,12,3,2
2016-04-28,390.0,65.55174400846398,33.96528375907432,43.08675066118748,1048.1075697211156,557.9498262111856,1.8150793139705,1.67589267873551,103608.06772908368,3,12,0,0
2016-04-29,392.0,75.27430132600418,33.8877173826798,38.44281150821888,1048.2071713147411,556.3282322042484,5.109249569622966,2.3052449230213834,103615.53784860559,4,12,2,2
2016-04-30,342.0,61.813706344806654,33.80751836759412,35.273694716823385,1048.3067729083666,521.259978242756,3.039692966979518,1.0614288978526536,103623.0079681275,5,12,0,1
2016-05-01,297.0,72.20367069892035,33.724710469639064,39.31771463950924,1048.406374501992,441.21864604544277,5.6079927924630715,0.5616235755400514,103630.4780876494,6,12,2,0
2016-05-02,275.0,66.785526239633,33.63931821741591,37.3136235470962,1048.5059760956176,420.0881079521022,1.7918057837064365,0.74973461967036,103637.94820717131,0,12,2,0
2016-05-03,281.0,66.8255157050009,33.55136690503984,51.332974365283135,1048.605577689243,435.30945372243025,2.340458319399644,2.1496019763912857,103645.41832669324,1,12,3,2
2016-05-04,309.0,72.22141818793479,33.460882584647536,47.486433615452185,1048.7051792828686,468.8123398634507,5.878863383854845,1.471935335848355,103652.88844621515,2,12,3,1
2016-05-05,262.0,70.01631044350437,33.3678920586802,43.22435267605652,1048.804780876494,406.1552635230075,2.2106731464112364,1.1920264775366975,103660.35856573706,3,12,3,1
2016-05-06,194.0,71.21685355012542,33.272422871944464,50.854874950561204,1048.9043824701196,289.6093542751546,5.53954475103896,0.4591281316214241,103667.82868525897,4,12,2,1
2016-05-07,229.0,73.25367165093768,33.17450330345326,44.03783493133158,1049.003984063745,319.7601322338851,4.180292264036883,1.1793455399770767,103675.29880478088,5,12,1,2
2016-05-08,246.0,66.80637690505874,33.074162358049286,39.54525427726011,1049.1035856573706,390.1562836164159,2.2091313211791586,0.7683808080577279,103682.76892430279,6,12,1,2
2016-05-09,225.0,65.45310144855453,32.971429757813446,51.67276087072139,1049.203187250996,325.71775734437745,10.007193897538606,2.363591506848038,103690.23904382471,0,12,2,1
2016-05-10,221.0,63.14107940058057,32.866335933260885,46.961878351901525,1049.3027888446215,312.7880740247515,1.2502272260500487,2.221768262597755,103697.70916334662,1,12,2,2
2016-05-11,185.0,64.4934913429417,32.75891201432706,39.2959451997136,1049.402390438247,273.94164248391206,3.3841362459325897,0.3013661003876752,103705.17928286853,2,12,3,1
2016-05-12,218.0,83.42087721597024,32.6491898211468,43.74992696728836,1049.5019920318725,308.74378161406975,2.997255068644005,1.339968374226983,103712.64940239044,3,12,3,2
2016-05-13,310.0,74.95479697636954,32.5372018546288,40.547505023818616,1049.601593625498,456.65139236021133,0.5920111876241362,0.640140029235213,103720.11952191235,4,12,3,0
2016-05-14,307.0,62.033137525545655,32.42298128682846,38.2400387715214,1049.7011952191235,467.3810784312693,2.6458760839512925,1.0858650148582973,103727.58964143426,5,12,1,0
2016-05-15,325.0,62.234429240721134,32.30656195112204,50.01776383541412,1049.800796812749,494.4668347849225,7.273666732252384,2.2044351958034953,103735.05976095618,6,12,1,2
2016-05-16,316.0,71.31534114250007,32.18797833218476,55.171126537981124,1049.9003984063745,456.0433986714874,2.728072690534505,1.3660348477325075,103742.52988047809,0,12,2,2
2016-05-17,302.0,71.70269120900176,32.06726555577615,38.872631019351985,1050.0,443.2458925410251,2.578288144554957,0.9021167040898236,103750.0,1,12,1,1
2016-05-18,318.0,71.77218948741915,31.94445937833533,48.925927426782195,1050.0996015936255,498.4866600954049,7.906097431880167,0.5989320498519929,103757.47011952191,2,12,3,0
2016-05-19,300.0,67.8154229440367,31.819596176389638,43.10759480161159,1050.199203187251,459.9280023546788,0.9949648001353523,2.020779662575574,103764.94023904382,3,12,3,1
2016-05-20,246.0,68.52637223209577,31.69271293577947,44.17894720961758,1050.2988047808765,410.50130078697083,6.671532949539798,1.5988432368744332,103772.41035856574,4,12,3,2
2016-05-21,255.0,70.85747400044546,31.56384724070265,43.91033589740036,1050.398406374502,406.10256347483056,0.4629628497536847,1.223357105022955,103779.88047808765,5,12,3,1
2016-05-22,218.0,69.71294640017582,31.43303726258165,42.81397162643762,1050.4980079681275,349.88586137119876,6.680142263182475,0.6219624492711473,103787.35059760956,6,12,3,1
2016-05-23,252.0,58.25333726188397,31.300321748756712,47.64196464221071,1050.597609561753,350.242628990884,0.941766218351373,0.9021912979771152,103794.82071713147,0,12,0,2
2016-05-24,190.0,68.26813184161975,31.16574001100855,43.51376939592772,1050.6972111553785,300.27720703266846,1.6234447314271696,2.4036242241724444,103802.29083665338,1,12,2,0
2016-05-25,256.0,65.22830187174158,31.029331913913683,49.293620301071826,1050.796812749004,382.9378639660618,1.033546822293835,1.3482158502540025,103809.76095617529,2,12,2,1
2016-05-26,311.0,70.43048816302445,30.89113786303622,47.966533726681874,1050.8964143426294,455.480363929235,5.454471573058571,1.061678274983807,103817.23107569721,3,12,1,2
2016-05-27,381.0,84.55069561653747,30.751198792959165,47.30286217974962,1050.996015936255,574.8603068106506,3.3799460031866464,1.3514129016359775,103824.70119521912,4,12,3,1
2016-05-28,409.0,71.53263024979188,30.60955615515927,44.24306937947347,1051.0956175298804,632.4042306922297,5.743009631130146,1.9695724141590607,103832.17131474103,5,12,0,2
2016-05-29,269.0,68.19922561627371,30.466251905728598,46.18363953570114,1051.195219123506,413.5166318200842,3.7479408227989053,0.916261447606885,103839.64143426294,6,12,3,2
2016-05-30,187.0,74.44834326341294,30.32132849294662,53.13429914323554,1051.2948207171314,262.9305239731588,2.342240107331423,0.5288946902382612,103847.11155378485,0,12,3,2
2016-05-31,225.0,72.32602501369271,30.174828844706703,52.1549282487085,1051.394422310757,352.3491782718524,5.096825185270494,1.5038466840137148,103854.58167330676,1,12,1,0
2016-06-01,283.0,72.08707427435908,30.02679635580025,45.05863106440674,1051.4940239043824,411.74824915848075,3.9633167100117683,1.6964898483545612,103862.05179282869,2,12,0,0
2016-06-02,316.0,73.09561552854694,29.877274875062838,50.742111777020455,1051.593625498008,478.3336623792857,3.6624090935214477,1.810523207100519,103869.5219123506,3,12,0,2
2016-06-03,361.0,80.41956347795492,29.72630869238557,54.30431823208781,1051.6932270916334,535.4329986504573,2.2418143559038017,2.216770217838711,103876.9920318725,4,12,2,0
2016-06-04,330.0,64.5585865605724,29.573942525596067,42.50508854320101,1051.7928286852589,490.6226749652875,3.2558298570008737,0.9908178896538713,103884.46215139441,5,12,3,1
2016-06-05,256.0,72.65804963045106,29.420221507212432,53.87635794747481,1051.8924302788844,399.3248595008102,2.6374241183616327,0.28085175094934034,103891.93227091632,6,12,0,0
2016-06-06,237.0,65.735498764555,29.265191171074605,48.156498863121556,1051.9920318725099,334.69612560368205,2.440380602713076,2.4000366007142615,103899.40239043823,0,12,2,0
2016-06-07,246.0,73.22311451228289,29.10889743885671,54.63519846525237,1052.0916334661354,407.90390148553865,3.629865311290494,1.1440286258499406,103906.87250996016,1,12,0,1
2016-06-08,202.0,65.93087413933728,28.95138660646451,48.28093100435839,1052.1912350597609,266.5782786141101,13.971820681855121,1.5958180232155152,103914.34262948208,2,12,3,1
2016-06-09,209.0,68.5168132668135,28.792705330322146,43.390178836033115,1052.2908366533864,301.54664633490285,1.802072855529494,1.6991327755079015,103921.81274900399,3,12,2,1
2016-06-10,262.0,69.20810012203452,28.632900613551893,44.5964865834804,1052.3904382470118,400.4042377988348,9.980580841967441,1.4116329008828885,103929.2828685259,4,12,0,2
2016-06-11,280.0,75.64307370069783,28.472019792051437,53.296385149204035,1052.4900398406376,431.6862833287062,5.322559771899776,0.5926180713670482,103936.75298804781,5,12,1,1
2016-06-12,279.0,75.4372169594759,28.310110520472342,54.67839146766273,1052.5896414342628,416.4904855885659,2.7631725724869027,1.9123433202787394,103944.22310756972,6,12,0,1
2016-06-13,357.0,64.69780273871591,28.14722075810433,49.1839753582693,1052.6892430278886,534.3521859399691,1.1892026731598384,2.029004738329796,103951.69322709164,0,12,3,1
2016-06-14,266.0,71.28297117766466,27.983398754669178,57.226164784548516,1052.788844621514,407.21100170655234,0.7790180686146078,1.4271414064418555,103959.16334661355,1,12,1,2
2016-06-15,330.0,67.54275420823984,27.818693036028577,46.055013616598046,1052.8884462151395,490.3786104508464,2.2025474473407045,1.2725467854036199,103966.63346613546,2,12,0,0
2016-06-16,248.0,64.88089925171815,27.65315238981034,54.36329622714273,1052.988047808765,399.86362515869814,3.177725952875894,0.37345163950716476,103974.10358565737,3,12,0,2
2016-06-17,172.0,70.1715018223997,27.486825850956873,48.971267299273975,1053.0876494023905,274.786982284632,7.113207591402115,0.3014839875994812,103981.57370517928,4,12,2,0
2016-06-18,234.0,69.79770471412061,27.31976268720059,52.10129408658803,1053.187250996016,368.4564870201127,6.3937732435611485,0.9149556293524689,103989.04382470119,5,12,3,1
2016-06-19,201.0,83.55757623949253,27.15201238447017,55.93296858764173,1053.2868525896415,282.17686553259165,2.6534336927475612,0.8460307732417438,103996.51394422312,6,12,0,2
2016-06-20,206.0,73.67298681068729,26.9836246322324,51.73068390911544,1053.386454183267,307.4122315118859,2.2038880711844184,2.3887754823118508,104003.98406374503,0,12,0,2
2016-06-21,159.0,64.70458784184207,26.814649308773486,54.4479236613039,1053.4860557768925,232.49068102558593,2.662820935369731,1.9806945818642314,104011.45418326693,1,12,0,0
2016-06-22,187.0,68.85356174593295,26.645136466424688,61.741191113222825,1053.585657370518,260.3879724862107,3.324289776706115,1.683818308621744,104018.92430278884,2,12,3,2
2016-06-23,228.0,76.86934831877889,26.47513631673621,54.16526801891183,1053.6852589641435,349.20328367891534,1.7455284540638871,1.3423554136422522,104026.39442231075,3,12,1,2
2016-06-24,284.0,82.28986425654766,26.304699215603947,61.56906212911782,1053.784860557769,415.2470848444037,3.7051060990154068,0.5016820737439632,104033.86454183268,4,12,3,0
2016-06-25,310.0,64.00314561463338,26.133875648353637,52.08371443000463,1053.8844621513945,478.10807659700475,3.47036990571794,2.4482960132422815,104041.33466135459,5,12,2,2
2016-06-26,158.0,62.61901996691155,25.96271621478643,60.723588460003555,1053.98406374502,215.59616874211338,3.536162928654499,1.000097675776504,104048.8047808765,6,12,2,2
2016-06-27,154.0,81.45919006976351,25.791271614190794,65.62529987490791,1054.0836653386455,265.3808122568364,8.697885181953808,0.3566214458733875,104056.2749003984,0,12,3,1
2016-06-28,187.0,74.13827457169216,25.61959263032472,46.40259223871411,1054.183266932271,262.5733468281588,8.13022270415903,1.2851173497177906,104063.74501992032,1,12,0,1
2016-06-29,180.0,67.9346712824316,25.447730116373144,55.12006348990133,1054.2828685258964,274.3860467440087,4.596398020018439,2.1975952278713997,104071.21513944223,2,12,0,1
2016-06-30,190.0,75.03527794066991,25.275734979884533,62.333890676133635,1054.382470119522,300.83718620776136,4.246522002840325,2.2294984042655908,104078.68525896415,3,12,1,1
2016-07-01,164.0,59.26943222106978,25.103658167691655,58.777456734401724,1054.4820717131474,234.58719139599773,13.132184722005649,0.1263181985354734,104086.15537848606,4,12,3,1
2016-07-02,148.0,72.55110220757555,24.931550650820512,61.99262806521552,1054.581673306773,239.04937286865902,0.08658617932125669,2.2271097874033594,104093.62549800797,5,12,3,2
2016-07-03,154.0,74.25937415951937,24.759463409392108,57.46114724763668,1054.6812749003984,206.41632804399168,6.559018453385759,0.7515621219996604,104101.09561752988,6,12,0,2
2016-07-04,160.0,77.32762698892829,24.587447417521716,61.25805410232107,1054.780876494024,269.0423539836512,15.315220675188845,0.19353367352421538,104108.56573705179,0,12,2,1
2016-07-05,165.0,67.72274342442749,24.415553628219634,60.39050656660034,1054.8804780876494,247.78298529931516,2.547313087575741,2.1346966488708983,104116.0358565737,1,12,2,0
2016-07-06,210.0,73.30651932786753,24.243832958298512,67.35124439170201,1054.980079681275,303.07177184062243,4.223873003431409,2.1732802143717,104123.50597609562,2,12,1,1
2016-07-07,158.0,68.33670873305654,24.07233627329107,63.12743166992392,1055.0796812749004,231.01636455145132,3.1907857505358286,1.53095459162164,104130.97609561753,3,12,1,2
2016-07-08,172.0,74.32636159217992,23.901114372383322,63.88578456560937,1055.179282868526,274.1783853878544,4.030203247596607,1.47864101751126,104138.44621513944,4,12,2,0
2016-07-09,151.0,68.65815940150125,23.730217973367232,60.4801792226532,1055.2788844621514,214.81089416299125,6.830241181611664,2.0514886542914064,104145.91633466135,5,12,3,1
2016-07-10,143.0,71.17964695539014,23.559697697617505,60.44257348440252,1055.3784860557769,199.51284621154446,9.417607090531897,1.9871429265046716,104153.38645418326,6,12,1,0
2016-07-11,156.0,68.32612099850029,23.389604055097113,61.05800095070767,1055.4780876494024,229.56926804832523,2.744275687055374,2.23625313626249,104160.85657370517,0,12,0,1
2016-07-12,108.0,76.64568749442051,23.21998742939554,65.5322858531004,1055.5776892430279,138.46075774460064,6.098346973272497,1.4265938742320883,104168.32669322709,1,12,3,2
2016-07-13,163.0,77.76680655188093,23.050898062804773,61.79328147028914,1055.6772908366534,280.91087815883634,6.654463471926726,2.422353022558741,104175.796812749,2,12,0,1
2016-07-14,247.0,72.38570412949451,22.88238604143683,65.6841022016084,1055.7768924302788,359.17210817570555,2.609539722263334,2.4907523942400123,104183.26693227091,3,12,1,0
2016-07-15,123.0,73.83393933460621,22.71450128038786,74.94800143245146,1055.8764940239043,201.13233572360807,4.329860566688592,0.37970706399671816,104190.73705179282,4,12,2,2
2016-07-16,106.0,66.48339617235598,22.547293508952603,69.26103649925325,1055.9760956175298,163.18940167295546,4.655177195717061,2.138905022929893,104198.20717131473,5,12,1,1
2016-07-17,202.0,72.311210632019,22.380812255894153,63.60825782737248,1056.0756972111553,283.3093189903606,0.6477016315982658,1.2995734185966137,104205.67729083665,6,12,2,1
2016-07-18,120.0,73.6414234974048,22.215106834772946,71.57585594127383,1056.1752988047808,179.88090581574542,4.985915317635187,1.030159211919597,104213.14741035858,0,12,3,1
2016-07-19,135.0,87.07885229048013,22.0502263293395,63.85917047621324,1056.2749003984063,218.18005558621496,0.4346281752050188,1.5713735437185161,104220.61752988049,1,12,1,1
2016-07-20,245.0,68.49705508163149,21.886219578995394,56.03693816611994,1056.3745019920318,363.73477329827386,5.741312711948192,0.23431733742881686,104228.0876494024,2,12,1,2
2016-07-21,280.0,81.45931861159902,21.72313516432635,61.513298116760275,1056.4741035856573,443.86225891702054,4.255288563075251,1.3155066850409918,104235.55776892431,3,12,1,2
2016-07-22,269.0,79.2037831709729,21.5610213927123,57.52399760944613,1056.5737051792828,423.9303078556373,6.875836678753443,2.190137368064,104243.02788844622,4,12,3,1
2016-07-23,163.0,75.70321888044165,21.399926284018054,65.44258001175736,1056.6733067729083,262.87829709316657,0.07381123427237214,0.6123076387335251,104250.49800796813,5,12,0,2
2016-07-24,163.0,83.17315364279095,21.239897556369428,67.6122967832089,1056.7729083665338,235.30686455454006,7.048881056979002,1.1233357474466203,104257.96812749005,6,12,0,0
2016-07-25,195.0,76.32003605702504,21.080982612018552,76.22022133733931,1056.8725099601593,270.90315104437025,6.5743499764115345,2.354754130515701,104265.43824701196,0,12,2,2
2016-07-26,163.0,76.48418171668825,20.923228523302768,69.78817982221528,1056.9721115537848,232.22824789274412,10.088687424706466,1.1285532107336735,104272.90836653387,1,12,1,0
2016-07-27,108.0,74.35105572556157,20.766682018701395,67.37113331855289,1057.0717131474103,165.9248188133344,0.7162050464781792,0.960082317597756,104280.37848605578,2,12,0,0
2016-07-28,134.0,80.81214967759608,20.61138946899412,72.9242489679292,1057.1713147410358,211.9157342706471,5.365410301370291,1.1572879554961077,104287.84860557769,3,12,3,2
2016-07-29,155.0,80.25364773229163,20.457396873525603,58.02952970790937,1057.2709163346613,189.06857190479104,0.4217285143825744,1.3466866396421353,104295.31872509961,4,12,1,1
2016-07-30,116.0,71.71923863922902,20.30474984657983,70.56857309738317,1057.3705179282867,173.83773596776498,5.175621370172075,1.6167792259155254,104302.78884462152,5,12,2,2
2016-07-31,136.0,68.32701722507176,20.1534936038688,73.54733876169725,1057.4701195219122,207.16178450646368,7.387206203905505,2.0216627222001544,104310.25896414343,6,12,0,0
2016-08-01,150.0,73.98326033845221,20.003672949139013,62.59972287282276,1057.569721115538,219.44911487368896,1.711441773006712,1.1850452938343543,104317.72908366534,0,12,3,0
2016-08-02,121.0,71.07214104756166,19.855332260900216,76.00810569423422,1057.6693227091635,207.3254767803176,2.706110538620628,2.0619542442163366,104325.19920318725,1,12,3,2
2016-08-03,149.0,74.82811938728324,19.708515479279967,72.27545107891214,1057.768924302789,231.93560148501743,3.4072748902982375,1.3809295872449936,104332.66932270916,2,12,2,0
2016-08-04,178.0,81.40555762691669,19.563266093008036,68.79702824447992,1057.8685258964144,293.20383816161797,0.7553323469696254,0.9123532248831463,104340.13944223108,3,12,0,2
2016-08-05,120.0,73.00367816129872,19.419627126534674,74.32465507746207,1057.96812749004,175.68078959299535,4.914202214702205,1.679081987486594,104347.609561753,4,12,1,2
2016-08-06,140.0,75.14706252979902,19.277641127286206,82.79818203444958,1058.0677290836654,228.7495498501385,0.45781985605076136,1.8225334113843794,104355.0796812749,5,12,3,1
2016-08-07,142.0,75.72143859751093,19.137350153062098,72.63463096916827,1058.167330677291,245.70132789055037,2.807516825424096,1.4393175415107702,104362.54980079681,6,12,2,0
2016-08-08,141.0,79.74275653123797,18.998795759576897,73.2435114123479,1058.2669322709164,237.73386898545323,10.30659358227033,0.2358759355233362,104370.01992031872,0,12,3,2
2016-08-09,125.0,64.33454383600143,18.86201898815108,69.97915752599663,1058.366533864542,165.65716813142535,3.8754501204220433,0.5077189003859798,104377.49003984063,1,12,3,0
2016-08-10,127.0,72.60296834939649,18.72706035355404,68.29665744556797,1058.4661354581674,185.42647844915237,0.9992363727467426,0.7847145301365477,104384.96015936256,2,12,0,2
2016-08-11,119.0,76.75943854539571,18.593959832003296,76.96375941871464,1058.565737051793,171.59670589100406,1.322609944077887,0.7783014542835834,104392.43027888447,3,12,0,2
2016-08-12,111.0,81.7690163574728,18.462756849323036,68.79406717180959,1058.6653386454184,176.28509070152654,0.6200556523887896,1.7162099205924894,104399.90039840637,4,12,1,1
2016-08-13,132.0,73.37374262783611,18.33349026926572,73.69085064756551,1058.7649402390439,211.72707110029066,5.2029372715532265,0.1440367880167182,104407.37051792828,5,12,3,2
2016-08-14,149.0,66.51413727879046,18.20619838200033,71.19931600217376,1058.8645418326694,206.72214651948528,1.0259795825354376,1.9136362649188476,104414.8406374502,6,12,2,1
2016-08-15,166.0,79.05809778344555,18.080918892770267,76.23306134319142,1058.9641434262949,250.35677027833876,6.15750128619326,0.7368219395366395,104422.3107569721,0,12,3,0
2016-08-16,274.0,72.84434360050946,17.957688910724777,75.75293270498518,1059.0637450199204,370.6014533568773,3.8065971994209087,0.8440524309186457,104429.78087649403,1,12,2,1
2016-08-17,295.0,70.13339423558484,17.8365449379267,79.51460984543608,1059.1633466135459,471.3389001160378,0.41981665564882775,1.3669835870654183,104437.25099601594,2,12,3,1
2016-08-18,219.0,73.01951162216375,17.71752285854026,72.01487228864573,1059.2629482071713,318.25251518646616,0.46114464760477536,0.618221442253498,104444.72111553785,3,12,2,0
2016-08-19,169.0,75.27704424761988,17.60065792820173,73.4493094671297,1059.3625498007968,254.61727879688993,1.4816938179662653,2.2227311525812663,104452.19123505976,4,12,3,1
2016-08-20,174.0,73.23328429552078,17.48598476357632,70.13421189393583,1059.4621513944223,254.80700572023878,2.910651427868142,0.3048850703837567,104459.66135458167,5,12,3,1
2016-08-21,111.0,65.28540104845247,17.37353733210439,73.03145903541066,1059.5617529880478,189.4205515002683,7.702745401688251,1.1665176695225556,104467.13147410357,6,12,1,2
2016-08-22,93.0,80.85365651346572,17.263348941939874,77.35980458134452,1059.6613545816733,82.74987117205242,4.7132281990382925,2.138613446691736,104474.6015936255,0,12,0,1
2016-08-23,107.0,82.79664909035156,17.155452232084095,79.47403861905858,1059.7609561752988,160.16779315348182,5.472921714758784,1.578025346610966,104482.07171314741,1,12,0,2
2016-08-24,127.0,79.7326703753387,17.049879162717673,71.28941505367652,1059.8605577689243,188.38362485004603,2.6212976367116414,0.8015908380223202,104489.54183266932,2,12,2,1
2016-08-25,93.0,70.8382411450091,16.94666100573364,80.45470758906102,1059.9601593625498,130.42727224816633,0.6282548097270145,1.1098244986635057,104497.01195219123,3,12,3,0
2016-08-26,142.0,75.56962816252525,16.84582833547431,83.08653262307614,1060.0597609561753,247.52453091271263,5.066597413525543,1.7960665128220352,104504.48207171314,4,12,3,0
2016-08-27,93.0,76.59368791401529,16.747411019674843,78.57235247676881,1060.1593625498008,121.75341082288458,3.5746728813242123,2.4358257840733586,104511.95219123505,5,12,0,1
2016-08-28,224.0,79.66825284250149,16.651438210616142,86.08110264155805,1060.2589641434263,351.4359235447132,2.0822453502238316,2.2435329241106405,104519.42231075697,6,12,2,2
2016-08-29,169.0,80.06273327534565,16.55793833648952,73.0151773315031,1060.3585657370518,260.6250557741217,3.4845372539778725,0.9218387401177042,104526.89243027888,0,12,1,1
2016-08-30,110.0,73.09566145961946,16.466939092976105,70.8428482974907,1060.4581673306773,190.2303850507103,1.8066283788013415,2.495674910290858,104534.36254980079,1,12,1,2
2016-08-31,100.0,77.22074406454634,16.37846743504293,68.34946388539275,1060.5577689243028,136.65621830444988,1.843037530749709,0.10841119247453986,104541.83266932271,2,12,1,1
2016-09-01,109.0,79.14012723859686,16.292549568958698,84.89512241952852,1060.6573705179283,148.84062201752482,4.511097343449716,0.16631141394019622,104549.30278884462,3,12,3,0
2016-09-02,154.0,84.17450613846827,16.209210944531126,80.85340639270804,1060.7569721115538,252.92139814954797,4.888547051802541,2.077217236410865,104556.77290836653,4,12,2,0
2016-09-03,216.0,80.45829457533938,16.128476247568486,77.46512415031076,1060.8565737051792,332.5064261666022,0.6286743735740409,0.5787104483993248,104564.24302788846,5,12,0,2
2016-09-04,262.0,80.92009874059391,16.050369392567337,79.29910434646443,1060.9561752988047,362.10125306646484,2.75369032337507,0.24584624415097805,104571.71314741037,6,12,3,1
2016-09-05,260.0,77.43167638183238,15.974913515628856,72.42272773225041,1061.0557768924302,379.2138997107346,2.2623079936577994,0.6691553757676053,104579.18326693228,0,12,3,2
2016-09-06,329.0,84.1012302422147,15.902130967605645,90.42449796287285,1061.1553784860557,501.22765307696125,9.058134185333751,1.1226403695540645,104586.65338645419,1,12,1,0
2016-09-07,291.0,79.13279232605692,15.832043307481138,78.98201929491387,1061.2549800796812,453.2552844309318,5.960886858659525,1.8533590490401717,104594.1235059761,2,12,2,2
2016-09-08,300.0,72.81222480114033,15.764671295983652,79.01763138105716,1061.3545816733067,436.4153869361409,5.492612522776095,1.5984052637228932,104601.59362549802,3,12,2,1
2016-09-09,335.0,84.16683240590757,15.700034889436775,82.2287633406199,1061.4541832669322,444.2148802036612,2.0044166299940755,0.670290922145009,104609.06374501993,4,12,1,2
2016-09-10,240.0,80.67043974577108,15.638153233848142,81.12873969098727,1061.5537848605577,370.46446371474065,1.2214798649039074,1.3078490754414027,104616.53386454184,5,12,1,1
2016-09-11,177.0,74.99525756473852,15.57904465923812,79.96133080291942,1061.6533864541832,241.09358620112047,1.7018188522031046,2.322913852956565,104624.00398406375,6,12,1,1
2016-09-12,178.0,74.84117182589863,15.522726674210311,75.00217437435282,1061.7529880478087,226.65322403755178,7.322084595830928,2.0560186647610186,104631.47410358566,0,12,3,0
2016-09-13,193.0,78.74826974532118,15.469215960765283,81.41890986414941,1061.8525896414342,232.85348150031717,1.1099586284369038,0.8756554835963041,104638.94422310757,1,12,3,1
2016-09-14,150.0,79.60665979165834,15.41852836935917,88.57306574365684,1061.9521912350597,241.2796172039548,11.556746901337334,2.457434947253671,104646.41434262949,2,12,3,1
2016-09-15,215.0,78.3011218710517,15.37067891420863,85.98574240235763,1062.0517928286852,325.0723490080993,3.6639749919413966,1.8006889610443144,104653.8844621514,3,12,0,1
2016-09-16,233.0,78.89370248279272,15.325681768843433,87.31456959551012,1062.1513944223107,344.98687238575496,11.021494962716462,0.24987845360027627,104661.35458167331,4,12,0,2
2016-09-17,220.0,85.85801174192783,15.283550261908141,76.87682109402779,1062.2509960159362,357.7804872592552,7.431052600024142,0.18438571189273284,104668.82470119522,5,12,2,0
2016-09-18,266.0,82.73556732456744,15.244296873213985,74.56338215227913,1062.3505976095616,411.74649366046145,0.4464400815329949,0.504179077624072,104676.29482071713,6,12,1,2
2016-09-19,192.0,78.349211341304,15.207933230042238,78.95519893941729,1062.4501992031871,320.32600085443835,1.834134684047255,1.8468540833203524,104683.76494023904,0,12,1,2
2016-09-20,264.0,82.11931785198739,15.174470103700063,79.92968435404336,1062.5498007968126,368.1452905566601,4.522590862571593,0.540973422021827,104691.23505976096,1,12,3,0
2016-09-21,284.0,72.26542177919733,15.143917406329956,85.18312277969483,1062.6494023904384,425.3089875209207,2.0725282452801292,1.3275682461012004,104698.70517928287,2,12,0,2
2016-09-22,150.0,79.43149315574722,15.116284187973653,71.30510847547859,1062.7490039840638,192.6657325010397,5.262248813629912,0.3238242884339962,104706.17529880478,3,12,1,2
2016-09-23,134.0,86.50074243171986,15.0915786338914,87.46459432952027,1062.8486055776893,196.41235336289066,14.903958157570134,2.310126778792468,104713.64541832669,4,12,2,1
2016-09-24,197.0,76.37486649196943,15.069808062137403,79.07034438283024,1062.9482071713148,290.52768292466646,10.14501931125055,0.925505472600562,104721.1155378486,5,12,1,2
2016-09-25,175.0,73.23634089620852,15.050978921392131,77.76363680747865,1063.0478087649403,275.0322727452614,2.058966031112637,2.279516935745514,104728.58565737051,6,12,3,0
2016-09-26,236.0,74.22200716250862,15.03509678905216,74.86928454559484,1063.1474103585658,354.911277622838,12.151784566576147,2.367701540585306,104736.05577689243,0,12,3,2
2016-09-27,185.0,72.04075162849902,15.02216636957807,71.681383901515,1063.2470119521913,289.9681427655983,2.3492859291482593,0.1147087535528339,104743.52589641434,1,12,0,1
2016-09-28,103.0,73.57009471281101,15.012191493100941,84.09146993360768,1063.3466135458168,168.5688026627779,3.105802180861772,1.213924449276957,104750.99601593625,2,12,2,2
2016-09-29,289.0,75.64487194990595,15.005175114287832,80.35623960736636,1063.4462151394423,476.59857354766285,4.7804943678097125,0.15917453369654294,104758.46613545816,3,12,2,0
2016-09-30,224.0,70.4716052483735,15.001119311466567,73.54795687836159,1063.5458167330678,329.6940668942775,3.7122846266267913,2.280862639126974,104765.93625498007,4,12,1,1
2016-10-01,312.0,77.57807902674296,15.000025286010116,73.5245555676617,1063.6454183266933,449.1795459866724,9.790419522005694,1.3441781073629822,104773.40637450198,5,12,2,2
2016-10-02,234.0,82.01043918794286,15.001893361980736,78.3172897795879,1063.7450199203188,355.92167230632816,11.505101881960565,0.27986563047639235,104780.8764940239,6,12,1,0
2016-10-03,282.0,72.95785760624841,15.006722986033976,88.331661654379,1063.8446215139443,406.95439945720915,5.2822117760447975,0.36466414786376045,104788.34661354581,0,12,1,0
2016-10-04,351.0,85.08916325441754,15.014512727582591,78.6730177880168,1063.9442231075698,556.1392153687307,0.8915916777522525,1.0204216587825736,104795.81673306772,1,12,0,2
2016-10-05,232.0,80.04133030302783,15.025260279220289,72.43376467596889,1064.0438247011953,342.33563922109533,9.93199820025443,2.356562062894935,104803.28685258963,2,12,2,2
2016-10-06,280.0,82.63342169941768,15.038962457405216,78.69335976475983,1064.1434262948208,408.6884726425202,10.14484494925175,1.762981963763394,104810.75697211154,3,12,3,1
2016-10-07,311.0,74.18301962903783,15.055615203402954,78.52515174445574,1064.2430278884462,457.07368557697765,3.5584203582961567,2.182285278853918,104818.22709163347,4,12,1,2
2016-10-08,408.0,81.73501934308871,15.075213584488761,66.36513961631461,1064.3426294820717,626.3683484694328,0.6528821075367068,0.9794959512159511,104825.69721115538,5,12,1,1
2016-10-09,416.0,71.99145460031909,15.097751795408701,79.53302207659354,1064.4422310756972,620.8450603353702,0.6217428337755503,0.20371287891999595,104833.1673306773,6,12,1,2
2016-10-10,387.0,81.88962592413293,15.123223160099217,78.59888102875819,1064.5418326693227,567.6666635973924,1.1960562964467663,2.438362329290594,104840.63745019921,0,12,2,0
2016-10-11,408.0,78.28338663213532,15.151620133664665,83.17779155673776,1064.6414342629482,645.3070383524706,3.3108305508412026,0.1412151775896869,104848.10756972112,1,12,2,0
2016-10-12,405.0,80.17478894761783,15.182934304612179,88.87891186550237,1064.7410358565737,590.376603186765,9.610309507976988,2.3743639673946135,104855.57768924303,2,12,2,0
2016-10-13,371.0,71.5134487732041,15.217156397343265,85.19851235305225,1064.8406374501992,557.2113214806599,6.966352759196782,0.9848258172379473,104863.04780876495,3,12,1,0
2016-10-14,375.0,72.89751265116632,15.254276274901311,78.14700399742321,1064.9402390438247,575.5461230322046,7.768740795078392,0.12421697205251565,104870.51792828686,4,12,3,1
2016-10-15,400.0,80.33899962027978,15.294282941974297,73.87880457234306,1065.0398406374502,567.3732977916585,5.2973281110609065,1.7539773561388199,104877.98804780877,5,12,3,0
2016-10-16,430.0,72.58967770480315,15.337164548151687,92.19246991994592,1065.1394422310757,654.6052100281184,4.224794560821613,2.45329672967525,104885.45816733068,6,12,2,1
2016-10-17,425.0,79.62457726477827,15.382908391434677,79.53027538720309,1065.2390438247012,616.397846490391,4.134362577292032,2.417501734810222,104892.92828685259,0,12,3,1
2016-10-18,438.0,70.44856050669944,15.431500921998662,79.20664461556741,1065.3386454183267,673.45565561668,1.3650328584592184,0.4862488268858043,104900.3984063745,1,12,1,1
2016-10-19,428.0,81.49940719022993,15.482927746206828,78.91351907203634,1065.4382470119522,622.7469797616204,1.4582672741548401,0.534994734558772,104907.86852589643,2,12,2,2
2016-10-20,425.0,71.0687966107206,15.537173630873728,79.91607654209183,1065.5378486055777,651.3553806369772,2.8708603771893233,1.4572933950871843,104915.33864541833,3,12,2,1
2016-10-21,496.0,79.96438843450888,15.59422250777748,78.08975292482532,1065.6374501992032,766.1166613258943,2.503112153657052,1.6295315834279787,104922.80876494024,4,12,1,2
2016-10-22,472.0,80.30112592902032,15.6540574784194,75.82357500876002,1065.7370517928287,725.228730512656,4.145187059930784,1.8746029927980776,104930.27888446215,5,12,2,1
2016-10-23,470.0,73.65781049833738,15.716660819029473,75.8323836557391,1065.8366533864541,710.0263329647621,8.305511326704565,0.534520865133154,104937.74900398406,6,12,1,2
2016-10-24,454.0,80.01912584251546,15.782013985816345,78.27220567728732,1065.9362549800796,676.373981141406,1.4552583244716824,2.4016170082346426,104945.21912350597,0,12,2,2
2016-10-25,396.0,78.37716250643767,15.850097620460222,75.58268090341073,1066.0358565737051,582.4716084733031,2.789906093467193,1.632974215094171,104952.6892430279,1,12,3,0
2016-10-26,413.0,74.34534494111283,15.920891555846957,74.59398797492027,1066.1354581673306,648.9206938163421,6.5093190107987455,2.1329126052893317,104960.1593625498,2,12,2,1
2016-10-27,558.0,71.96003916859804,15.994374822041841,78.5434014943758,1066.2350597609561,823.0100955966471,6.380667850829032,1.3961577166820123,104967.62948207172,3,12,2,2
2016-10-28,570.0,67.15160871538657,16.070525652501054,76.58406260789361,1066.3346613545816,834.2586785286001,4.592908393399439,1.0942644342157182,104975.09960159363,4,12,2,0
2016-10-29,554.0,78.67358949123886,16.14932149051921,85.22132196187502,1066.434262948207,844.3073787006566,4.480262742892235,2.44523897582799,104982.56972111553,5,12,0,1
2016-10-30,522.0,69.06061664523429,16.23073899591086,64.28367296621323,1066.5338645418326,767.0772639362701,3.5541482882658193,1.4970912899676065,104990.03984063744,6,12,3,0
2016-10-31,520.0,77.31934397124448,16.31475405192414,82.82802615576404,1066.633466135458,760.9987300506774,3.9215731630253523,2.1804965987180296,104997.50996015937,0,12,1,2
2016-11-01,550.0,75.48208803339655,16.40134177238439,83.42774241771936,1066.7330677290836,796.1279147566047,12.258607254476802,2.3879017512790957,105004.98007968128,1,12,0,0
2016-11-02,593.0,80.15047562265812,16.490476509065708,66.65209581982784,1066.832669322709,879.8418032107896,1.0837749002701813,1.7208511048207822,105012.45019920319,2,12,3,0
2016-11-03,625.0,75.19870657290654,16.582131859288282,75.1222983110217,1066.9322709163346,935.8456995220702,3.3388780815401695,1.41745282844482,105019.9203187251,3,12,2,1
2016-11-04,480.0,75.014620731395,16.676280673739072,74.7902343225429,1067.03187250996,724.861834553214,1.6446733554849358,0.1084260421855615,105027.390438247,4,12,2,2
2016-11-05,603.0,80.27290598918457,16.77289506451381,69.41665139738328,1067.1314741035856,923.5261248859897,5.9823176589819,0.19604713777361438,105034.86055776892,5,12,1,1
2016-11-06,676.0,78.23931693873176,16.871946413377643,72.36702373529033,1067.231075697211,1000.0,3.7896972528401713,0.5820429185226792,105042.33067729084,6,12,1,1
2016-11-07,716.0,78.09407709579278,16.973405380242216,70.50031001218643,1067.3306772908365,1000.0,2.5628618715572764,0.5464202364543886,105049.80079681275,0,12,3,0
2016-11-08,542.0,78.80771699311441,17.07724191185646,84.6068683934052,1067.430278884462,809.0360864724056,3.164408860031685,0.7114211084796288,105057.27091633466,1,12,3,2
2016-11-09,455.0,68.73042675861008,17.183425250708776,80.31154146431975,1067.5298804780878,692.7031493783037,6.133410847432177,0.831843130474386,105064.74103585657,2,12,1,1
2016-11-10,471.0,80.13798142786608,17.291923944137668,81.77392758669546,1067.629482071713,731.9514032585714,2.9341163970058872,0.9641571845217478,105072.21115537848,3,12,3,2
2016-11-11,514.0,79.36099104324381,17.402705853648392,78.8029486129194,1067.7290836653387,773.526283989664,5.514267478466887,1.1092904561653036,105079.68127490039,4,12,1,1
2016-11-12,491.0,71.15871527490113,17.515738164432776,69.3232648150483,1067.8286852589642,727.1173829157918,2.903617594531092,0.3372792122944352,105087.15139442231,5,12,2,0
2016-11-13,469.0,74.96410393408438,17.63098739508922,72.11542387842269,1067.9282868525897,683.642679978289,10.00729657795177,0.2016686366866769,105094.62151394422,6,12,1,1
2016-11-14,404.0,75.92925385809166,17.748419407540375,76.95003399105885,1068.0278884462152,577.0958947117555,9.859790498790629,1.7174666777752563,105102.09163346613,0,12,0,1
2016-11-15,379.0,75.39351636941879,17.86799941714509,68.1533621212501,1068.1274900398407,581.8253934408705,2.5514484310782293,1.3896035796233865,105109.56175298804,1,12,1,1
2016-11-16,428.0,77.67445383134161,17.989692003002112,77.58560814485772,1068.2270916334662,653.5595704727912,3.3102359350649153,1.1659460853282873,105117.03187250995,2,12,1,2
2016-11-17,504.0,83.1001033499349,18.11346111844206,72.5714507723252,1068.3266932270917,767.5472705021332,1.4367008445283946,1.6226558588040456,105124.50199203187,3,12,0,0
2016-11-18,512.0,81.2891985875117,18.239270101704868,71.64735575884228,1068.4262948207172,765.4268110729589,7.013170479463002,2.086430577288497,105131.97211155378,4,12,0,2
2016-11-19,494.0,69.25536318944324,18.36708168679945,76.82063646741855,1068.5258964143427,769.138694917835,6.940224913946766,1.1264629818788912,105139.44223107569,5,12,0,1
2016-11-20,438.0,78.86192094425914,18.49685801454219,75.22760052834582,1068.6254980079682,647.3176301083037,3.2756546040976935,1.6386867161247505,105146.9123505976,6,12,0,0
2016-11-21,474.0,82.33038627579137,18.628560643771344,70.93804788336192,1068.7250996015937,730.1053847441441,6.0945029409966525,2.388573337204381,105154.38247011951,0,12,1,2
2016-11-22,471.0,77.5529673220792,18.762150562733645,78.27234789135395,1068.8247011952192,705.7251421002092,2.9469748185212925,2.1150987900677456,105161.85258964144,1,12,3,1
2016-11-23,432.0,81.00610802560979,18.8975882006401,66.79950696072031,1068.9243027888447,635.8329847064133,3.167088201125285,1.1224019452057827,105169.32270916336,2,12,0,0
2016-11-24,397.0,85.54393550881022,19.03483343938719,75.01001115594696,1069.0239043824702,607.3506061463552,6.756997726262414,1.6473204107553832,105176.79282868527,3,12,2,0
2016-11-25,375.0,80.53162491781472,19.173845625440386,74.61781503896114,1069.1235059760957,570.6927223736799,1.7579647380261259,0.5249702125982554,105184.26294820718,4,12,1,1
2016-11-26,330.0,76.58925118727059,19.314583581876093,69.82310063967786,1069.2231075697212,502.13945518533853,4.7833649067622055,1.4452532437482157,105191.73306772909,5,12,3,0
2016-11-27,347.0,80.49693956013441,19.457005620578713,72.71665387005316,1069.3227091633466,522.125568441124,2.01801621653951,2.455187898732263,105199.203187251,6,12,2,0
2016-11-28,274.0,75.92390438818985,19.601069554589202,64.54229300889509,1069.4223107569721,410.2421383656634,11.500450814839418,1.3439562764860535,105206.67330677291,0,12,1,2
2016-11-29,360.0,75.24614886112418,19.746732710601172,75.12666967483216,1069.5219123505976,587.7674398574088,3.5259259082014767,2.3263319180563533,105214.14342629483,1,12,1,0
2016-11-30,441.0,73.29595285063067,19.89395194160132,69.28758543458243,1069.6215139442231,685.1851329039234,3.2263645743871816,1.0776038092078257,105221.61354581674,2,12,2,2
2016-12-01,418.0,82.79572497433558,20.042683639649923,67.30101761810496,1069.7211155378486,641.4565378997103,3.0972995259831517,2.497227585243115,105229.08366533865,3,12,0,2
2016-12-02,474.0,70.81141479589093,20.192883748798113,74.85927863158823,1069.820717131474,713.2359831640678,1.3495781893292873,1.4901280845461389,105236.55378486056,4,12,0,2
2016-12-03,419.0,82.48958473432178,20.344507778137604,65.78926599101099,1069.9203187250996,648.6431440119334,1.201254377368953,0.20144558616624292,105244.02390438247,5,12,2,2
2016-12-04,379.0,77.25056521121213,20.497510814979453,61.962671888223305,1070.019920318725,578.859895527829,8.730689663309851,1.5082115120593313,105251.49402390438,6,12,3,0
2016-12-05,389.0,67.67754535691144,20.651847538157707,60.91315905606506,1070.1195219123506,584.0240950554808,1.6747019721218852,0.7589744696310319,105258.9641434263,0,12,0,0
2016-12-06,402.0,76.43451034923014,20.807472231453943,71.41510529382032,1070.219123505976,596.9287134946817,2.3579973210655383,0.17795517288614732,105266.43426294821,1,12,1,2
2016-12-07,472.0,64.01769806317238,20.964338797139018,61.66917564324054,1070.3187250996016,706.3816532467463,3.428466705504567,2.070047931267192,105273.90438247012,2,12,1,0
2016-12-08,422.0,77.56633969934137,21.1224007696276,76.52916937066662,1070.418326693227,569.5914852824388,3.5649805179585354,0.7617511287538141,105281.37450199203,3,12,3,2
2016-12-09,443.0,78.785351750324,21.28161132924191,57.02713030209757,1070.5179282868526,668.7120167859529,3.806994769132348,2.011716529711596,105288.84462151394,4,12,1,2
2016-12-10,413.0,71.3172585636997,21.441923316080075,75.59843520929003,1070.617529880478,609.7304783977928,5.495271182809523,0.7917221990940807,105296.31474103585,5,12,0,2
2016-12-11,351.0,74.81609385778513,21.603289243985557,67.84850884804197,1070.7171314741036,558.3533999656577,8.753842547062394,0.5663832492970583,105303.78486055777,6,12,3,1
2016-12-12,418.0,83.88795651144495,21.765661314612952,65.98511181142213,1070.816733067729,627.386881416235,3.506498427370297,2.4374453778506258,105311.25498007968,0,12,0,0
2016-12-13,413.0,71.5067707628971,21.928991431586404,63.41742170278244,1070.9163346613545,595.7207316093007,0.7405245548136407,0.9679487866120469,105318.7250996016,1,12,3,0
2016-12-14,379.0,68.65884645734381,22.093231214746364,67.80921814226762,1071.01593625498,567.5023969174376,5.200968840820518,1.5433029074635851,105326.1952191235,2,12,2,2
2016-12-15,359.0,81.2791510050729,22.258332014480168,65.29516245891543,1071.1155378486055,517.5775782987499,3.5705728702979775,1.5639555827547318,105333.66533864541,3,12,1,0
2016-12-16,390.0,83.6008134895876,22.424244926132744,70.66801955781712,1071.215139442231,594.4681483142493,2.680528533854663,1.4451363572164044,105341.13545816732,4,12,3,2
2016-12-17,437.0,73.72301795699296,22.590920804492548,65.3892966343251,1071.3147410358565,661.3189472867897,2.273193371094768,2.295269784450915,105348.60557768925,5,12,2,0
2016-12-18,411.0,78.67816003786726,22.75831027834906,65.23488825061128,1071.414342629482,635.6567926221653,9.792606469513442,1.7186585712804845,105356.07569721116,6,12,0,2
2016-12-19,443.0,80.24419769509593,22.926363765116935,62.32921140869686,1071.5139442231075,648.6823641661086,3.424160392484772,1.0689592098518323,105363.54581673307,0,12,2,2
2016-12-20,377.0,69.74006309454656,23.095031485523037,63.52520891034859,1071.613545816733,566.180161924563,1.758206276505983,2.1697129228582575,105371.01593625497,1,12,0,1
2016-12-21,317.0,70.94133908398491,23.264263478351484,65.01048188775732,1071.7131474103585,448.1995640914673,4.844881084823215,0.5345509578783145,105378.48605577688,2,12,3,2
2016-12-22,349.0,79.43736775815229,23.434009615242758,54.58113880623136,1071.812749003984,537.5298956384943,8.05595108805509,1.406168218265002,105385.95617529881,3,12,3,1
2016-12-23,470.0,81.62296158577139,23.604219615542323,56.050633658386786,1071.9123505976095,715.3774236088025,1.4262363508503064,2.3813208926650153,105393.42629482072,4,12,1,0
2016-12-24,576.0,75.92698277027468,23.774843061194176,66.16663434772522,1072.011952191235,873.9161004205514,8.654231008686656,1.6009543117129905,105400.89641434263,5,12,1,0
2016-12-25,412.0,68.62801352665204,23.94582941167537,62.96266836728897,1072.1115537848605,618.0323806271389,1.0116725739706822,2.0607242811397026,105408.36653386454,6,12,3,1
2016-12-26,338.0,82.87674154901394,24.117128018966525,60.84582728030355,1072.211155378486,515.2954578157758,4.081405664155992,1.6685457413084628,105415.83665338645,0,12,0,0
2016-12-27,319.0,70.20080143966294,24.28868814255446,61.514793380218045,1072.3107569721114,510.58678216617193,6.219315847181154,2.114490072490937,105423.30677290836,1,12,0,1
2016-12-28,455.0,71.09408161191176,24.46045896446197,62.81699059788441,1072.410358565737,676.7981148591597,1.9804190056499171,2.366770911628585,105430.77689243028,2,12,3,0
2016-12-29,524.0,74.39549437029774,24.632389604300712,58.036422389851765,1072.5099601593624,788.7729036742016,1.2100062892754655,0.7550121460785683,105438.24701195219,3,12,0,1
2016-12-30,381.0,80.36858753640259,24.804429134342584,56.499618104303266,1072.6095617529882,549.7774740163718,2.5370077104866167,0.5071865950161253,105445.7171314741,4,12,3,1
2016-12-31,338.0,76.78161658545865,24.976526594604945,61.02617308627852,1072.7091633466134,489.63478076803335,9.013302537155898,1.2615778007980958,105453.18725099601,5,12,1,2
2017-01-01,332.0,74.50001199783672,25.148631007945667,54.81087409603351,1072.8087649402391,499.95626586186614,5.005967946160565,1.784469824378118,105460.65737051793,6,12,0,0
2017-01-02,384.0,74.65609695300904,25.320691395162974,61.39988098824641,1072.9083665338646,598.0786709340382,1.0670687462645059,0.6452590076373186,105468.12749003984,0,12,1,2
2017-01-03,373.0,72.47124494816924,25.492656790096174,50.50176839861845,1073.0079681274901,554.3743835149686,11.513648904193008,0.10984348103240099,105475.59760956177,1,12,2,1
2017-01-04,439.0,74.95845944523141,25.664476254722256,63.81682567718371,1073.1075697211156,653.7816694137575,2.312365744740009,0.9230442780080927,105483.06772908368,2,12,1,2
2017-01-05,318.0,59.43415016440627,25.836098894244426,60.690789623576364,1073.2071713147411,468.8622951099125,4.396619500584092,2.4252624051226923,105490.53784860559,3,12,2,1
2017-01-06,390.0,70.51322576856722,26.00747387216758,59.26520092723422,1073.3067729083666,574.3048665831135,6.24368504647966,1.767921905454032,105498.0079681275,4,12,1,0
2017-01-07,332.0,73.11733446190557,26.17855042535667,62.55635406901423,1073.406374501992,503.8994291141764,6.029011371227981,1.0631810654589375,105505.4780876494,5,12,1,0
2017-01-08,283.0,66.07029064236579,26.349277879073362,65.62881646416616,1073.5059760956176,394.5548470964271,2.525659402983308,0.5621826336324168,105512.94820717131,6,12,0,0
2017-01-09,300.0,73.67181375806464,26.519605661986315,62.03263900111802,1073.605577689243,475.61879153333456,4.9031565195026285,0.9546152170113927,105520.41832669324,0,12,1,1
2017-01-10,305.0,70.63290223449384,26.68948332115111,47.41666220103956,1073.7051792828686,444.1915540374108,4.656719989085066,0.507614639922995,105527.88844621515,1,12,3,2
2017-01-11,337.0,80.34794822310005,26.858860536954804,49.88439409241188,1073.804780876494,519.9380697087628,3.909974510272499,0.35513397115108336,105535.35856573706,2,12,0,0
2017-01-12,417.0,79.35125505706364,27.027687138021307,52.82053283547899,1073.9043824701196,600.1000280521225,11.431344576906026,2.276181694174129,105542.82868525897,3,12,0,1
2017-01-13,426.0,69.07301559637291,27.19591311607254,55.73862901890909,1074.003984063745,652.3768026109244,1.975754535567057,2.4943608121011365,105550.29880478088,4,12,0,2
2017-01-14,439.0,70.56406712179574,27.363488640741565,57.86131782086248,1074.1035856573706,671.93889215629,1.536322329473387,0.4938746550298967,105557.76892430279,5,12,1,1
2017-01-15,382.0,70.86508013479164,27.530364074332784,51.310552785567104,1074.203187250996,580.6840414401179,5.023848603043941,0.23085414130787135,105565.23904382471,6,12,0,1
2017-01-16,397.0,68.89345762593929,27.696489986525183,55.54085384933502,1074.3027888446215,575.6114295640042,5.118502400331625,0.8913546571509096,105572.70916334662,0,12,2,0
2017-01-17,330.0,72.04421633563352,27.861817169014213,50.499451000204964,1074.402390438247,499.9909637919615,5.916155434691207,1.2079820338273968,105580.17928286853,1,12,2,1
2017-01-18,358.0,67.19544133051821,28.026296650087694,50.88981768486487,1074.5019920318725,513.3388763053122,1.2791053001413075,0.5915709929820507,105587.64940239044,2,12,1,1
2017-01-19,376.0,65.25198347074642,28.1898797091319,46.586935097495086,1074.601593625498,558.9447348980763,5.3859823035681424,0.8234197883165403,105595.11952191235,3,12,0,2
2017-01-20,334.0,73.93729717396982,28.352517891063016,48.67879798731945,1074.7011952191235,521.5882620191065,0.5765190977952799,0.5820897656599785,105602.58964143426,4,12,3,0
2017-01-21,387.0,73.89056641076897,28.514163020680172,46.21325093055799,1074.800796812749,596.4340385414148,2.6704703196918174,1.958225364237883,105610.05976095618,5,12,3,1
2017-01-22,446.0,66.64103759323235,28.674767216935372,47.77109930124259,1074.9003984063745,669.3036588508087,1.7129691179212834,1.8101870637934259,105617.52988047809,6,12,2,1
2017-01-23,379.0,75.0596357002548,28.834282907116418,57.59964316880637,1075.0,549.0038684815431,8.577983444069636,1.6238836378263561,105625.0,0,12,1,2
2017-01-24,375.0,67.34577993370408,28.992662840938507,47.26767987396327,1075.0996015936255,575.4117542434839,1.5127924441151506,1.0293228569900914,105632.47011952191,1,12,1,1
2017-01-25,450.0,71.69089613791982,29.14986010454018,64.86219011510659,1075.199203187251,675.3876247539605,4.843189016342025,2.281698259154166,105639.94023904382,2,12,1,1
2017-01-26,340.0,74.44880599587235,29.30582813437985,53.854933235644744,1075.2988047808765,463.59368803539155,0.5362346655802066,2.426878099684048,105647.41035856574,3,12,1,1
2017-01-27,203.0,70.10167681096729,29.46052073102829,52.00313915641779,1075.398406374502,320.15259652633034,0.8427574960896158,0.5167343503009888,105654.88047808765,4,12,1,1
2017-01-28,236.0,72.4667585242789,29.613892072853528,46.480426953386875,1075.4980079681275,353.51534332260616,2.2141398322874943,0.6352303393885073,105662.35059760956,5,12,0,1
2017-01-29,252.0,67.53490341576534,29.765896729593617,53.96975593785772,1075.597609561753,402.04902495966144,1.060824466625528,1.3615144672008872,105669.82071713147,6,12,0,2
2017-01-30,302.0,69.05942224495269,29.91648967581367,47.288831517183795,1075.6972111553785,431.0945896231439,3.4117784425111264,0.3190013662773887,105677.29083665338,0,12,0,1
2017-01-31,358.0,68.9378896934769,30.065626304242784,50.47879646474124,1075.796812749004,473.46592373607996,3.126777022428581,1.1474761571754708,105684.76095617529,1,12,3,1
2017-02-01,317.0,66.16047704780519,30.213262438987254,62.37389781336947,1075.8964143426294,481.0816771669037,1.376698268710754,1.4962990354665044,105692.23107569721,2,12,0,1
2017-02-02,387.0,68.93645201011309,30.359354348615987,48.80099180414478,1075.996015936255,586.3312735336394,3.8800657669510805,1.3529765707295995,105699.70119521912,3,12,1,1
2017-02-03,438.0,62.0049791261242,30.50385875911413,54.73864911320012,1076.0956175298804,623.186567447871,0.576386647557761,0.8941805993872625,105707.17131474103,4,12,1,0
2017-02-04,407.0,67.22086483093877,30.64673286670143,45.1906521409677,1076.195219123506,590.9300090826679,12.90547505035888,1.4018699345852965,105714.64143426294,5,12,3,0
2017-02-05,312.0,68.18165535789612,30.787934350511044,48.249188846493105,1076.2948207171314,523.104354874398,7.970597196161172,2.4011222902212346,105722.11155378485,6,12,3,0
2017-02-06,367.0,68.25539054496032,30.92742138512557,56.99916040792641,1076.394422310757,544.387787716924,1.7821000885703775,0.5944417702993025,105729.58167330676,0,12,2,0
2017-02-07,263.0,68.25993644416307,31.06515265296607,44.73485940512902,1076.4940239043824,409.1191795275243,6.406738100517183,1.6715952601456088,105737.05179282869,1,12,3,2
2017-02-08,287.0,69.09063532243388,31.20108735653092,56.660068076922805,1076.593625498008,417.48680345263233,4.4790553106087,0.20415206597452445,105744.5219123506,2,12,2,0
2017-02-09,346.0,71.72961497519015,31.33518523048034,50.86838921631669,1076.6932270916334,477.1939420229369,4.501648668685493,0.25939937075544384,105751.9920318725,3,12,0,2
2017-02-10,314.0,73.63888209388085,31.467406553563507,44.25285301340165,1076.7928286852589,467.5948350640819,1.32942436422326,1.4243877381366041,105759.46215139441,4,12,1,0
2017-02-11,314.0,65.95231778556645,31.59771216038443,49.966614374508744,1076.8924302788844,465.6879087942779,1.2816413971388354,0.3518540327870787,105766.93227091632,5,12,2,2
2017-02-12,314.0,63.12096399655273,31.726063453003086,51.41064534212748,1076.9920318725099,463.00243522663254,1.6308730432700416,0.1536322922244576,105774.40239043823,6,12,2,0
2017-02-13,298.0,63.86356673260015,31.852422412368675,49.40420498634863,1077.0916334661354,444.70718328987215,4.922723871267024,0.5116311943552533,105781.87250996016,0,12,2,1
2017-02-14,319.0,66.5756095892348,31.97675160958113,38.19537318138546,1077.1912350597609,483.7853654329127,2.2679822053326606,1.4556380103989788,105789.34262948208,1,12,3,0
2017-02-15,382.0,67.1908863024284,32.09901421697811,42.16628568691943,1077.2908366533864,569.9976609749239,1.4082324128870514,1.7880182908454378,105796.81274900399,2,12,3,0
2017-02-16,352.0,65.04043265949089,32.21917401904365,44.32405878415518,1077.3904382470118,502.71987664105274,7.409492130120494,0.585948553939312,105804.2828685259,3,12,3,0
2017-02-17,309.0,62.35081896718272,32.33719542313562,44.953442008228535,1077.4900398406376,473.2236958312388,1.3493070268604912,1.703822649299619,105811.75298804781,4,12,2,1
2017-02-18,301.0,66.49287412761471,32.45304347002868,48.19727354769603,1077.5896414342628,412.51256489355154,4.351475941941729,0.5379431946381504,105819.22310756972,5,12,0,2
2017-02-19,274.0,69.62379117843507,32.56668384426955,45.755137316127175,1077.6892430278886,369.992850854316,1.8517004009732456,1.5722978239150172,105826.69322709164,6,12,1,2
2017-02-20,313.0,71.63610588700699,32.67808288434166,37.96711243776617,1077.788844621514,484.2836098940314,0.8654619316554223,1.0887032317499172,105834.16334661355,0,12,3,1
2017-02-21,310.0,65.8192809381404,32.787207592636,46.32657406975781,1077.8884462151395,475.14040544270716,7.891532803056788,1.6691188224006803,105841.63346613546,1,12,0,0
2017-02-22,258.0,66.48799806667012,32.89402564522543,47.26487743596825,1077.988047808765,385.8520926985193,1.2094826985618954,2.4881266059501934,105849.10358565737,2,12,3,0
2017-02-23,238.0,63.86725575504378,32.99850540143933,46.80194143677654,1078.0876494023905,329.09102990489856,8.248296706785558,2.3507607165581486,105856.57370517928,3,12,3,0
2017-02-24,449.0,68.29249619150814,33.10061591323596,49.202671801301186,1078.187250996016,659.3417811865185,3.18928776105688,0.11027621880664872,105864.04382470119,4,12,2,2
2017-02-25,516.0,64.15769336186113,33.20032693436957,47.76895690400538,1078.2868525896415,768.7450650462699,3.4024136371503073,2.225053034469534,105871.51394422312,5,12,2,2
2017-02-26,520.0,71.21683460153118,33.29760892934965,45.70068253744289,1078.386454183267,748.0821206285177,6.213857005712911,0.2595779084194397,105878.98406374503,6,12,3,1
2017-02-27,363.0,59.374450999234575,33.39243308218974,42.864305278327286,1078.4860557768925,529.7194268395353,5.504591287802806,2.387311806783628,105886.45418326693,0,12,1,1
2017-02-28,362.0,66.4594659852662,33.484771304942974,34.72565272253409,1078.585657370518,556.0466067635336,4.316770214519078,0.7763816298392432,105893.92430278884,1,12,3,2
2017-03-01,397.0,69.71823857294768,33.574596246022054,44.99889860361882,1078.6852589641435,624.0461072857843,2.486952265431935,1.0168835929870503,105901.39442231075,2,12,1,0
2017-03-02,280.0,69.088231932462,33.66188129830107,43.71467583921342,1078.784860557769,411.61130494682897,5.212908718206549,0.31993169242174685,105908.86454183268,3,12,0,0
2017-03-03,206.0,81.59186801640405,33.746600606996864,43.86469297198314,1078.8844621513945,324.129767086322,5.956829100084022,0.369454619989383,105916.33466135459,4,12,3,0
2017-03-04,190.0,69.8346355841758,33.828729077327466,35.95879896624352,1078.98406374502,246.71879858825065,0.7551220367795505,1.8441773565503672,105923.8047808765,5,12,1,0
2017-03-05,210.0,63.02560582481722,33.90824238194544,36.778232534067804,1079.0836653386455,328.18902482227224,3.3918001273186933,2.3663973657959,105931.2749003984,6,12,0,1
2017-03-06,201.0,67.53012028048268,33.98511696814392,47.29553033037668,1079.183266932271,285.4210317054504,0.23300624255848035,1.565796387890343,105938.74501992032,0,12,0,1
2017-03-07,243.0,59.08910330025115,34.05933006483318,41.68356410105036,1079.2828685258964,370.6469123341594,4.771582890629356,1.8180400372643466,105946.21513944223,1,12,2,2
2017-03-08,267.0,67.53157140887336,34.130859689285685,45.14578410829175,1079.382470119522,395.5449516352058,1.2594545561336477,1.9287273870331685,105953.68525896415,2,12,0,1
2017-03-09,245.0,63.734877388172414,34.19968465364757,41.74222257335716,1079.4820717131474,393.9082801956767,4.989951283053448,0.73075425892706,105961.15537848606,3,12,2,0
2017-03-10,165.0,72.44405909219341,34.265784571214795,41.61721155504914,1079.581673306773,230.01128703320163,3.1102557897989476,0.20855111420851583,105968.62549800797,4,12,0,2
2017-03-11,102.0,65.08772869578642,34.32913986247181,46.03313930493636,1079.6812749003984,165.55212595123663,4.470380162738768,0.1044945854060046,105976.09561752988,5,12,0,1
2017-03-12,159.0,67.2213045405781,34.38973176089132,38.64031283713049,1079.780876494024,232.90985073406932,9.680806892995387,0.9415582790896447,105983.56573705179,6,12,1,1
2017-03-13,174.0,64.59843963373146,34.447542318493056,41.58551924771881,1079.8804780876494,257.83389043980674,1.552855916214768,0.6795141476781186,105991.0358565737,0,12,1,1
2017-03-14,270.0,76.44297955368656,34.50255441116019,38.68351473415441,1079.980079681275,401.3229221368158,3.138803371653959,0.24956254011804554,105998.50597609562,1,12,2,1
2017-03-15,397.0,66.11641029755458,34.55475174371172,38.718015375414986,1080.0796812749004,578.5865379101177,3.7633069189007324,0.5308679019848002,106005.97609561753,2,12,3,1
2017-03-16,371.0,76.86072579003141,34.6041188547292,39.245901673198404,1080.179282868526,556.2180206818666,1.0722494636202704,0.39879735584307474,106013.44621513944,3,12,1,0
2017-03-17,328.0,71.74543825002299,34.65064112113668,41.80938661589521,1080.2788844621514,490.74703555756355,6.333004928886333,2.295708113481689,106020.91633466135,4,12,0,0
2017-03-18,254.0,70.06318125541087,34.69430476253213,38.21764736661836,1080.3784860557769,385.8248049681346,8.798617792232147,0.4366413123020054,106028.38645418326,5,12,2,0
2017-03-19,342.0,69.4761173139529,34.735096845269396,46.80858693732881,1080.4780876494024,514.6901029138572,3.987736159736398,1.39035631357043,106035.85657370517,6,12,2,1
2017-03-20,367.0,69.58248384793662,34.773005286289276,35.98095291632393,1080.5776892430279,566.4598909922447,10.39201513260549,1.523454292269195,106043.32669322709,0,12,2,2
2017-03-21,400.0,57.95762767492262,34.80801885669865,39.4496040657959,1080.6772908366534,618.4701723209474,5.172773580731847,1.404374698500721,106050.796812749,1,12,0,0
2017-03-22,390.0,66.1855194366979,34.84012718509663,38.12109033843587,1080.7768924302788,563.987533563444,3.745860983819693,0.33773544211837114,106058.26693227091,2,12,1,0
2017-03-23,417.0,71.79112947559831,34.86932076064659,47.49624790047549,1080.8764940239043,642.8754500118155,6.548005743541272,0.8651160682013228,106065.73705179282,3,12,3,1
2017-03-24,359.0,67.30771861468271,34.895590935893516,41.19159201077084,1080.9760956175298,514.7732714578029,3.0858221191598796,0.22304879791156784,106073.20717131473,4,12,2,2
2017-03-25,309.0,60.51458580131944,34.91892992932536,45.32136283869246,1081.0756972111553,475.2571177627547,2.875760178078613,1.0496077938311585,106080.67729083665,5,12,0,0
2017-03-26,292.0,67.26831233327361,34.93933082767806,32.69353647945901,1081.1752988047808,450.3947756940574,5.097212614424576,0.5526374350518207,106088.14741035858,6,12,1,0
2017-03-27,278.0,76.04213378728579,34.95678758798334,41.42167615337961,1081.2749003984063,378.7736621667499,11.78248041023801,1.4479180798825115,106095.61752988049,0,12,1,2
2017-03-28,320.0,73.74881105799426,34.97129503935865,44.50556389939988,1081.3745019920318,481.8595849305882,1.5184788234726394,1.7627401452378413,106103.0876494024,1,12,3,1
2017-03-29,350.0,67.19855551090039,34.98284888453889,40.445722177299345,1081.4741035856573,515.6300777327937,1.0354181501628108,1.3770876644912955,106110.55776892431,2,12,2,2
2017-03-30,234.0,72.26152353471579,34.99144570114927,45.34451047302822,1081.5737051792828,335.8246948412925,4.388172121949433,1.14216807186735,106118.02788844622,3,12,0,1
2017-03-31,233.0,65.66892342680019,34.997082942719075,37.41939186405999,1081.6733067729083,376.5170466139801,0.34806268928181994,1.0296002100560617,106125.49800796813,4,12,1,0
2017-04-01,341.0,58.98076259614842,34.999758939435964,47.04721932205597,1081.7729083665338,498.4264171872516,2.440568727165093,2.120060243432809,106132.96812749005,5,12,0,2
2017-04-02,259.0,62.87793361003196,34.99947289864055,51.495544820815155,1081.8725099601593,372.372461417639,3.248876250937127,0.6264833561566481,106140.43824701196,6,12,1,2
2017-04-03,204.0,75.31633139001036,34.99622490506124,38.19335738767923,1081.9721115537848,307.51389880010186,2.1680051919198933,1.8621240148692852,106147.90836653387,0,12,2,0
2017-04-04,220.0,66.13502663045892,34.990015920789105,37.79245555141793,1082.0717131474103,343.7117949259683,8.36604744126485,1.9179575793762855,106155.37848605578,1,12,2,0
2017-04-05,255.0,66.29265621062845,34.98084778499292,47.305226815602666,1082.1713147410358,379.6670282797975,8.016049331531551,1.1060800174497627,106162.84860557769,2,12,3,1
2017-04-06,211.0,66.01644741193843,34.968723213374346,47.96041430190487,1082.2709163346613,339.82741091338505,11.205629286922958,0.8135214381415343,106170.31872509961,3,12,1,0
2017-04-07,428.0,77.04386004918325,34.95364579736358,37.4784082695065,1082.3705179282867,652.6195132392818,3.454918360822323,1.2292995665103406,106177.78884462152,4,12,0,0
2017-04-08,497.0,75.66198457528259,34.93562000305544,38.02782590840983,1082.4701195219122,701.9357736053714,3.9008421305281535,0.3237134221424764,106185.25896414343,5,12,1,2
2017-04-09,289.0,78.6365755822974,34.91465116988654,38.76177461592439,1082.569721115538,422.91066072985984,2.2663225712934594,0.21023207734981597,106192.72908366534,6,12,0,1
2017-04-10,285.0,66.75940119347291,34.89074550905366,33.496256426721295,1082.6693227091632,416.263158012966,7.289529622157746,0.36784767868454027,106200.19920318725,0,12,3,0
2017-04-11,368.0,69.04616739289852,34.8639101016739,35.67892006423121,1082.768924302789,561.5872190685884,0.7421367928622148,0.5491480755093427,106207.66932270916,1,12,1,2
2017-04-12,304.0,59.999710804552436,34.834152896687215,35.310990372865234,1082.8685258964144,403.50365887251775,2.488605223486865,1.3100243688113034,106215.13944223108,2,12,2,0
2017-04-13,377.0,74.98393077634046,34.80148270850182,36.558046757475715,1082.96812749004,616.4801941743544,7.460360134677599,2.137927926786693,106222.609561753,3,12,0,0
2017-04-14,418.0,61.77814763646866,34.76590921438331,40.294757134299466,1083.0677290836654,637.6205218978841,2.9840852508916558,0.6655415967992487,106230.0796812749,4,12,2,0
2017-04-15,355.0,68.72015634301911,34.72744295158808,41.71618775950644,1083.167330677291,535.4775360783539,2.1529305942437906,2.3443888257922674,106237.54980079681,5,12,3,0
2017-04-16,416.0,62.1704397047147,34.68609531424214,48.380311835586106,1083.2669322709164,647.6313543283829,1.7901064348302562,2.3917789814440082,106245.01992031872,6,12,3,1
2017-04-17,403.0,64.73472659132352,34.641878549966016,35.724472696374015,1083.366533864542,651.3730810562525,1.5145018267525192,2.4013710516284927,106252.49003984063,0,12,0,2
2017-04-18,415.0,63.51628496662805,34.594805756246885,45.73200047988915,1083.4661354581674,639.9149328917681,2.176599825467111,2.110150563223177,106259.96015936256,1,12,1,2
2017-04-19,412.0,64.68817825834144,34.544890876558945,39.84027402575457,1083.565737051793,636.9762619294324,4.760782013947731,0.9731800979145294,106267.43027888447,2,12,2,0
2017-04-20,394.0,65.0583121361385,34.49214869623322,40.76838405927139,1083.6653386454184,593.6138004892877,3.4682914448931066,0.27444138640629534,106274.90039840637,3,12,2,2
2017-04-21,357.0,65.04035860633563,34.43659483807799,44.50090778467705,1083.7649402390439,532.669484932661,8.750148624079726,1.4651649562395879,106282.37051792828,4,12,0,0
2017-04-22,291.0,71.977546680026,34.37824575775109,35.62989837668633,1083.8645418326694,426.98409111990196,0.7768927761799242,1.440835465449361,106289.8406374502,5,12,0,2
2017-04-23,244.0,62.31712666524457,34.31711873888564,43.277811253148975,1083.9641434262949,349.4777601657091,1.92480385604019,2.1399418410630293,106297.3107569721,6,12,0,1
2017-04-24,287.0,68.97609119108412,34.25323188797043,42.32579726512442,1084.0637450199204,416.7597180060101,1.079437081491681,2.4903785222706523,106304.78087649403,0,12,3,1
2017-04-25,254.0,73.99649369703454,34.18660412898651,44.089048062067725,1084.1633466135459,353.98888071314036,1.7686100836362133,1.3195775357443542,106312.25099601594,1,12,3,2
2017-04-26,242.0,65.37539057853212,34.117255197801796,43.2113328239355,1084.2629482071713,361.48257098629955,1.9917732036692486,0.9284896744954821,106319.72111553785,2,12,2,0
2017-04-27,223.0,64.38780272809947,34.04520563632502,54.18608942690443,1084.3625498007968,300.80664845547227,4.817525304278695,0.5461641077350408,106327.19123505976,3,12,1,0
2017-04-28,243.0,66.86213848088822,33.97047678642105,38.87034650590132,1084.4621513944223,368.3183304828742,5.287160980764344,0.11151957956168977,106334.66135458167,4,12,0,0
2017-04-29,237.0,73.95208065000898,33.893090783589145,39.55883365781262,1084.5617529880478,354.77338783915314,5.004957469118404,1.32187286197331,106342.13147410357,5,12,3,0
2017-04-30,275.0,69.06400287956367,33.81307055040621,39.25815626706376,1084.6613545816733,415.43870596773377,6.2008369309367515,1.43324480008623,106349.6015936255,6,12,1,1
2017-05-01,183.0,65.47870863209357,33.73043978973686,39.761734824725,1084.7609561752988,264.0573685996001,6.877134408453362,2.0798523515617537,106357.07171314741,0,12,0,0
2017-05-02,370.0,70.596771767084,33.64522297771241,39.5226184080426,1084.8605577689243,616.5372074036101,4.543807797398078,1.3109847229427214,106364.54183266932,1,12,1,0
2017-05-03,419.0,62.70981657257751,33.55744535648074,48.83019194257628,1084.9601593625498,655.7023180036063,5.884235978346538,2.2995240367985357,106372.01195219123,2,12,0,0
2017-05-04,317.0,71.6732310888501,33.46713292672929,50.16825538649069,1085.0597609561753,450.60914999830555,2.729051031695819,1.6074003437714453,106379.48207171314,3,12,1,0
2017-05-05,455.0,70.35588031851712,33.37431243998343,40.39764365128576,1085.1593625498008,687.1573617485379,0.9360335136598252,2.1168069717305995,106386.95219123505,4,12,2,1
2017-05-06,435.0,66.82145194896444,33.279011390682285,39.280199353114284,1085.2589641434263,640.3398771412535,1.8784940125742438,0.4559241635385931,106394.42231075697,5,12,0,2
2017-05-07,468.0,64.21644200374652,33.18125800803467,45.994561765862684,1085.3585657370518,681.7104054658517,8.575202744041716,2.1528067127255555,106401.89243027888,6,12,0,2
2017-05-08,442.0,64.02605476475411,33.0810812476572,41.07672228328074,1085.4581673306773,636.1985585775213,1.2435665494771577,1.7203452506652361,106409.36254980079,0,12,2,0
2017-05-09,400.0,71.18483129023083,32.978510782997425,47.207637522782704,1085.5577689243028,608.6443338151851,2.4799811525193243,0.5085592778519933,106416.83266932271,1,12,0,0
2017-05-10,223.0,74.70811401417325,32.87357699654413,45.26746111116824,1085.6573705179283,320.8723952986085,1.0430640430368605,0.555432539550426,106424.30278884462,2,12,0,2
2017-05-11,220.0,65.43030577944215,32.76631097082777,36.88865748335831,1085.7569721115538,349.35652048050406,6.471305999923675,2.3236014857061313,106431.77290836653,3,12,3,1
2017-05-12,474.0,70.96356127815068,32.65674447921348,52.42403704822335,1085.8565737051792,730.8756442906088,3.2209976073610864,0.1773168650808949,106439.24302788846,4,12,2,1
2017-05-13,479.0,58.29240991874495,32.54490997648942,53.88956841249877,1085.9561752988047,745.9782877042289,2.5291686120604395,1.2100838639096947,106446.71314741037,5,12,3,1
2017-05-14,373.0,65.8614910520873,32.4308405892534,42.07437536907127,1086.0557768924302,542.452264678518,0.3587994340163604,0.8523406958418437,106454.18326693228,6,12,2,1
2017-05-15,354.0,68.68742028259534,32.3145701061003,43.432351988119485,1086.1553784860557,540.5073122138402,3.3642209999465984,1.6961858559962273,106461.65338645419,0,12,1,1
2017-05-16,349.0,64.35351643128402,32.19613296761363,47.03706101839727,1086.2549800796812,536.149084332846,7.045621891523963,2.115110530165581,106469.1235059761,1,12,2,1
2017-05-17,264.0,64.27968599797013,32.07556425616377,47.52115543760758,1086.3545816733067,386.5164364979207,5.377793337211807,0.964907491735767,106476.59362549802,2,12,2,1
2017-05-18,188.0,65.68465237489742,31.952899685516282,49.38692199233159,1086.4541832669322,266.5645608521425,1.9327122554494645,1.1245650095748092,106484.06374501993,3,12,3,1
2017-05-19,294.0,70.54687584650536,31.828175590253007,56.39467151332573,1086.5537848605577,473.19041331551944,1.4989241915630445,2.456602682803394,106491.53386454184,4,12,0,1
2017-05-20,334.0,68.21264045046343,31.70142891500941,45.712406032510934,1086.6533864541832,505.5499175146411,3.6221738479372654,1.9813996232300868,106499.00398406375,5,12,2,0
2017-05-21,505.0,58.02249523160954,31.5726972035312,42.863119370245336,1086.7529880478087,770.2193550142348,0.7297065072896265,2.253289914236299,106506.47410358566,6,12,0,1
2017-05-22,349.0,58.675489943047964,31.442018587553406,40.21936668482055,1086.8525896414342,507.0584797634414,4.905824327618963,1.1530293295639114,106513.94422310757,0,12,2,0
2017-05-23,421.0,66.31095822296142,31.309431775505416,43.726486249279574,1086.9521912350597,607.1143106695562,1.1659356435159638,0.6617828895618765,106521.41434262949,1,12,3,2
2017-05-24,238.0,71.70094490974525,31.174976041045035,47.48441305354095,1087.0517928286852,345.6110045101578,1.568601712174402,1.0884723169274841,106528.8844621514,2,12,2,0
2017-05-25,204.0,55.74313018066118,31.038691211425284,56.89540689473837,1087.1513944223107,303.5195722522001,1.526267207271261,1.8186206027956324,106536.35458167331,3,12,1,2
2017-05-26,289.0,67.05104029139333,30.90061765569704,45.61070819342506,1087.2509960159362,412.21559986365304,5.530228269092418,0.36263297160635033,106543.82470119522,4,12,2,0
2017-05-27,236.0,66.9883625810372,30.760796272751392,49.59734721269171,1087.3505976095616,353.80310382699236,1.4050808550694391,0.7491258534796211,106551.29482071713,5,12,2,2
2017-05-28,148.0,76.6320546514398,30.619268479204862,48.67934856122651,1087.4501992031874,188.22989623863,1.5481315383022296,0.21192616110781692,106558.76494023904,6,12,0,0
2017-05-29,94.0,67.83685284287,30.476076197131363,54.98981397297769,1087.5498007968126,118.59905155060255,9.122643139917527,1.1376345720115157,106566.23505976096,0,12,0,0
2017-05-30,130.0,71.7493140028824,30.33126184164447,61.97213844607917,1087.6494023904384,208.4182249655375,5.147687735288491,2.0858697663510717,106573.70517928287,1,12,1,2
2017-05-31,123.0,70.61385154627055,30.184868308333535,46.97591951873133,1087.7490039840636,196.5758104055579,3.6193493689969745,0.15919285191522592,106581.17529880478,2,12,2,1
2017-06-01,192.0,59.32869812068519,30.036938960557617,47.47892486629365,1087.8486055776893,280.1624646922627,3.5994870936986056,1.7207764643371986,106588.64541832669,3,12,0,1
2017-06-02,324.0,73.89727727485833,29.88751761660071,55.44576915214394,1087.9482071713148,465.64471381846096,0.33761995109017934,2.337990098832975,106596.1155378486,4,12,2,1
2017-06-03,357.0,71.20865825893526,29.736648536692364,53.93616037474683,1088.0478087649403,514.9519289694798,3.930687517289878,0.6686268676268374,106603.58565737051,5,12,3,1
2017-06-04,393.0,72.7491549934243,29.584376409897278,60.064783808885615,1088.1474103585658,582.0346350811737,7.929979932623769,1.7647236177463557,106611.05577689243,6,12,3,1
2017-06-05,302.0,89.91581536174269,29.43074634087788,54.058148244874054,1088.2470119521913,465.89036983290583,1.5466285660597883,2.4402445626404807,106618.52589641434,0,12,1,0
2017-06-06,239.0,59.94153338424008,29.27580383653395,49.651931872996805,1088.3466135458168,377.0649138268865,1.1195368024992423,2.4094673443659116,106625.99601593625,1,12,3,1
2017-06-07,210.0,79.06368585254413,29.11959479252282,54.71408456841591,1088.4462151394423,305.0693652903606,0.7448940115774759,0.6638300632699439,106633.46613545816,2,12,0,0
2017-06-08,77.0,69.08167966316584,28.962165479664744,57.61918694358505,1088.5458167330678,92.43015148030432,4.15269417317528,0.3407945277089649,106640.93625498007,3,12,0,2
2017-06-09,89.0,72.03486325689663,28.803562530236835,56.49528584551315,1088.6454183266933,138.85687275732667,5.035798563846989,0.45587809095019827,106648.40637450198,4,12,1,1
2017-06-10,143.0,70.45052231141369,28.6438329241602,55.24870430721609,1088.7450199203188,198.02930058748302,5.234046737273531,1.7848856043571413,106655.8764940239,5,12,2,1
2017-06-11,80.0,68.63730634546786,28.483023975083853,58.36732549777806,1088.8446215139443,109.63494722277595,2.0622778140770346,1.8418213010878615,106663.34661354581,6,12,0,1
2017-06-12,92.0,67.99024370062119,28.321183316370014,59.204111319488334,1088.9442231075698,164.50552180874075,7.128607809131782,1.7181677479076776,106670.81673306772,0,12,3,1
2017-06-13,112.0,72.56836423437278,28.15835888698453,60.59407718121857,1089.0438247011953,184.54230857131535,0.34715080682866545,0.9065881305813713,106678.28685258963,1,12,0,0
2017-06-14,117.0,63.416832057993204,27.994598917296784,57.25435160335464,1089.1434262948208,178.65948624502903,1.8637534143146655,0.5074646554194931,106685.75697211154,2,12,1,0
2017-06-15,101.0,74.8379198802121,27.829951914793465,53.5045057688288,1089.2430278884462,126.06161997774555,2.358947162569473,1.4938266206854076,106693.22709163347,3,12,3,0
2017-06-16,106.0,69.08679465071874,27.66446664970996,55.40463513274669,1089.3426294820717,163.22793134941318,5.224881715326618,1.2608330698188797,106700.69721115538,4,12,3,2
2017-06-17,88.0,65.60055723450608,27.49819214058424,61.0361605513733,1089.4422310756972,153.25314581575054,0.7668291225446473,1.8492019530935282,106708.1673306773,5,12,3,0
2017-06-18,94.0,69.08434689015249,27.33117763973689,51.25296636559004,1089.5418326693227,133.4873266846893,3.3177405023829065,1.1592641888454915,106715.63745019921,6,12,1,1
2017-06-19,150.0,77.70400977497178,27.16347261868216,57.516421307000186,1089.6414342629482,252.0222817997343,6.390810126231901,0.9127352672475241,106723.10756972112,0,12,1,2
2017-06-20,97.0,68.82576118818196,26.995126753473855,54.04305243141549,1089.7410358565737,171.35490579036414,5.702325654027425,0.8043485856616345,106730.57768924303,1,12,2,2
2017-06-21,109.0,73.37917313605269,26.826189909990834,56.49134429469242,1089.8406374501992,196.77465664286947,1.936823681628958,0.6075287681193916,106738.04780876495,2,12,2,1
2017-06-22,124.0,68.01686255683954,26.65671212916617,63.07883505470416,1089.9402390438247,192.10486253062706,4.533876835852508,0.7377913028479873,106745.51792828686,3,12,2,1
2017-06-23,124.0,75.54623744353589,26.486743612164407,57.982008115770704,1090.0398406374502,197.74783399612025,2.0849091717106667,0.32759305322584326,106752.98804780877,4,12,1,1
2017-06-24,111.0,75.26937134119524,26.31633470551156,57.59951332975762,1090.1394422310757,194.7837457666218,2.1473356402923676,0.9324568262293349,106760.45816733068,5,12,3,1
2017-06-25,148.0,81.17027622339117,26.145535886181797,50.90964752273681,1090.2390438247012,230.9478787413795,2.8382656548748177,0.18776754967109968,106767.92828685259,6,12,3,0
2017-06-26,108.0,71.13498139918106,25.974397746645725,61.782472336844656,1090.3386454183267,151.97531784419576,9.680802963211276,0.5473932331991843,106775.3984063745,0,12,0,2
2017-06-27,73.0,75.44178853384743,25.802970979884222,61.621478945936936,1090.4382470119522,100.52914326944277,9.446755564978771,1.8922490670866299,106782.86852589643,1,12,2,1
2017-06-28,58.0,72.67468451550835,25.63130636437275,69.5536608877818,1090.5378486055777,91.77109907547478,6.2488896242534056,0.8811255728238944,106790.33864541833,2,12,3,0
2017-06-29,58.0,78.74963153479499,25.45945474904017,57.542199327154655,1090.6374501992032,61.188771561075626,1.1823431796668604,1.7037688407456253,106797.80876494024,3,12,3,1
2017-06-30,46.0,68.76210454285301,25.28746703820666,60.52081756190638,1090.7370517928287,66.13482169271614,6.189603243420415,1.8205220214334656,106805.27888446215,4,12,3,0
2017-07-01,84.0,76.16732947613369,25.115394176505443,61.01613006554289,1090.8366533864541,147.93094236460507,2.85374125645913,1.4948448225570725,106812.74900398406,5,12,3,1
2017-07-02,54.0,71.55486995252045,24.94328713379229,68.0006921312328,1090.9362549800796,37.174922976694376,4.952297737270464,2.400874579276956,106820.21912350597,6,12,1,1
2017-07-03,49.0,72.2934606694336,24.771196890047822,59.9811285579696,1091.0358565737051,104.1896420358903,1.7820502864474095,0.15145567989547182,106827.6892430279,0,12,2,1
2017-07-04,149.0,73.15917521210358,24.599174420276565,62.19675878829857,1091.1354581673306,245.94748437406318,5.500484542973937,1.872766361411541,106835.1593625498,1,12,3,0
2017-07-05,212.0,74.04756664242953,24.42727067940771,64.18494118976727,1091.2350597609561,308.80470768339046,5.681491066751385,2.4010879454569793,106842.62948207172,2,12,3,1
2017-07-06,85.0,72.29108649078941,24.255536587201597,62.4219724413786,1091.3346613545816,138.36781655743619,3.6908456225145856,2.169452150447054,106850.09960159363,3,12,3,0
2017-07-07,77.0,74.0315544092692,24.084023013166835,59.59978590091369,1091.434262948207,115.56295453812653,5.056774794873859,0.5029424603320319,106857.56972111553,4,12,3,0
2017-07-08,65.0,80.93419990706485,23.91278076149214,63.144888441507256,1091.5338645418326,122.09980736877367,4.962719255823951,0.8843687350041569,106865.03984063744,5,12,0,2
2017-07-09,108.0,78.05631815007733,23.741860555997544,67.88443763730378,1091.633466135458,181.65366285539884,1.9030748310062817,0.513884415703517,106872.50996015937,6,12,3,0
2017-07-10,78.0,77.56011644992971,23.571313025109568,57.72479745272556,1091.7330677290836,88.99858553633982,8.231972981470033,1.5431400731552898,106879.98007968128,0,12,3,0
2017-07-11,59.0,71.02170802644847,23.401188686864373,63.86247099700564,1091.832669322709,100.24524826928354,2.478090409135215,1.8092511567507816,106887.45019920319,1,12,3,0
2017-07-12,47.0,68.93802689188641,23.23153793394393,60.036320057416276,1091.9322709163346,66.38744292713504,0.7227133303725845,0.8609770464713397,106894.9203187251,2,12,0,0
2017-07-13,39.0,78.24529728181426,23.062411018749007,69.8504111071262,1092.03187250996,60.156651410361995,8.054568330541704,1.3948157775623091,106902.390438247,3,12,1,0
2017-07-14,40.0,77.93330494339199,22.893858038513976,56.596349399053175,1092.1314741035856,45.436561980603685,3.5143988690879735,1.7582093681708681,106909.86055776892,4,12,0,2
2017-07-15,56.0,81.0003889185212,22.72592892046744,61.75353292270718,1092.231075697211,118.96274138241671,5.531069442402518,1.111215559866516,106917.33067729084,5,12,3,1
2017-07-16,65.0,70.70076016663228,22.558673407043152,66.7687125612363,1092.3306772908365,118.30123639805151,3.3616420143116454,2.149637273093102,106924.80079681275,6,12,1,2
2017-07-17,71.0,72.6561862026253,22.39214104114593,73.04333806387983,1092.430278884462,91.70457672054066,0.7848249925381124,1.951719844690761,106932.27091633466,0,12,3,2
2017-07-18,97.0,65.68938861163466,22.226381151476335,65.2184863916824,1092.5298804780878,118.80778786179535,2.520266790989798,0.2551973052413696,106939.74103585657,1,12,1,1
2017-07-19,118.0,72.00692305073608,22.061442837919117,63.101116690695775,1092.629482071713,169.28654738044304,3.3653619105533417,1.5907007178179897,106947.21115537848,2,12,3,0
2017-07-20,116.0,79.03416507439762,21.897374956999244,75.61103543320446,1092.7290836653387,182.69005292182612,5.682631180864227,0.664781322303399,106954.68127490039,3,12,3,1
2017-07-21,53.0,71.80041005015404,21.73422610740995,59.291478283098876,1092.8286852589642,84.30411687892446,3.678988169345466,1.4380438352014606,106962.15139442231,4,12,1,0
2017-07-22,30.0,77.41637666819537,21.572044615617493,55.861880985664605,1092.9282868525897,70.06265649536488,2.516147629239418,2.396532262319119,106969.62151394422,5,12,1,1
2017-07-23,37.0,73.34204520923785,21.410878521546174,69.37831520717431,1093.0278884462152,71.29839444361704,2.6577245036057002,2.2097488109254004,106977.09163346613,6,12,3,2
2017-07-24,35.0,75.99489735893358,21.250775564348427,64.98817774954009,1093.1274900398407,71.89138051505813,5.419104167447797,1.0708393674763161,106984.56175298804,0,12,0,0
2017-07-25,37.0,68.71565146678965,21.091783168264005,62.71026957781843,1093.2270916334662,62.03710801220875,5.953659982464292,0.7996332600264481,106992.03187250995,1,12,0,2
2017-07-26,32.0,74.95907303388339,20.933948428572258,71.67388537935226,1093.3266932270917,20.214025395780194,1.3583305447931833,0.6625737865798216,106999.50199203187,2,12,0,0
2017-07-27,41.0,59.655661096675274,20.777318097642212,69.66436737357158,1093.4262948207172,57.58602937706197,3.5629413758372497,1.3780356874156483,107006.97211155378,3,12,0,1
2017-07-28,42.0,73.75454992364814,20.621938571083852,65.93572970414866,1093.5258964143427,84.20179479817331,5.843570787842153,0.3741962878193352,107014.44223107569,4,12,1,1
2017-07-29,47.0,66.61370584442164,20.467855874005327,62.66276625863488,1093.6254980079682,69.46954142950707,9.578573730663955,1.4182600195077966,107021.9123505976,5,12,1,1
2017-07-30,30.0,80.87241475904423,20.31511564737967,73.73205534664139,1093.7250996015937,55.06180737247494,7.94379075118933,0.10320073477790084,107029.38247011951,6,12,0,1
2017-07-31,29.0,78.80515519655972,20.163763134525645,72.92347962074201,1093.8247011952192,37.125033695077335,0.8661621212979028,0.8772391137900275,107036.85258964144,0,12,2,1
2017-08-01,44.0,77.32643332597738,20.01384316770605,69.47643434569099,1093.9243027888447,45.4037630291631,3.2606942924914053,0.627842353193395,107044.32270916336,1,12,2,2
2017-08-02,40.0,82.67233105837295,19.86540015484793,79.50238467054247,1094.0239043824702,57.53311871907779,0.8453712345709546,2.430925095905877,107051.79282868527,2,12,2,2
2017-08-03,49.0,70.39617836268155,19.718478066388528,65.21262003559218,1094.1235059760957,79.68094886065307,9.09526577389948,1.8453815669679496,107059.26294820718,3,12,3,0
2017-08-04,50.0,83.95025577845249,19.573120422250618,63.22613330087507,1094.2231075697212,61.88624561077113,3.8994031038885932,0.9391681131093704,107066.73306772909,4,12,0,2
2017-08-05,88.0,79.94627268182612,19.429370278951613,67.68171909269056,1094.3227091633466,127.28577510286664,5.93396641247685,0.32282820767348924,107074.203187251,5,12,3,0
2017-08-06,99.0,74.17358845548046,19.287270216849645,71.19752948452322,1094.4223107569721,129.71073516028034,1.490271360013774,1.3403214272574977,107081.67330677291,6,12,1,0
2017-08-07,110.0,81.1046695721493,19.14686232753085,72.92297259155175,1094.5219123505976,187.38489835128192,1.9446577765834527,0.6122749151825015,107089.14342629483,0,12,1,2
2017-08-08,68.0,69.96443833727119,19.00818820134127,70.77744330803581,1094.6215139442231,96.11088484823932,4.315347190717314,1.3874309101560587,107096.61354581674,1,12,2,2
2017-08-09,73.0,71.44178473482788,18.871288915067503,74.01769915243648,1094.7211155378486,138.55511090252367,7.527559042398461,2.104869650029342,107104.08366533865,2,12,2,0
2017-08-10,95.0,72.58894887391689,18.736205019769212,66.26989283950935,1094.820717131474,173.07495701081817,0.5448680554894347,1.577902125043325,107111.55378486056,3,12,1,2
2017-08-11,58.0,73.05362319529617,18.602976528767485,80.01286996283133,1094.9203187250996,85.37908070556513,6.942331318834154,1.6210922069080054,107119.02390438247,4,12,2,2
2017-08-12,45.0,70.4813903333025,18.47164290579246,72.64595829645222,1095.019920318725,47.33102534905301,3.9302458799223072,1.3984726937507477,107126.49402390438,5,12,2,2
2017-08-13,45.0,81.9442938088298,18.34224305329366,78.90199305135333,1095.1195219123506,25.782042445333254,0.4343529284921463,2.325437518315382,107133.9641434263,6,12,1,1
2017-08-14,45.0,74.59832034769244,18.21481530091681,75.2839961300549,1095.219123505976,38.05925853946417,5.445375605884185,2.336566442609448,107141.43426294821,0,12,3,1
2017-08-15,59.0,77.71782614470936,18.089397394150065,76.10497130746879,1095.3187250996016,61.0233035020268,5.678968171237931,1.3305356825765253,107148.90438247012,1,12,2,0
2017-08-16,53.0,73.16522992635988,17.966026483143427,76.91678343487418,1095.418326693227,107.06939254923009,3.4311596730067446,0.8338227691444106,107156.37450199203,2,12,3,2
2017-08-17,66.0,66.97461394140517,17.844739111704477,76.54906457667762,1095.5179282868526,101.31649174453892,2.1068273555411796,1.2030088141106654,107163.84462151394,3,12,2,0
2017-08-18,70.0,77.48750118872032,17.725571206473617,77.76247138639049,1095.617529880478,112.79209048183975,1.6081333390246524,0.5477389892694776,107171.31474103585,4,12,0,2
2017-08-19,70.0,66.63444608975995,17.60855806628234,81.42864651809748,1095.7171314741036,60.59157982129748,4.642206791804429,1.6272263567634144,107178.78486055777,5,12,3,1
2017-08-20,63.0,75.90996259372403,17.493734351697245,75.99513714511286,1095.816733067729,70.54067141565477,0.9506910831521592,1.3002216058773597,107186.25498007968,6,12,3,2
2017-08-21,42.0,69.46785776845933,17.38113407475324,78.78275063843608,1095.9163346613545,80.74159552892574,8.510144545088098,0.3479211467518717,107193.7250996016,0,12,2,2
2017-08-22,42.0,86.30098470171468,17.270790588878718,75.00974035080642,1096.01593625498,68.73548224765173,1.6289888107527895,0.5743546746870768,107201.1952191235,1,12,3,2
2017-08-23,42.0,80.97544532136558,17.162736579016048,82.87511291921527,1096.1155378486055,60.055894426288056,6.494022459559767,1.2511166948788643,107208.66533864541,2,12,0,1
2017-08-24,58.0,77.00026693038747,17.057004051939845,72.50403038582397,1096.215139442231,98.29684717200246,5.563447608507052,2.23021357772526,107216.13545816732,3,12,1,1
2017-08-25,104.0,82.84172122488522,16.953624326776236,85.0974535110016,1096.3147410358565,188.7159561227163,4.228367322199619,1.459337729514634,107223.60557768925,4,12,0,1
2017-08-26,104.0,72.34210609980842,16.852628025725817,76.09395419532665,1096.414342629482,151.579150729259,6.839524534204572,1.73568400050033,107231.07569721116,5,12,1,0
2017-08-27,104.0,79.340374360854,16.754045064992937,69.33803435942389,1096.5139442231075,157.38739605316138,1.3808935844479748,0.9136685193853833,107238.54581673307,6,12,0,2
2017-08-28,104.0,77.6700998456314,16.657904645924326,77.32471278270529,1096.613545816733,159.85193837462612,6.543262348000834,1.4713873433061624,107246.01593625497,0,12,0,1
2017-08-29,104.0,78.03798278348873,16.564235246359242,73.4662712199071,1096.7131474103585,203.84219270547985,6.360808229089713,1.1737115743313618,107253.48605577688,1,12,3,0
2017-08-30,73.0,83.1252351944368,16.47306461219408,81.25708852055546,1096.812749003984,67.51287471161949,6.3790301255962,1.6819117902955856,107260.95617529881,2,12,0,1
2017-08-31,94.0,80.47025063931719,16.384419749163637,73.96804060516077,1096.9123505976095,154.66446029577617,4.825582354838574,0.22138135858962488,107268.42629482072,3,12,2,2
2017-09-01,91.0,78.29445485670418,16.298326914841866,75.17242900424237,1097.011952191235,134.20395502481873,1.338084000960574,1.283920518973502,107275.89641434263,4,12,2,0
2017-09-02,88.0,68.61815701342653,16.214811610863983,68.12267312354439,1097.1115537848605,143.3354345236836,2.471947095751097,0.8103823003455206,107283.36653386454,5,12,2,1
2017-09-03,88.0,72.13281923591636,16.13389857537265,75.4706712530093,1097.211155378486,118.8525489201055,6.997055390449599,0.8828441470669821,107290.83665338645,6,12,2,1
2017-09-04,89.0,76.35864944417624,16.055611775690284,65.76937981547465,1097.3107569721114,132.520699382831,2.5267322424900898,2.4062018357393473,107298.30677290836,0,12,3,0
2017-09-05,88.0,77.47687467077347,15.97997440121959,70.1205370801322,1097.410358565737,146.2282115893099,1.3607823444293372,0.5384675505073186,107305.77689243028,1,12,2,0
2017-09-06,88.0,71.39547694834302,15.907008856574723,81.98805556757205,1097.5099601593624,194.2582040208768,12.810760856546288,0.8469886061886326,107313.24701195219,2,12,0,0
2017-09-07,88.0,89.14001500041974,15.836736754944726,82.25552728336471,1097.6095617529882,148.16072378804142,0.6043881868840197,1.3237421817540922,107320.7171314741,3,12,2,0
2017-09-08,106.0,84.69738082042211,15.769178911691501,80.58892998554182,1097.7091633466134,142.03868803938983,2.202147500112101,2.171264675559097,107328.18725099602,4,12,3,0
2017-09-09,96.0,80.15841393287042,15.704355338184007,73.75640860798592,1097.8087649402391,135.52480635954595,5.296556772227769,1.100008199695289,107335.65737051793,5,12,1,1
2017-09-10,118.0,77.53904168848334,15.642285235870776,78.47687274754855,1097.9083665338646,167.93171783232293,13.570672145120815,1.8852766741316105,107343.12749003984,6,12,0,0
2017-09-11,119.0,76.14746165519816,15.58298699059216,78.81601332336284,1098.0079681274901,142.5871365473997,2.7976497730656322,2.1552978357155257,107350.59760956177,0,12,0,0
2017-09-12,106.0,72.47716861632169,15.526478167134268,73.15522021976874,1098.1075697211156,152.39819616597126,2.5735344067224104,0.8440392539724374,107358.06772908368,1,12,3,2
2017-09-13,115.0,77.65101484058127,15.472775504026101,86.57144050078355,1098.2071713147411,187.1565816364349,3.1600872287684307,1.042600440492904,107365.53784860559,2,12,1,1
2017-09-14,142.0,78.57781524642307,15.421894908581358,83.54302163571565,1098.3067729083666,187.5153576184641,1.3856662039114098,0.955734936852055,107373.0079681275,3,12,2,2
2017-09-15,169.0,71.10427139649858,15.373851452186601,78.14747622647849,1098.406374501992,274.4696530210118,1.019096448359615,2.0988539406830107,107380.4780876494,4,12,1,1
2017-09-16,110.0,79.00655240330603,15.328659365836888,79.47711046329889,1098.5059760956176,174.75549642168676,6.5095260797349725,0.2064324686886428,107387.94820717131,5,12,0,1
2017-09-17,106.0,76.58053873791604,15.286332035920422,80.46924996789691,1098.605577689243,144.31533356057923,3.5639374921307985,0.8402106131888321,107395.41832669324,6,12,0,1
2017-09-18,99.0,67.83752121048639,15.246882000253327,69.29756165737189,1098.7051792828686,145.66940725324307,0.5429491384003392,1.7305805382283117,107402.88844621515,0,12,0,0
2017-09-19,109.0,73.09291447391956,15.21032094436585,78.34347119866533,1098.804780876494,195.46643615282068,1.3193403279639346,1.4570643989568224,107410.35856573706,1,12,1,2
2017-09-20,137.0,75.34364248387129,15.176659698040964,76.23675936392908,1098.9043824701196,220.17095627011733,9.27859055326373,1.1470944623048662,107417.82868525897,2,12,2,1
2017-09-21,144.0,86.86548417064773,15.145908232106452,74.70008348631252,1099.003984063745,216.17567309796294,7.821955779500111,1.3958757453313224,107425.29880478088,3,12,0,1
2017-09-22,92.0,80.22372779492805,15.11807565548147,78.35834722460729,1099.1035856573706,133.24633366078032,1.6766586637783836,0.5742030059879638,107432.76892430279,4,12,3,1
2017-09-23,83.0,70.77600704826136,15.093170212478343,88.80209220929093,1099.203187250996,126.03218140903319,4.727841520024936,1.133719891859225,107440.23904382471,5,12,2,2
2017-09-24,84.0,79.89458180690791,15.07119928036056,83.06181574561393,1099.3027888446215,115.76472884115393,0.8213609736311849,1.3040871620232377,107447.70916334662,6,12,0,1
2017-09-25,104.0,69.73739537172942,15.052169367157514,77.03976631677098,1099.402390438247,113.9050098856197,2.22044360333635,2.262853892691044,107455.17928286853,0,12,2,2
2017-09-26,131.0,82.89541221456697,15.03608610973677,82.79074168730725,1099.5019920318725,237.34355821069462,18.517555977322026,0.7260043907295431,107462.64940239044,1,12,3,2
2017-09-27,165.0,75.13289960484343,15.022954272134339,86.95086863866132,1099.601593625498,250.60649998398802,4.161194474031947,2.182788405195838,107470.11952191235,2,12,1,0
2017-09-28,176.0,77.02543018423236,15.012777744143554,84.59761292627674,1099.7011952191235,271.96294530245075,2.2714426618610064,1.6461793619823566,107477.58964143426,3,12,0,1
2017-09-29,172.0,84.12620346762954,15.005559540162844,80.28703276927519,1099.800796812749,256.8418450024618,3.108991979670575,0.14881799456224237,107485.05976095618,4,12,3,1
2017-09-30,137.0,71.06353125792732,15.001301798302846,76.76271251486644,1099.9003984063745,190.79766398550825,1.8525378467327611,1.8391152085585447,107492.52988047809,5,12,0,2
2017-10-01,131.0,70.51440618455851,15.000005779753074,83.4911050085618,1100.0,192.7815103810246,0.8512750719320971,0.1853245061177322,107500.0,6,12,0,2
2017-10-02,132.0,74.5811674340658,15.001671868408339,81.96408319029207,1100.0996015936255,166.01210475611379,7.94732329309715,2.4937147043531516,107507.47011952191,0,12,1,0
2017-10-03,115.0,82.68874446971907,15.006299570755035,84.4633669586286,1100.199203187251,218.0417299610661,0.4444435709756852,2.194328050458875,107514.94023904382,1,12,1,1
2017-10-04,151.0,69.89632586460712,15.01388751601732,83.1480839763752,1100.2988047808765,201.8097600315521,5.237668642865579,0.8136249940961096,107522.41035856574,2,12,2,2
2017-10-05,180.0,63.32700528116557,15.024433456563164,85.19889666347035,1100.398406374502,249.3606743230564,2.8255671196914847,0.717786952472093,107529.88047808765,3,12,3,1
2017-10-06,183.0,75.22523857366996,15.037934268570112,77.24795540505694,1100.4980079681275,265.694815912272,8.041236410569052,1.0154585970534613,107537.35059760956,4,12,3,1
2017-10-07,193.0,80.23151102307929,15.054385952950604,86.47819842227042,1100.597609561753,315.26151449704753,2.871016018384169,0.9548007167546633,107544.82071713147,5,12,1,1
2017-10-08,224.0,83.46441693042587,15.07378363653654,80.84043075038892,1100.6972111553785,336.2901799852531,3.7628029975243593,0.9936107641249144,107552.29083665338,6,12,0,2
2017-10-09,268.0,75.13613240281163,15.096121573522765,90.18406121608079,1100.796812749004,377.27728407939077,3.0040486927837904,0.8638637106867529,107559.76095617529,0,12,2,1
2017-10-10,253.0,75.38217039083547,15.12139314716904,76.31127461521407,1100.8964143426294,404.5867672151468,5.049668823109207,1.5907201764359955,107567.23107569721,1,12,1,2
2017-10-11,208.0,83.19470823539874,15.149590871760015,88.38063727230622,1100.996015936255,326.62001253570963,1.3611324934514033,0.4942327929294975,107574.70119521912,2,12,2,0
2017-10-12,211.0,68.06093830411163,15.180706394822534,80.62814112766817,1101.0956175298804,327.26869914432905,2.171099413560845,2.1303551018704314,107582.17131474103,3,12,2,0
2017-10-13,246.0,75.45003087428508,15.21473049959977,76.31344898272822,1101.195219123506,383.3146848234168,7.737638900027563,2.0497659616751567,107589.64143426294,4,12,3,2
2017-10-14,319.0,78.32629289573464,15.251653107781305,77.07726461416577,1101.2948207171314,526.3872380116491,5.439369193468528,1.2435596988526492,107597.11155378485,5,12,2,1
2017-10-15,317.0,79.60036196518095,15.291463282488436,77.81533689405153,1101.394422310757,519.2018979007222,4.184486203075434,2.146551916668514,107604.58167330676,6,12,3,0
2017-10-16,310.0,74.78389191828867,15.334149231513832,81.45253126898191,1101.4940239043824,451.2656931399341,3.7729607976854114,0.6931481680727039,107612.05179282869,0,12,0,0
2017-10-17,313.0,77.48235590312197,15.37969831081446,81.85478081854858,1101.593625498008,501.97769985622307,2.468201614873663,0.14215709368952067,107619.5219123506,1,12,0,2
2017-10-18,310.0,64.84431471880659,15.428097028256925,76.27530592379325,1101.6932270916334,472.663363795178,2.750579467193962,1.5860990200715752,107626.9920318725,2,12,1,2
2017-10-19,336.0,73.96909241452379,15.479331047613965,78.91956494346715,1101.7928286852589,513.981916322755,4.1717247635679495,1.198982576715317,107634.46215139441,3,12,0,2
2017-10-20,497.0,79.50085096636681,15.53338519281104,89.64458140743724,1101.8924302788844,711.6545833671335,5.733988295483896,1.4611949111100897,107641.93227091632,4,12,3,2
2017-10-21,404.0,72.29340810251581,15.590243452421591,87.45722894566038,1101.9920318725099,602.592284692236,4.167190923890419,2.258414581644167,107649.40239043823,5,12,2,2
2017-10-22,338.0,77.46997661574306,15.64988898440984,80.88184037955048,1102.0916334661354,490.74352819326873,5.641280320788006,2.4278213765582644,107656.87250996016,6,12,2,2
2017-10-23,327.0,79.37821044345371,15.712304121119569,78.76540914860186,1102.1912350597609,507.06117629786615,4.881953959904623,1.6226875354134473,107664.34262948208,0,12,0,2
2017-10-24,366.0,75.39851880845744,15.777470374507462,79.0452158845764,1102.2908366533864,570.4216100080561,2.4362232954280003,1.933733415645852,107671.81274900399,1,12,3,1
2017-10-25,357.0,77.9296346341731,15.845368441619524,81.37685298041303,1102.3904382470118,494.0102729796738,2.1982092798476516,0.30114024036919423,107679.2828685259,2,12,2,1
2017-10-26,328.0,72.22834806842258,15.915978210308735,73.0540807533905,1102.4900398406376,491.55930271991457,0.9386169228857609,0.4857174037396135,107686.75298804781,3,12,0,1
2017-10-27,345.0,75.9723042189235,15.989278765192548,76.73455978249817,1102.5896414342628,539.9372300958851,5.116289654453542,1.8596915318871439,107694.22310756972,4,12,3,1
2017-10-28,379.0,80.01845665102199,16.065248393848226,69.52658284291562,1102.6892430278886,564.7664207537312,6.277394821005377,1.1352770953312048,107701.69322709164,5,12,3,0
2017-10-29,362.0,77.71293250821999,16.14386459324435,79.7083864265377,1102.788844621514,557.5812729000473,3.107140467915849,1.1703166489705736,107709.16334661355,6,12,2,1
2017-10-30,340.0,73.95479161397714,16.225104076406378,80.78577154570094,1102.8884462151395,517.0233093525417,1.1222420386579146,0.8406584359250479,107716.63346613546,0,12,1,0
2017-10-31,366.0,77.96661063179667,16.308942779314563,74.966182129874,1102.988047808765,555.8332046390525,1.1887952720722743,1.557655320346585,107724.10358565737,1,12,1,0
2017-11-01,344.0,80.3753710191671,16.39535586803196,85.07922208038624,1103.0876494023905,510.57370043863403,1.579294853159544,0.5443961089988862,107731.57370517928,2,12,3,0
2017-11-02,305.0,66.50813473408238,16.48431774606048,70.90253619286733,1103.187250996016,433.16838391728584,2.1068984198377043,1.6045990703533495,107739.04382470119,3,12,3,2
2017-11-03,310.0,82.507469293818,16.57580206192295,69.526521475105,1103.2868525896415,442.56939705149944,2.3592214153789226,0.5171172571245752,107746.51394422312,4,12,0,0
2017-11-04,345.0,74.98383544811037,16.669781716968558,77.78269565886275,1103.386454183267,531.6870502891063,3.394298810709303,0.2531824833033126,107753.98406374503,5,12,3,0
2017-11-05,370.0,78.74433522950122,16.766228873399896,81.70303376626097,1103.4860557768925,555.3891651103777,9.6899053593031,0.8928584528777463,107761.45418326693,6,12,0,0
2017-11-06,377.0,82.55367713696677,16.86511496251873,84.68940853225187,1103.585657370518,562.7297551078555,4.827946569669777,0.6547368208236344,107768.92430278884,0,12,0,2
2017-11-07,532.0,69.65842616725344,16.96641069318846,73.77275729927837,1103.6852589641435,789.522199153553,7.288476499427238,2.2335799325351977,107776.39442231075,1,12,0,1
2017-11-08,675.0,72.91775195760708,17.070086060510363,81.25323204613575,1103.784860557769,1000.0,1.5685402887297686,0.23188828928470384,107783.86454183268,2,12,3,1
2017-11-09,677.0,74.96920134326575,17.17611035471144,75.45523694307359,1103.8844621513945,1000.0,1.9143826608342205,0.5238728621778949,107791.33466135459,3,12,3,0
2017-11-10,597.0,72.43900630925738,17.284452170240954,74.567959159814,1103.98406374502,888.7951183626394,3.4904340501597995,1.4169270533993188,107798.8047808765,4,12,0,0
2017-11-11,471.0,84.9771431716475,17.3950794150731,79.62814085728716,1104.0836653386455,679.6787057339686,4.242370906337579,1.2545612580339367,107806.2749003984,5,12,2,1
2017-11-12,613.0,71.96215987075949,17.507959320213086,78.24569575164092,1104.183266932271,934.3730355108034,2.1729928020025353,0.2100448440992837,107813.74501992032,6,12,3,1
2017-11-13,561.0,73.41073687786391,17.62305844940353,66.8719223162717,1104.2828685258964,837.4024667227056,3.3248860686562294,0.11740582723634674,107821.21513944223,0,12,1,1
2017-11-14,444.0,77.15177380350052,17.74034270902874,81.902016330572,1104.382470119522,666.6279173106556,8.859191483431633,2.47136306070676,107828.68525896415,1,12,2,1
2017-11-15,378.0,70.05936369051275,17.85977735821359,81.18090205431008,1104.4820717131474,599.1515661279902,2.235920085874778,1.6812032808612116,107836.15537848606,2,12,1,0
2017-11-16,357.0,74.03093293166161,17.981327019114126,70.9095324542241,1104.581673306773,535.0887888529899,2.3994102911360944,0.9769747141637364,107843.62549800797,3,12,3,0
2017-11-17,330.0,77.53478846255241,18.10495568739694,75.76910629239318,1104.6812749003984,500.7836734623745,1.2726877593850292,1.2290373943917792,107851.09561752988,4,12,2,0
2017-11-18,309.0,74.22038460663546,18.23062674290395,76.0088974456058,1104.780876494024,439.9215301740335,8.122606436722315,0.7397202890902886,107858.56573705179,5,12,3,1
2017-11-19,297.0,75.35391422525039,18.358302960499735,74.58676290812006,1104.8804780876494,441.1066109529808,0.5410883817811747,0.9276970808637034,107866.0358565737,6,12,3,2
2017-11-20,329.0,73.10936617720915,18.487946521098003,70.2725811885769,1104.980079681275,505.69052090417205,3.8298548508502734,1.6577067214437136,107873.50597609562,0,12,2,1
2017-11-21,341.0,68.11788894266411,18.619519022864125,69.4028451145815,1105.0796812749004,480.39252532317516,3.4503561116772463,2.2187483172816895,107880.97609561753,1,12,3,1
2017-11-22,348.0,77.2314753104012,18.75298149259,72.36626665986279,1105.179282868526,526.0169018623142,1.7835886650959076,0.5419120553948437,107888.44621513944,2,12,2,2
2017-11-23,340.0,84.33051815961697,18.888294397238457,78.08705630181991,1105.2788844621514,512.0158214528961,1.590565737797735,2.1168676129247648,107895.91633466135,3,12,3,2
2017-11-24,348.0,75.57929932609052,19.025417655653353,74.66716546166545,1105.3784860557769,522.8257491117488,2.1573824015220144,0.39173591084384574,107903.38645418326,4,12,0,1
2017-11-25,347.0,76.54416526102175,19.164310650432014,69.81830703870544,1105.4780876494024,541.2431779731648,1.7764993295629883,0.6159813366121388,107910.85657370517,5,12,1,2
2017-11-26,368.0,78.81114765560596,19.30493223995666,75.24862907332842,1105.5776892430279,558.6887702969705,1.4873819949317866,0.18922069131915037,107918.32669322709,6,12,0,2
2017-11-27,382.0,68.9297271319761,19.447240770580834,56.862805355687954,1105.6772908366534,602.5614379671289,3.2877212132402973,0.4379484690231987,107925.796812749,0,12,3,2
2017-11-28,360.0,83.71697624616414,19.591194088967782,76.56144032392496,1105.7768924302788,520.1282096881192,1.667406714814148,2.3015275491137213,107933.26693227091,1,12,3,1
2017-11-29,359.0,76.14326920482567,19.736749554576676,61.82793199695615,1105.8764940239043,541.218491344367,3.9387704511534114,1.2026529918841087,107940.73705179282,2,12,3,1
2017-11-30,388.0,83.21735246929889,19.883864052293312,68.42006718839771,1105.9760956175298,583.689335727799,4.6650508029553155,0.28639806826804853,107948.20717131473,3,12,0,2
2017-12-01,377.0,71.3185880197795,20.032494005201105,64.33666251646707,1106.0756972111553,544.1149101248984,2.6291210939700798,2.403344411293507,107955.67729083665,4,12,3,0
2017-12-02,356.0,83.99901191904453,20.182595387489176,63.16140184641713,1106.1752988047808,553.125900041827,3.2593971694146013,2.2095815386207605,107963.14741035858,5,12,2,2
2017-12-03,384.0,78.7087156014273,20.33412373749323,75.13588646190614,1106.2749003984063,622.4934661170564,8.082376324198053,1.911238050083539,107970.61752988049,6,12,1,2
2017-12-04,415.0,77.52168334382901,20.487034170865556,66.68742565170943,1106.3745019920318,622.1598785103233,5.1712047859877055,2.3403347006741386,107978.0876494024,0,12,3,1
2017-12-05,404.0,75.84948157483053,20.641281393870404,70.44995662091277,1106.4741035856573,616.1004217654753,0.9565173119097408,0.6283106100058339,107985.55776892431,1,12,3,0
2017-12-06,330.0,73.35894705122763,20.796819716800268,68.17175767200354,1106.5737051792828,496.69036951630653,6.116024867297691,2.1072863032242073,107993.02788844622,2,12,1,2
2017-12-07,215.0,80.52585675861445,20.95360306750982,70.47799800109597,1106.6733067729083,308.2283066018565,11.199656732427858,1.7559788712503348,108000.49800796813,3,12,1,0
2017-12-08,220.0,75.14600684670877,21.111585005062913,68.16093944517544,1106.7729083665338,293.58479444395965,5.854634944006885,2.187422198962452,108007.96812749005,4,12,1,1
2017-12-09,312.0,64.52929211531973,21.270718733489012,61.04360141207913,1106.8725099601593,453.8845303380927,3.1862416006040735,2.0125877577823115,108015.43824701196,5,12,0,0
2017-12-10,389.0,68.69858913364276,21.430957115644485,72.11941986594672,1106.9721115537848,555.6608323809654,5.408331418433921,0.9315881516243799,108022.90836653387,6,12,0,1
2017-12-11,406.0,73.27464489544863,21.59225268717527,64.3467117098429,1107.0717131474103,643.0820415611823,5.373444516858228,1.9585564888414133,108030.37848605578,0,12,3,2
2017-12-12,280.0,75.67271608053963,21.7545576705763,58.70797516554864,1107.1713147410358,417.6978061215352,6.205761757494828,0.7298951271637367,108037.84860557769,1,12,1,1
2017-12-13,263.0,73.75814556082868,21.917823989343674,64.02377621648309,1107.2709163346613,387.58161341905657,2.730551512762998,0.8886211912673315,108045.31872509961,2,12,3,0
2017-12-14,276.0,80.05385230786052,22.082003282215595,73.33979238874036,1107.3705179282867,431.7830764957561,0.8249130335061964,0.3589737213351427,108052.78884462152,3,12,3,0
2017-12-15,292.0,64.12096722105824,22.247046917497283,69.75701487557289,1107.4701195219122,415.56497794288225,2.3186818199353763,2.344183878353125,108060.25896414343,4,12,3,0
2017-12-16,228.0,74.51148667879261,22.41290600746637,63.430927313027965,1107.569721115538,326.66271923990894,3.8710518148600936,0.7984080721606757,108067.72908366534,5,12,0,2
2017-12-17,195.0,64.62033816163729,22.579531422853872,63.09464863270011,1107.6693227091632,293.8614453849724,7.646442295887889,1.3494939164114845,108075.19920318725,6,12,1,0
2017-12-18,223.0,77.42512457372236,22.746873807396994,62.898077129119095,1107.768924302789,355.07537982846964,5.688341050833635,1.0391988075188623,108082.66932270916,0,12,3,0
2017-12-19,291.0,73.0702646315606,22.914883592458757,74.55397273288669,1107.8685258964144,446.53370090337575,2.8502882875399114,2.4038274894004035,108090.13944223108,1,12,0,0
2017-12-20,378.0,75.55629435426515,23.083511011710907,65.74265523773595,1107.96812749004,571.9665028503176,3.267372347816557,0.9041180102523577,108097.609561753,2,12,2,1
2017-12-21,467.0,69.05423213911357,23.25270611587522,65.6447960042049,1108.0677290836654,702.0623547047203,0.2875985584641601,1.9685099714144536,108105.0796812749,3,12,2,0
2017-12-22,370.0,79.68611526452925,23.422418787518993,68.30657969512123,1108.167330677291,563.0047171105355,3.4423001546982444,2.152998771114832,108112.54980079681,4,12,3,1
2017-12-23,253.0,78.412323942344,23.592598755900486,64.0087482833316,1108.2669322709164,383.5330581025851,1.1661375065891657,1.1454555939543183,108120.01992031872,5,12,3,0
2017-12-24,309.0,76.0361237091297,23.76319561185948,61.178398047177524,1108.366533864542,442.9005545044613,11.186994870501914,1.007612354687035,108127.49003984063,6,12,1,1
2017-12-25,398.0,72.38533435430821,23.934158822749154,61.1499331090768,1108.4661354581674,597.921584432663,1.2191451184311362,1.894589970238307,108134.96015936256,0,12,1,1
2017-12-26,372.0,75.8465675527735,24.105437747404324,61.431118208121035,1108.565737051793,536.526226821645,0.20734298971973766,2.2909503527349617,108142.43027888447,1,12,3,2
2017-12-27,379.0,69.32704633449222,24.276981651142055,61.259925515166685,1108.6653386454184,570.1216508580164,1.9835691989704762,1.911836159373372,108149.90039840637,2,12,0,2
2017-12-28,398.0,77.05340843470874,24.448739720789625,64.74066827660565,1108.7649402390439,587.3870411702352,7.4832340629194345,0.6451032774204775,108157.37051792828,3,12,3,1
2017-12-29,399.0,80.93707393175157,24.62066107973606,61.01840726956438,1108.8645418326694,649.2876324556572,3.2874145011007045,2.2319385938504928,108164.8406374502,4,12,1,1
2017-12-30,421.0,77.95670539839477,24.792694803002323,64.07781078007325,1108.9641434262949,630.7021123249658,4.298393702327857,1.0301960018483993,108172.3107569721,5,12,1,2
2017-12-31,451.0,68.86959268480005,24.96478993232581,59.66683723480546,1109.0637450199204,648.4152086747682,1.4246405510582938,1.4829505882670424,108179.78087649403,6,12,0,1
2018-01-01,462.0,74.23863884073808,25.136895491254876,60.1193849690707,1109.1633466135459,690.3163957864615,2.705131855090184,2.0954454863025065,108187.25099601594,0,12,3,2
2018-01-02,439.0,65.87981203108255,25.308960500248407,49.391075576842645,1109.2629482071713,668.8871749127578,4.384696915110477,0.5521474417611812,108194.72111553785,1,12,1,2
2018-01-03,405.0,75.12148455999005,25.480933991776656,63.61977038995909,1109.3625498007968,640.9672789230505,1.800732973668271,1.9828243256261275,108202.19123505976,2,12,3,0
2018-01-04,394.0,74.42663455160353,25.65276502541835,60.42691232865326,1109.4621513944223,579.2109520012257,5.246962467506036,1.5307907149856261,108209.66135458167,3,12,1,0
2018-01-05,398.0,62.7387169508643,25.824402702949754,63.34124514339875,1109.5617529880478,565.3514405195272,2.140966420022056,2.2440199403862597,108217.13147410357,4,12,2,2
2018-01-06,403.0,66.19318268872748,25.99579618342143,43.527130742188696,1109.6613545816733,620.8367402286196,1.5145649488267978,0.5127289644245031,108224.6015936255,5,12,2,2
2018-01-07,384.0,70.50085816717234,26.166894698217654,68.10808412746833,1109.7609561752988,548.388025882007,5.181456864428071,1.1096373688982284,108232.07171314741,6,12,2,1
2018-01-08,314.0,70.32687748124847,26.337647566094795,56.62675672703454,1109.8605577689243,462.2768911698503,1.9627460115619977,2.0988234228804097,108239.54183266932,0,12,1,2
2018-01-09,373.0,65.6986132188092,26.508004208193555,62.52490566730047,1109.9601593625498,554.3475902897801,3.948851732662852,0.14615608829622442,108247.01195219123,1,12,0,2
2018-01-10,366.0,73.60593656525035,26.677914163021146,51.44464203833005,1110.0597609561753,547.6073309339978,3.4937614389487,0.36928328023754287,108254.48207171314,2,12,2,0
2018-01-11,318.0,72.8337044940034,26.847327101398307,59.36921532251623,1110.1593625498008,490.7832891414867,6.102123373414291,2.4773565106161635,108261.95219123505,3,12,1,2
2018-01-12,306.0,70.52055791942367,27.016192841367484,50.70053650139675,1110.2589641434263,445.32731435427223,3.7352857409915785,0.7729460286168413,108269.42231075697,4,12,3,1
2018-01-13,370.0,67.62881181767955,27.18446136305727,52.51223247040643,1110.3585657370518,549.5254149566648,4.5871703319649795,2.441303664937488,108276.89243027888,5,12,2,2
2018-01-14,365.0,76.56749422033343,27.35208282349877,64.8659911223364,1110.4581673306773,547.2145929410123,0.42695080354814313,0.5380757224208174,108284.36254980079,6,12,0,0
2018-01-15,352.0,79.51753177974658,27.519007571389793,54.008572853403685,1110.5577689243028,530.9919591503758,10.532716175779841,0.9666266632176055,108291.8326693227,0,12,0,0
2018-01-16,278.0,68.73959949986637,27.685186161801877,55.71679204229486,1110.6573705179283,418.95654349415844,4.47417196144551,1.9068866668085696,108299.30278884462,1,12,0,0
2018-01-17,350.0,68.01388072881261,27.850569370826577,58.64919991179062,1110.7569721115538,533.7201155044515,3.573292702834819,1.6786681773716283,108306.77290836653,2,12,3,0
2018-01-18,411.0,73.44848422198197,28.015108210156043,56.448193019550935,1110.8565737051792,633.3767901928347,0.5742479043678923,1.4946937598297334,108314.24302788846,3,12,3,2
2018-01-19,451.0,69.12047613046806,28.178753941594017,54.394586642529845,1110.9561752988047,684.3526823130194,8.51129464035971,1.3717580219320182,108321.71314741037,4,12,0,1
2018-01-20,351.0,70.13228495093762,28.34145809149244,55.14188882934624,1111.0557768924302,535.5717104701844,3.0222659020277143,2.1242570647953767,108329.18326693228,5,12,0,1
2018-01-21,310.0,74.44667952606838,28.503172465109984,65.01073299597141,1111.1553784860557,433.3555366650704,6.534157535345363,0.6638765508001425,108336.65338645419,6,12,0,1
2018-01-22,362.0,61.12129498201963,28.663849160887835,52.3842076930564,1111.2549800796812,544.0045539833136,2.2178925903141744,1.1619302247844443,108344.1235059761,0,12,3,2
2018-01-23,343.0,77.17979133194403,28.823440584638632,53.35861406429757,1111.3545816733067,524.0901509600321,3.015966743358781,0.4730855011754975,108351.59362549802,1,12,3,2
2018-01-24,286.0,70.87245288982446,28.9818994636445,57.28947305274906,1111.4541832669322,443.578823891409,0.7817921464769726,1.5302598297536905,108359.06374501993,2,12,1,2
2018-01-25,267.0,68.37294484685931,29.139178860659555,57.24927194347081,1111.5537848605577,386.65298451532414,5.345830792326863,0.7013066182511684,108366.53386454184,3,12,2,1
2018-01-26,263.0,69.90621313498607,29.295232187813365,57.34468715217517,1111.6533864541832,381.3192145022271,2.967144170446063,0.9012209544241259,108374.00398406375,4,12,3,2
2018-01-27,284.0,70.08714016489724,29.450013220410703,54.293624669324515,1111.7529880478087,414.51798649432806,6.974803446626473,1.2310017198964676,108381.47410358566,5,12,0,2
2018-01-28,334.0,61.5422554274634,29.603476110623955,45.07802321509967,1111.8525896414342,511.72827799782686,3.3437805189610814,0.16424940568750684,108388.94422310757,6,12,2,0
2018-01-29,332.0,77.5969034367294,29.75557540107353,58.65600685935842,1111.9521912350597,518.6776210984842,7.268986167858777,0.3206510462100104,108396.41434262949,0,12,3,0
2018-01-30,300.0,70.2534951422066,29.906266038292973,44.45574095832062,1112.0517928286852,441.850797854168,7.599429765579764,1.7462301296997271,108403.8844621514,1,12,2,1
2018-01-31,271.0,72.18725895919974,30.055503386074268,51.402170554046634,1112.1513944223107,424.659246272541,3.238990782388035,1.1295279537220175,108411.35458167331,2,12,1,0
2018-02-01,293.0,74.65612723352545,30.20324323868952,45.82213427252417,1112.2509960159362,441.96959618329186,2.040844911788437,2.175496532799749,108418.82470119522,3,12,3,0
2018-02-02,318.0,64.71946679520585,30.349441833985306,48.98042459906443,1112.3505976095616,474.5142844567513,0.2848376771549368,1.7672128087460788,108426.29482071713,4,12,0,0
2018-02-03,277.0,72.12033156200349,30.494055866345317,50.65570031882677,1112.4501992031871,411.2723154036406,1.4915812949514482,0.11944225995357388,108433.76494023904,5,12,0,2
2018-02-04,284.0,68.34327329574698,30.637042499518074,50.332701078215216,1112.5498007968126,440.93222729204314,13.649876498009966,1.5801095938411236,108441.23505976096,6,12,1,0
2018-02-05,313.0,73.84467418642974,30.77835937930543,50.55288501256556,1112.6494023904384,476.0115563357414,2.4641264224188246,0.3249396785433194,108448.70517928287,0,12,1,0
2018-02-06,324.0,58.90488057518828,30.91796464610848,56.23262705307627,1112.7490039840636,531.5165085529527,0.4228651262564567,1.9742396314971862,108456.17529880478,1,12,1,0
2018-02-07,287.0,68.97662002513036,31.055816947326615,50.15603761291667,1112.8486055776893,413.4555071400535,0.7845097545988214,2.479618451868405,108463.64541832669,2,12,1,2
2018-02-08,334.0,66.3899589962768,31.191875449606773,46.39546592433321,1112.9482071713148,511.3620340405995,2.9074925797172164,1.3748771061796277,108471.1155378486,3,12,1,1
2018-02-09,375.0,71.49826482770143,31.32609985093867,52.16823613956444,1113.0478087649403,551.9159798037697,1.451896104376633,1.7386708004659128,108478.58565737051,4,12,3,2
2018-02-10,378.0,71.62099574054467,31.458450392592674,53.03045165943786,1113.1474103585658,549.6142602602271,3.5247056145266784,0.6695539861474037,108486.05577689243,5,12,3,2
2018-02-11,350.0,65.66742659044142,31.58888787089687,40.6841851825213,1113.2470119521913,524.7826572593005,1.14765483629029,1.1502345850091047,108493.52589641434,6,12,2,0
2018-02-12,218.0,65.58044385469505,31.717373648849478,49.55225305155034,1113.3466135458168,329.7470495881407,2.884217271517377,2.154628797367321,108500.99601593625,0,12,1,1
2018-02-13,189.0,68.52473832343154,31.843869667563638,49.818124376427214,1113.4462151394423,341.86347110120187,11.771275674816685,0.5018150745910029,108508.46613545816,1,12,0,0
2018-02-14,217.0,64.53261963465353,31.968338457540845,44.57550556811835,1113.5458167330678,321.81708368633593,2.352131499748767,0.737285453473029,108515.93625498007,2,12,0,0
2018-02-15,189.0,73.16454690237572,32.09074314976981,52.69704776701848,1113.6454183266933,260.89642541030634,3.0045773918130148,1.1690408206864724,108523.40637450198,3,12,1,1
2018-02-16,248.0,67.048440254439,32.211047486647544,44.827627091542276,1113.7450199203188,377.46021434988774,2.8372883001383604,1.8093973404256336,108530.8764940239,4,12,1,1
2018-02-17,277.0,54.300450987032235,32.32921583271913,45.969450601919455,1113.8446215139443,374.00719924907264,3.8045840110426674,1.0021214915096173,108538.34661354581,5,12,1,2
2018-02-18,284.0,66.90328312427427,32.44521318523339,44.24421450811387,1113.9442231075698,424.1608643479147,4.694094511978956,2.326557471479209,108545.81673306772,6,12,1,1
2018-02-19,321.0,63.5277783035246,32.55900518451109,44.95988486888515,1114.0438247011953,481.8205056459032,4.042609188942688,0.32669692304492604,108553.28685258963,0,12,1,2
2018-02-20,335.0,60.50834186063393,32.6705581241227,39.177508317278594,1114.1434262948208,518.3920076589043,3.59904351335489,0.989930074107634,108560.75697211154,1,12,0,2
2018-02-21,347.0,62.4229473284509,32.779838960872475,37.240067665283576,1114.2430278884462,539.972444988557,2.810858772805489,1.8014898962282127,108568.22709163347,2,12,2,0
2018-02-22,333.0,69.10363469687168,32.88681532458632,52.198894666952214,1114.3426294820717,489.42860762184563,5.589111298395884,0.6423682375875819,108575.69721115539,3,12,1,0
2018-02-23,331.0,75.14747637739107,32.991455527700154,39.78228220300805,1114.4422310756972,493.4877197074013,1.3902286170816534,1.6753915221512152,108583.1673306773,4,12,1,0
2018-02-24,347.0,70.01905808200186,33.09372857464607,38.85558110342632,1114.5418326693227,505.17758338778657,2.213208319420334,0.4941206997456302,108590.63745019921,5,12,1,1
2018-02-25,317.0,65.37068097340446,33.193604171033684,32.84584108991406,1114.6414342629482,452.93874890384615,0.7842919443131766,0.23435268366804732,108598.10756972112,6,12,3,1
2018-02-26,170.0,70.63399460954176,33.29105273262351,40.22308579630546,1114.7410358565737,261.19789558761266,4.440180950920824,0.39043772019675727,108605.57768924303,0,12,0,2
2018-02-27,167.0,66.01152575185993,33.38604539409022,36.61246024478207,1114.8406374501992,225.028289028068,5.423323020232079,2.331963479521923,108613.04780876495,1,12,0,2
2018-02-28,274.0,64.78772114539785,33.47855401757284,51.25296776553617,1114.9402390438247,402.7074619885627,1.5384035576154793,1.4242021190549232,108620.51792828686,2,12,2,2
2018-03-01,293.0,62.44391105833031,33.568551201009555,47.91198304469406,1115.0398406374502,419.5965208020153,4.836885003159182,2.0112298611511576,108627.98804780877,3,12,3,1
2018-03-02,300.0,59.412850823114205,33.656010286254386,39.24722770160261,1115.1394422310757,460.9936637258052,0.5026009623796353,0.8983708021721228,108635.45816733068,4,12,3,2
2018-03-03,244.0,66.17992878371591,33.74090536697371,53.780368292774114,1115.2390438247012,402.0286019853298,1.3535760876894247,1.522380754925072,108642.92828685259,5,12,3,2
2018-03-04,205.0,68.87866180144067,33.82321129631997,47.262404842318034,1115.3386454183267,281.46824034393336,1.2118104742100706,1.28788512089198,108650.3984063745,6,12,2,1
2018-03-05,180.0,67.56542980273534,33.90290369438041,40.57003569369606,1115.4382470119522,232.93963034204862,3.886441481776199,2.3697711025655055,108657.86852589643,0,12,2,0
2018-03-06,170.0,65.93018588256382,33.979958955398786,29.54305351483456,1115.5378486055777,252.50226229299867,2.1843008693735597,1.8941791265298649,108665.33864541833,1,12,2,1
2018-03-07,192.0,63.244092569132356,34.05435425476749,53.346004353418735,1115.6374501992032,288.31395591915515,16.14954239284233,1.8533023155917898,108672.80876494024,2,12,3,2
2018-03-08,262.0,70.97819718053057,34.126067555788566,34.80000255460489,1115.7370517928287,397.37318613514594,2.353237942247361,0.21124784664227086,108680.27888446215,3,12,0,0
2018-03-09,316.0,61.3168015921665,34.19507761620116,33.38285103281322,1115.8366533864541,465.0735896953131,2.7147154185799516,1.4192072056088587,108687.74900398406,4,12,3,1
2018-03-10,207.0,71.7494575719805,34.26136399447377,46.59012417110066,1115.9362549800796,306.4872140234914,7.829747509757019,1.2207794893643558,108695.21912350597,5,12,2,0
2018-03-11,179.0,62.82646137743679,34.32490705585916,53.54894791997805,1116.0358565737051,275.85020821081207,1.6517564653363366,2.326821439854867,108702.6892430279,6,12,3,0
2018-03-12,236.0,64.0449798241296,34.38568797821045,48.1499881361317,1116.1354581673306,374.80861785289676,2.731210559499659,0.7176207716548774,108710.1593625498,0,12,1,2
2018-03-13,241.0,60.444229668143386,34.443688757556444,43.93216808514891,1116.2350597609561,322.39902459363435,7.3203345270234355,0.7476002878986263,108717.62948207172,1,12,3,1
2018-03-14,287.0,65.24354315885455,34.49889221343455,43.97598728145733,1116.3346613545816,423.12121121937076,2.3284104778706127,1.087230997315601,108725.09960159363,2,12,3,2
2018-03-15,314.0,72.60092129539994,34.55128199397991,45.16451380594171,1116.434262948207,475.2761758788213,0.6528499233087586,0.6840873121753024,108732.56972111553,3,12,0,1
2018-03-16,269.0,70.27771915183533,34.6008425807689,44.59295778739603,1116.5338645418326,385.1404779077853,7.846487777979524,0.41004140274099876,108740.03984063744,4,12,0,1
2018-03-17,218.0,72.56833091343223,34.647559293415895,42.11083853301509,1116.633466135458,361.623392635346,3.5968190288168977,2.157795631961922,108747.50996015937,5,12,0,1
2018-03-18,177.0,70.26500358270879,34.6914182939218,41.13816893191578,1116.7330677290836,252.79180239542526,3.3151868152466886,1.439863658569398,108754.98007968128,6,12,1,0
2018-03-19,177.0,62.11544756196167,34.73240659077297,40.22222117895645,1116.832669322709,264.67414625985435,8.229813910122811,2.1672705254957605,108762.45019920319,0,12,0,0
2018-03-20,224.0,65.96079785696749,34.77051204278945,36.68915297008772,1116.9322709163346,347.1204419368458,3.4818068608536423,2.09472343696887,108769.9203187251,1,12,1,2
2018-03-21,302.0,63.69614267305204,34.805723362721295,38.98517789022354,1117.03187250996,441.1743042239621,1.3426579182750507,0.7769016514952106,108777.390438247,2,12,2,1
2018-03-22,226.0,74.23385945989916,34.83803012059205,31.85915568783897,1117.1314741035856,302.06853904391164,6.072347142583776,1.4145698663782575,108784.86055776892,3,12,0,1
2018-03-23,171.0,61.582345394474366,34.867422746788144,39.773456372449964,1117.231075697211,247.92690946166934,2.5871346354670015,0.29972248657616907,108792.33067729084,4,12,3,0
2018-03-24,183.0,72.02154217949877,34.89389253489358,35.26925939445825,1117.3306772908365,295.08881111854083,2.7068555184133536,2.29660452167382,108799.80079681275,5,12,3,1
2018-03-25,202.0,72.00605352840944,34.91743164426881,34.647190125383524,1117.430278884462,296.26209746429726,12.212734733960339,1.0702305161563674,108807.27091633466,6,12,1,2
2018-03-26,203.0,76.67908445739381,34.938033102373254,41.02340455102088,1117.5298804780878,287.5713139708204,5.125638728635409,1.0448228413336513,108814.74103585657,0,12,0,1
2018-03-27,246.0,65.4737216334372,34.95569080683064,47.04862981806172,1117.629482071713,387.51344419005443,3.4287824069842663,0.8266128894830876,108822.21115537848,1,12,3,1
2018-03-28,293.0,71.07641103428253,34.97039952723657,44.65078397553842,1117.7290836653387,432.88450207953895,9.8571146604234,1.2055929873056892,108829.68127490039,2,12,2,0
2018-03-29,238.0,78.91718172934027,34.98215490670789,32.183187168468336,1117.8286852589642,346.79678372699567,0.9810840137483181,0.7042225277090752,108837.15139442231,3,12,0,1
2018-03-30,234.0,64.41631488374496,34.990953463173135,35.069952390802044,1117.9282868525897,353.9891217932662,3.2504947399871162,0.9996454547123309,108844.62151394422,4,12,2,2
2018-03-31,269.0,59.82640246713618,34.996792590404056,44.71027075913297,1118.0278884462152,418.91500419237576,2.2548915768739652,2.0198729166037164,108852.09163346613,5,12,3,2
2018-04-01,217.0,58.10011455106739,34.99967055878758,35.088221914733296,1118.1274900398407,373.13427063465093,1.8134025366147366,2.1022132086044123,108859.56175298804,6,12,0,2
2018-04-02,217.0,71.06376688638761,34.99958651583811,38.87766121833866,1118.2270916334662,342.0447221531485,4.484784204263235,0.8300379463084386,108867.03187250995,0,12,1,2
2018-04-03,239.0,58.08597871648203,34.996540486450094,42.75717952222257,1118.3266932270917,381.6967993277669,2.252444366171641,1.225634633326691,108874.50199203187,1,12,3,0
2018-04-04,244.0,65.64313804886508,34.99053337289061,35.17721097990061,1118.4262948207172,355.8806760202429,4.169931685717854,2.1971674630721254,108881.97211155378,2,12,2,1
2018-04-05,329.0,69.69578245792874,34.98156695453212,40.56374362166556,1118.5258964143427,472.98263788061047,2.9732030735219723,0.22641599639127313,108889.44223107569,3,12,0,0
2018-04-06,271.0,68.44105574048687,34.969643887325404,33.39058475075817,1118.6254980079682,407.74662699238246,2.951212851923301,2.233947908789885,108896.9123505976,4,12,2,2
2018-04-07,170.0,69.64984046941444,34.954767703012834,37.08362637421826,1118.7250996015937,257.1433983051919,1.6857182365009087,0.626042429565596,108904.38247011951,5,12,2,1
2018-04-08,142.0,68.64297787496317,34.93694280808222,41.72502405454824,1118.8247011952192,191.42974517270807,12.644513892087389,1.728494186114502,108911.85258964142,6,12,1,0
2018-04-09,133.0,73.93624182533617,34.91617448246159,32.20268236741847,1118.9243027888447,195.99410940191973,1.2093829907345948,1.4981240713230406,108919.32270916336,0,12,1,1
2018-04-10,205.0,62.792183657328415,34.8924688779552,42.41743593389159,1119.0239043824702,315.4863520343826,2.2530813803360914,1.427057795654205,108926.79282868527,1,12,3,2
2018-04-11,179.0,64.18210779949669,34.8658330164213,40.170144972524,1119.1235059760957,275.7078679003616,6.297655905684278,2.162464539406771,108934.26294820718,2,12,1,2
2018-04-12,135.0,63.7185653797998,34.836274787692176,43.089900196701386,1119.2231075697212,212.58575706768545,2.7167431337248984,0.343773144747187,108941.73306772909,3,12,1,1
2018-04-13,201.0,71.7490575856945,34.803802947237116,41.51196477584907,1119.3227091633466,307.31929460274887,4.016303921591721,0.9328672607815265,108949.203187251,4,12,3,1
2018-04-14,233.0,72.11777938519084,34.76842711356895,47.283847922731326,1119.4223107569721,339.3598268145989,6.219746776285451,1.3918065912274376,108956.67330677291,5,12,3,2
2018-04-15,240.0,69.89104771389508,34.730157765394914,41.16580698244971,1119.5219123505976,349.72198746702315,3.1768436533988265,2.047093249470495,108964.14342629483,6,12,3,0
2018-04-16,296.0,73.57296521519326,34.68900623851274,38.47495981734826,1119.6215139442231,420.0209720401225,3.469386361470209,0.6194634001880116,108971.61354581674,0,12,3,2
2018-04-17,266.0,61.78730330189165,34.64498472245291,41.3215180702556,1119.7211155378486,434.6955007837019,5.085275461962665,2.027031619298263,108979.08366533865,1,12,2,1
2018-04-18,216.0,76.03706742932172,34.59810625686795,43.520277631446035,1119.820717131474,324.2690072923859,4.573225717585254,1.0591323579854457,108986.55378486056,2,12,2,0
2018-04-19,242.0,75.34200074472632,34.548384727669955,41.147530896288615,1119.9203187250996,358.50293888410295,1.7444853936480758,0.5533932554408689,108994.02390438247,3,12,3,2
2018-04-20,271.0,71.43019255477002,34.49583486291742,41.21128873018457,1120.019920318725,387.9241583709508,9.082751820609516,1.9215674570643584,109001.49402390438,4,12,3,1
2018-04-21,444.0,76.68875842962898,34.44047222845265,37.60909710406093,1120.1195219123506,724.7131580465556,0.6425650110379875,0.3181573635389148,109008.9641434263,5,12,0,1
2018-04-22,302.0,59.52572734996565,34.38231322329095,37.92086896566336,1120.219123505976,431.5334393555421,2.6855990748281884,1.335441697781063,109016.43426294821,6,12,0,1
2018-04-23,197.0,65.21707178130518,34.321375074763125,34.34422349147528,1120.3187250996016,286.92304148787855,5.5460690160579,0.2533018812685322,109023.90438247012,0,12,0,0
2018-04-24,242.0,64.194644779884,34.25767583341248,50.23253204910974,1120.418326693227,371.3167367257212,1.228479937085447,0.9554028523786902,109031.37450199203,1,12,1,0
2018-04-25,287.0,71.51177943496268,34.191234367648086,35.3982150877474,1120.5179282868526,442.50425931488553,0.4473311067958625,1.5425843176153424,109038.84462151394,2,12,2,0
2018-04-26,329.0,62.688261122911385,34.12207035815577,38.29133329470893,1120.617529880478,512.6586411043137,6.115124454000628,1.4346772995693116,109046.31474103585,3,12,2,0
2018-04-27,351.0,71.7623736006532,34.05020429206846,38.3075550880171,1120.7171314741036,562.6521701553853,4.488977786103971,1.0711730029711997,109053.78486055777,4,12,0,1
2018-04-28,288.0,74.86485199153472,33.97565745689768,46.523306970926846,1120.816733067729,442.12315310921423,1.84235889641489,1.1297151855330776,109061.25498007968,5,12,0,1
2018-04-29,259.0,71.52678853330603,33.89845193422793,40.728347740084004,1120.9163346613545,367.3793840006666,3.2861620453548803,0.6442469280418397,109068.7250996016,6,12,2,0
2018-04-30,221.0,69.50944982171953,33.81861059317594,48.60148917701679,1121.01593625498,326.36109749756434,1.9248553265673385,1.194118212217847,109076.1952191235,0,12,1,0
2018-05-01,173.0,63.19255475368798,33.73615708361653,39.16023271154759,1121.1155378486055,265.6566474502777,6.786494877402172,2.3878116537300023,109083.66533864541,1,12,0,1
2018-05-02,161.0,63.94018725478452,33.65111582917731,44.092739152764395,1121.215139442231,282.8645208301165,5.66239636969322,2.141087002681097,109091.13545816732,2,12,3,2
2018-05-03,167.0,74.46633851648129,33.56351202000408,38.69624069369305,1121.3147410358565,222.54389043151406,3.795788036041775,0.4485588857832251,109098.60557768925,3,12,0,2
2018-05-04,146.0,72.16005921687703,33.47337160529926,53.77900242826841,1121.414342629482,243.05153010450454,5.0906140809686,0.17147388957021026,109106.07569721116,4,12,2,1
2018-05-05,174.0,68.11454176029454,33.380721285635474,37.30056533358149,1121.5139442231075,264.59828739092836,4.20258390035581,2.3404583505199135,109113.54581673307,5,12,2,0
2018-05-06,280.0,66.26765801864728,33.285588505046526,44.97792654104209,1121.613545816733,436.7566107045896,1.3542375262797863,1.3641993997137944,109121.01593625497,6,12,0,0
2018-05-07,243.0,58.27695991299401,33.188001442898205,46.792881518864085,1121.7131474103585,362.46010566728137,0.6306339180677376,1.3908107755583385,109128.48605577688,0,12,0,1
2018-05-08,252.0,63.10174340380722,33.087989005541175,45.89301747617514,1121.812749003984,361.1513473974735,5.617971557907531,1.9737231896956535,109135.95617529881,1,12,3,2
2018-05-09,168.0,78.06430502682426,32.985580817748705,43.10240007011405,1121.9123505976095,267.0174555880266,6.750529825910019,0.8552535372911837,109143.42629482072,2,12,3,1
2018-05-10,218.0,62.15731853801696,32.88080721394142,43.589282073450036,1122.011952191235,340.08862054211244,1.9554473725421229,1.2565781652064052,109150.89641434263,3,12,1,1
2018-05-11,292.0,69.56054949150445,32.773699229201924,44.6716589014917,1122.1115537848605,457.44113931479444,10.709934093949427,2.4247909915521704,109158.36653386454,4,12,1,1
2018-05-12,330.0,73.70507557093504,32.66428859008191,43.936412811693735,1122.211155378486,494.7339072924273,3.629294531678502,1.7131568486377773,109165.83665338645,5,12,3,0
2018-05-13,285.0,62.44908280738638,32.552607705204316,49.714180173565914,1122.3107569721114,415.50355953360304,0.43179550892250435,0.4689880767898862,109173.30677290836,6,12,1,0
2018-05-14,174.0,69.70420754607359,32.43868965566366,56.17523569662944,1122.410358565737,229.82426009952317,5.203755010899357,0.4197441951624479,109180.77689243028,0,12,1,0
2018-05-15,173.0,73.5282935949398,32.32256818522697,42.56740470450689,1122.5099601593624,275.88746536278813,14.051535611581828,0.5902354199992129,109188.24701195219,1,12,0,2
2018-05-16,194.0,68.96035776436698,32.20427769033856,38.7424297214275,1122.6095617529882,299.4777896488797,3.0417200742551116,1.9401080186097222,109195.71713147411,2,12,3,1
2018-05-17,240.0,83.30008867336814,32.083853209931405,45.39088333838092,1122.7091633466134,340.6843473427208,4.187884332851882,0.8089048092174784,109203.18725099602,3,12,0,1
2018-05-18,254.0,60.67633849808491,31.96133041504821,58.975885858175175,1122.8087649402391,370.2285265340675,10.720763481314288,0.1513332320201915,109210.65737051793,4,12,0,2
2018-05-19,270.0,74.37526985028174,31.836745598275307,42.30813596360073,1122.9083665338646,395.6648237609712,0.4135469448096718,2.3660184724135886,109218.12749003984,5,12,1,0
2018-05-20,231.0,68.2809234815215,31.71013566299237,54.77531270123559,1123.0079681274901,316.8403113603516,0.7597348528601688,0.5073121993477856,109225.59760956177,6,12,0,1
2018-05-21,208.0,73.06883171796275,31.581538112441258,55.22542784549969,1123.1075697211156,295.64635206789734,3.6761139532839744,0.1229396467553646,109233.06772908368,0,12,2,2
2018-05-22,207.0,71.48104023918772,31.450991038617033,44.33007671422596,1123.2071713147411,287.8233928638729,2.027822951971481,0.6691158457199751,109240.53784860559,1,12,1,0
2018-05-23,306.0,65.67495245895758,31.318533110984873,50.20784917395663,1123.3067729083666,450.7504197622413,3.6830914596776543,0.6640690890835208,109248.0079681275,2,12,2,0
2018-05-24,303.0,70.55288017978388,31.184203565025634,55.77357598559142,1123.406374501992,439.72605003340874,1.5749376862341584,1.1128126020297353,109255.4780876494,3,12,1,1
2018-05-25,260.0,60.186471647701616,31.048042190613902,46.00827691383476,1123.5059760956176,357.459901582665,8.646062136516843,2.3089355956000883,109262.94820717131,4,12,0,0
2018-05-26,244.0,72.56119284274105,30.91008932023184,47.16191955902451,1123.605577689243,406.4518046113896,5.432251197885303,2.210043802669835,109270.41832669324,5,12,1,2
2018-05-27,268.0,71.10559942144155,30.77038581702214,45.5508237962125,1123.7051792828686,427.0508146205846,4.968603553108755,1.196546931957827,109277.88844621515,6,12,2,0
2018-05-28,276.0,72.87881431187346,30.628973062684096,43.668270221167475,1123.804780876494,398.4196115696003,3.0569841595225804,1.0861597719803355,109285.35856573706,0,12,1,1
2018-05-29,303.0,75.04764515282787,30.48589294521576,45.78182638423844,1123.9043824701196,459.9484279330722,2.78457688949431,1.4320218075396431,109292.82868525897,1,12,2,2
2018-05-30,272.0,71.66750527779537,30.34118784650635,43.19792297317601,1124.003984063745,416.3493017964259,1.1098817872814593,0.6842896287322378,109300.29880478088,2,12,3,0
2018-05-31,223.0,70.64299678410032,30.194900629782122,49.780616081731885,1124.1035856573706,358.3217170954695,8.991328079305593,0.22524398071927082,109307.76892430279,3,12,0,0
2018-06-01,196.0,65.57112100323853,30.047074626910025,46.055984590886744,1124.203187250996,277.62789946679845,4.819446684156041,2.354137926810896,109315.23904382471,4,12,2,0
2018-06-02,183.0,66.49001936897365,29.89775362556218,51.37342230782937,1124.3027888446215,296.34213567964855,2.344102835848395,0.5480775637052145,109322.70916334662,5,12,3,2
2018-06-03,154.0,76.06018217276387,29.746981856245554,42.72655805649075,1124.402390438247,220.0418939158613,5.884056076363173,0.5761617501897193,109330.17928286853,6,12,0,0
2018-06-04,170.0,77.38427503892969,29.594803979200403,52.46479320267148,1124.5019920318725,228.28275191662772,5.809721219051331,1.2339047892494743,109337.64940239044,0,12,3,1
2018-06-05,160.0,69.08881528285407,29.44126507117133,55.28511466570196,1124.601593625498,254.48273118628995,4.672107732115197,1.2798720276167936,109345.11952191235,1,12,2,2
2018-06-06,146.0,70.58680843023876,29.28641061205522,41.45850056303228,1124.7011952191235,244.81516848244857,10.264661751786115,0.14424210328178066,109352.58964143426,2,12,0,2
2018-06-07,166.0,65.91178488931642,29.130286471429493,53.609709906378875,1124.800796812749,300.7581794706137,7.595930959167441,0.45509137305752967,109360.05976095618,3,12,3,0
2018-06-08,180.0,76.37731477885468,28.972938894965097,58.19246717243627,1124.9003984063745,246.00549469819572,5.572399613439728,1.0075715645457801,109367.52988047809,4,12,2,2
2018-06-09,153.0,73.91987687309495,28.8144144907279,46.32296592508818,1125.0,243.47839370161577,2.706610005154096,1.7409536644252939,109375.0,5,12,3,1
2018-06-10,153.0,80.3787070746322,28.65476021537306,61.0533415034424,1125.0996015936255,221.30397512412935,2.534016151137884,0.648204296396646,109382.47011952191,6,12,0,2
2018-06-11,186.0,66.36137293398339,28.494023360235854,55.107048326358516,1125.199203187251,294.66717421048065,7.555320816448766,1.1152346709802303,109389.94023904382,0,12,0,1
2018-06-12,285.0,68.94383473624717,28.332251537323472,49.81043764656101,1125.2988047808765,398.090208975375,8.417513604591147,1.4376281553195205,109397.41035856574,1,12,0,0
2018-06-13,453.0,72.07248328002193,28.169492665211862,53.382169281287744,1125.398406374502,654.2446044860287,15.08579557993428,2.232621987095901,109404.88047808765,2,12,2,2
2018-06-14,522.0,74.22955021120305,28.005794954851602,56.78004465290541,1125.4980079681275,767.4825035366704,3.5280851875950945,0.8825692055850959,109412.35059760956,3,12,3,1
2018-06-15,593.0,70.00105836461809,27.841206895287478,54.6976131664871,1125.597609561753,891.0792809133617,3.589396294799685,0.4205398380723604,109419.82071713147,4,12,3,0
2018-06-16,531.0,66.79730592808382,27.675777239295382,57.34222548364108,1125.6972111553785,783.6783746692329,1.0163918137346581,1.2742533421542597,109427.29083665338,5,12,2,1
2018-06-17,384.0,75.65226015014723,27.509554988941257,50.37752205672065,1125.796812749004,589.1810868782684,10.221821254137295,1.8921318440417492,109434.76095617529,6,12,0,2
2018-06-18,179.0,74.93438212219489,27.34258938106604,56.161625358048305,1125.8964143426294,289.0378923651583,4.5941248567011135,0.36366341692656023,109442.23107569721,0,12,1,2
2018-06-19,146.0,66.8311645608307,27.174929872701355,48.58156777007239,1125.996015936255,230.9915508249071,10.659137369917826,1.119240380072705,109449.70119521912,1,12,0,1
2018-06-20,175.0,78.27390094231764,27.00662612641968,55.43061744041714,1126.0956175298804,294.8757527932174,0.8784847941714746,0.14268433902996022,109457.17131474103,2,12,1,0
2018-06-21,221.0,77.43212954817113,26.837727995623776,51.8050058014285,1126.195219123506,339.8165325891069,3.0370179733887297,0.18054203595340274,109464.64143426294,3,12,0,0
2018-06-22,249.0,72.33733973134915,26.66828550977961,52.98577926749194,1126.2948207171314,349.16206579319663,2.872967961703561,1.2590880717199975,109472.11155378485,4,12,2,0
2018-06-23,228.0,72.14881488208171,26.498348859596938,63.183768156858314,1126.394422310757,369.26753027076677,5.8546951501170215,0.8156735155622306,109479.58167330676,5,12,1,0
2018-06-24,194.0,74.6063046644983,26.327968382162478,62.80061383864639,1126.4940239043824,278.89687528788005,4.39455055801843,2.128257517612989,109487.05179282869,6,12,2,1
2018-06-25,168.0,67.61288737570402,26.157194546029377,60.73130151247713,1126.593625498008,270.2083699937114,4.994057739534416,1.5451703347034902,109494.5219123506,0,12,1,2
2018-06-26,128.0,72.15711842768646,25.98607793626792,52.56628030410126,1126.6932270916334,223.47468433110214,2.031267940610775,1.189439108183177,109501.9920318725,1,12,3,1
2018-06-27,126.0,61.33074765721325,25.814669239481706,56.78861927256258,1126.7928286852589,198.13376021460797,4.515819433804297,1.0790448905303112,109509.46215139441,2,12,1,2
2018-06-28,99.0,76.56076861311789,25.643019228793584,64.77945004230875,1126.8924302788844,118.57682373670701,5.784135282790469,1.293389152454952,109516.93227091632,3,12,1,2
2018-06-29,90.0,64.45694451338754,25.471178748806317,59.76622707058689,1126.9920318725099,116.63575666980417,3.386707779328607,0.19705319491038722,109524.40239043823,4,12,1,1
2018-06-30,113.0,79.86749979187414,25.299198700541712,70.99825029882504,1127.0916334661354,195.9548893377027,2.2742545677570147,2.242704055409584,109531.87250996016,5,12,3,1
2018-07-01,102.0,70.78583451698611,25.12713002636326,61.71232914424534,1127.1912350597609,149.61754628714368,1.2701442557847393,2.4959275737615,109539.34262948207,6,12,2,0
2018-07-02,111.0,71.46415324290096,24.9550236948863,61.050198192677556,1127.2908366533864,168.09147069884332,6.610295933455122,0.5355690996608768,109546.81274900399,0,12,3,2
2018-07-03,122.0,69.46986512663707,24.782930685880782,58.888556307225926,1127.3904382470118,198.1764883232722,4.638665991822806,0.3889191154590874,109554.2828685259,1,12,1,0
2018-07-04,128.0,71.25435464280444,24.61090197517036,61.44590057357069,1127.4900398406376,205.92645724160647,15.952341943089897,0.4445859122766286,109561.75298804781,2,12,0,0
2018-07-05,130.0,79.87316246597376,24.43898851953284,60.3596737790316,1127.5896414342628,200.5759962477092,7.444090576824029,1.6864649397624811,109569.22310756972,3,12,3,1
2018-07-06,147.0,60.427336096521486,24.267241241606236,65.00606090023048,1127.6892430278886,216.32663257559068,0.8511273762457289,1.6874580122818594,109576.69322709164,4,12,0,0
2018-07-07,155.0,79.33697142303852,24.095711014804827,66.59208955436327,1127.7888446215138,226.24663108535285,0.8983208630712888,2.1350179894681864,109584.16334661355,5,12,3,0
2018-07-08,176.0,74.7278930813835,23.924448648250085,58.221155400960086,1127.8884462151395,281.15797650582687,5.897660393762114,1.904383332223008,109591.63346613546,6,12,3,0
2018-07-09,168.0,67.08813932485377,23.753504871720317,55.83682548877047,1127.988047808765,263.0713906213559,5.9501405777759535,1.1792552160864154,109599.10358565737,0,12,1,1
2018-07-10,140.0,67.83197287444179,23.582930320624044,53.653112493235426,1128.0876494023905,204.85399998764422,3.1784706574490253,1.5708528677567652,109606.57370517928,1,12,2,0
2018-07-11,111.0,81.67557737554048,23.41277552100107,65.71440559256058,1128.187250996016,188.14224625986282,6.512176027271054,1.751883208883219,109614.04382470119,2,12,2,0
2018-07-12,130.0,68.65092016300817,23.24309087455636,57.99698522001792,1128.2868525896415,192.41931769740432,4.6139082875383695,1.3305675286845404,109621.51394422312,3,12,1,1
2018-07-13,109.0,67.69628412515503,23.073926643730342,53.0876937477769,1128.386454183267,146.46675651331213,3.8259840001407626,1.241562362683928,109628.98406374503,4,12,3,1
2018-07-14,96.0,79.2339062434183,22.905332936810677,66.13222714903345,1128.4860557768925,128.8205860219331,7.292814049792577,1.648233869542368,109636.45418326693,5,12,2,1
2018-07-15,92.0,75.32408453488473,22.73735969308966,76.99027820098463,1128.585657370518,118.42518327380468,0.22091729352464687,1.437938917541569,109643.92430278884,6,12,2,2
2018-07-16,95.0,69.02534378328224,22.570056668071533,64.82953210615747,1128.6852589641435,137.05179966792625,9.72419130615403,1.6454615328061848,109651.39442231075,0,12,2,1
2018-07-17,105.0,74.88138816765581,22.403473418734553,69.38550703478911,1128.784860557769,182.17448556672386,12.345421372927985,1.5708514575120733,109658.86454183268,1,12,1,2
2018-07-18,114.0,68.75240693737284,22.237659288851543,65.93382821503474,1128.8844621513945,154.8980963793898,0.9492367720848587,1.8260717452327713,109666.33466135459,2,12,0,1
2018-07-19,106.0,79.46777529492611,22.072663394373816,65.36022494529665,1128.98406374502,162.76951522036205,5.919240009991782,1.6427284210789026,109673.8047808765,3,12,0,1
2018-07-20,90.0,79.35258751992451,21.90853460888233,70.77831319717417,1129.0836653386455,121.86621308745174,1.336325379792995,1.3473819674494416,109681.2749003984,4,12,0,1
2018-07-21,114.0,76.7873702195542,21.745321549111026,65.0579841808347,1129.183266932271,165.79381917457124,1.9399547635935763,1.7363123470825277,109688.74501992032,5,12,0,2
2018-07-22,87.0,76.01676902596215,21.58307256054588,68.17081644926776,1129.2828685258964,100.29917576029496,1.9808672164105654,1.1787567164450274,109696.21513944223,6,12,0,0
2018-07-23,80.0,83.09502277278463,21.421835703104467,68.76481762477114,1129.382470119522,115.58923541686926,4.628803346097429,0.6800109423342424,109703.68525896415,0,12,2,1
2018-07-24,101.0,74.36760226849105,21.26165873690014,64.13623025798447,1129.4820717131474,147.62589240390076,4.243764352471968,0.1034037283213971,109711.15537848606,1,12,2,2
2018-07-25,90.0,68.53933481884857,21.10258910809483,72.75503353149296,1129.581673306773,145.8057588807139,2.8336116270975027,1.4439139531500238,109718.62549800797,2,12,3,1
2018-07-26,90.0,76.77503259673895,20.944673934845152,67.23585334683264,1129.6812749003984,139.46561826510742,0.4960748545209856,1.5175725438607384,109726.09561752988,3,12,2,0
2018-07-27,68.0,85.03625525101288,20.787959993345396,64.64535421584499,1129.780876494024,78.0321575009591,2.33356472575333,2.4329175154617144,109733.56573705179,4,12,1,2
2018-07-28,71.0,69.60995568208477,20.632493703971942,71.41756180990812,1129.8804780876494,128.18396488087086,9.72121292298862,0.9675480018262612,109741.0358565737,5,12,3,1
2018-07-29,100.0,72.9535256077636,20.478321117532936,64.55101785597894,1129.980079681275,154.20606080443991,5.909514782359201,1.0459197827879483,109748.50597609562,6,12,2,1
2018-07-30,122.0,76.9194862396934,20.325487901627717,69.4899299835902,1130.0796812749004,186.96787034354972,1.4662467631268516,0.5843189952212565,109755.97609561753,0,12,3,1
2018-07-31,135.0,74.6434560914116,20.174039327119445,69.60632636254009,1130.179282868526,202.31635293229724,3.918205335995822,0.2692823085695726,109763.44621513944,1,12,3,0
2018-08-01,155.0,70.07647197075072,20.02402025472543,75.38143731970703,1130.2788844621514,222.1448510555556,2.9086937875914027,1.9547307828681775,109770.91633466135,2,12,0,2
2018-08-02,215.0,80.67155172028791,19.875475121728904,72.62254092094196,1130.3784860557769,326.85604679497453,10.264635174704116,0.69923455441438,109778.38645418326,3,12,3,1
2018-08-03,228.0,86.73597964567824,19.72844792881611,70.41796934864206,1130.4780876494024,351.51176871857166,2.9103520145464494,1.5613716664720911,109785.85657370517,4,12,2,1
2018-08-04,215.0,76.18916618159804,19.582982227042997,74.92286704191544,1130.5776892430279,287.5620861730889,1.0607872854242397,1.7506552853091557,109793.32669322709,5,12,0,2
2018-08-05,234.0,70.7600979988526,19.4391211049348,78.07279553521697,1130.6772908366534,340.2247832530781,2.821682839654884,1.2309680494999544,109800.796812749,6,12,2,0
2018-08-06,166.0,67.60674378687122,19.296907175722808,74.1952371803137,1130.7768924302788,243.9010605919282,10.309078454681865,2.20324507126526,109808.26693227091,0,12,0,0
2018-08-07,123.0,76.71168862374503,19.15638256472175,71.7389979697734,1130.8764940239043,189.62341211388556,7.70763287692779,1.1651076183513491,109815.73705179284,1,12,2,0
2018-08-08,108.0,81.0105922681553,19.017588896851986,65.40564104454522,1130.9760956175298,185.86622011854251,3.716636397062043,0.7837806953002362,109823.20717131475,2,12,0,0
2018-08-09,102.0,77.93555509032208,18.880567284309638,66.91329711600386,1131.0756972111553,137.56518370806435,1.3630602151806106,2.2504372551078937,109830.67729083665,3,12,0,0
2018-08-10,111.0,75.61530163821136,18.745358314388742,70.98315984944918,1131.1752988047808,156.54076306364317,5.77499938447571,2.1677542821998954,109838.14741035858,4,12,1,1
2018-08-11,106.0,72.74764072232404,18.612002037458872,69.72843491428584,1131.2749003984063,148.749317787069,1.1942217465835507,0.49369587298339124,109845.61752988049,5,12,2,1
2018-08-12,92.0,70.29891285885871,18.480537955101674,72.10406757486942,1131.3745019920318,121.96944819790917,4.283241467441375,0.16230644404941028,109853.0876494024,6,12,3,1
2018-08-13,102.0,79.99825412741929,18.35100500841024,73.58123960766505,1131.4741035856573,146.05627009775475,5.400249573655683,0.31596533523908965,109860.55776892431,0,12,0,2
2018-08-14,122.0,80.45713732370083,18.223441566454213,76.20158063887523,1131.5737051792828,198.41604439975941,0.9819441648120638,0.7877137565291609,109868.02788844622,1,12,2,0
2018-08-15,128.0,68.22240835908909,18.09788541491449,73.45173527987556,1131.6733067729083,170.9232900927131,2.8954198588912714,2.4334235241801054,109875.49800796813,2,12,0,2
2018-08-16,109.0,83.96200801845806,17.9743737448907,76.48376072934961,1131.7729083665338,172.05628790305806,4.591055668545952,1.4404387675859802,109882.96812749005,3,12,1,0
2018-08-17,109.0,78.94388453352765,17.852943141884698,74.61648579028122,1131.8725099601593,129.4619553996333,5.131613282934703,0.9958281568702452,109890.43824701196,4,12,1,0
2018-08-18,90.0,83.13115843824711,17.733629574963718,64.65540801830322,1131.9721115537848,123.77324007115588,5.307674896132566,2.232918627070591,109897.90836653387,5,12,1,2
2018-08-19,100.0,69.48112706452153,17.616468386105804,70.07038625869461,1132.0717131474103,143.41021399564028,1.863692839382377,1.1875271955483993,109905.37848605578,6,12,1,1
2018-08-20,138.0,69.4201320830572,17.501494279731208,74.27657366192952,1132.1713147410358,240.4971934582813,2.2682290040308946,0.8565727081624507,109912.84860557769,0,12,3,2
2018-08-21,105.0,75.5607827949523,17.388741312422454,69.17404366094955,1132.2709163346613,152.00395390494623,2.352149824436441,2.358926868989578,109920.31872509961,1,12,3,1
2018-08-22,91.0,78.87480069305771,17.27824288283655,78.44315788430792,1132.370517928287,92.47513053098163,8.556278364404402,2.138842398862427,109927.78884462152,2,12,0,0
2018-08-23,86.0,85.39678825372889,17.17003172181186,83.31369071809476,1132.4701195219122,89.02222186277501,2.9749747905461557,2.1248041010066583,109935.25896414343,3,12,2,1
2018-08-24,89.0,79.99832462773921,17.064139882672887,81.9655294931408,1132.569721115538,134.1805917269336,6.98465064260124,1.3294833833205115,109942.72908366534,4,12,1,0
2018-08-25,100.0,75.30629425007197,16.960598731735743,75.01158818187747,1132.6693227091632,162.27541711579818,7.222664187090362,1.9946521571570919,109950.19920318725,5,12,1,0
2018-08-26,85.0,71.43843449216203,16.859438939017032,83.7347528062157,1132.768924302789,135.00911715254506,12.186370689784274,0.5304480622349245,109957.66932270916,6,12,3,1
2018-08-27,82.0,82.76965762902115,16.760690469149186,77.2219563477122,1132.8685258964142,126.35140211601981,1.2415430010313622,1.4757350981349848,109965.13944223108,0,12,3,0
2018-08-28,81.0,71.84428158499418,16.664382572504515,74.98580499940077,1132.96812749004,144.74519195011334,4.80356598772682,2.4612302148341096,109972.609561753,1,12,1,1
2018-08-29,88.0,84.85707088559612,16.570543776530982,73.79189912923334,1133.0677290836654,121.20817558525737,3.081451162174362,0.798300233243108,109980.0796812749,2,12,2,2
2018-08-30,97.0,75.33847581331646,16.479201877301985,75.52924781295538,1133.167330677291,163.3982111205365,3.45478668005018,2.0064455901944203,109987.54980079681,3,12,0,0
2018-08-31,127.0,84.75771839744777,16.390383931282962,75.27834804472793,1133.2669322709164,157.85970229947165,5.432690321870346,1.2771481772993614,109995.01992031872,4,12,0,0
2018-09-01,132.0,80.24259832663795,16.304116247316898,78.24384861724364,1133.366533864542,179.90104334123868,1.950688108982562,0.19553363973300958,110002.49003984063,5,12,0,2
2018-09-02,116.0,76.20481036337202,16.22042437883139,78.36202114758655,1133.4661354581674,137.85917210136367,2.6995473213704075,1.9312465547576019,110009.96015936256,6,12,0,0
2018-09-03,89.0,74.33335158273464,16.139333116269448,77.73656386822817,1133.565737051793,128.00309398660414,0.2715256551250269,0.5045659465410707,110017.43027888447,0,12,2,2
2018-09-04,118.0,75.26502737339648,16.06086647974623,80.06295788923929,1133.6653386454184,176.07477565467315,2.026322596800555,1.6155365611186003,110024.90039840637,1,12,2,2
2018-09-05,108.0,79.14905960590912,15.98504771193413,83.98313595006344,1133.7649402390439,164.2820298445304,10.31582366744287,0.30559406571273495,110032.37051792828,2,12,2,0
2018-09-06,137.0,77.4298328454996,15.911899271177964,82.92397213485069,1133.8645418326694,206.7376670577427,5.777086155623081,2.3724817539903156,110039.8406374502,3,12,3,2
2018-09-07,117.0,74.11022154723517,15.841442824842613,70.89262450806525,1133.9641434262949,156.94893338376545,5.342011274604782,0.8001373292328662,110047.3107569721,4,12,1,2
2018-09-08,105.0,76.28499332696441,15.773699242894843,65.68299583970054,1134.0637450199204,153.69518311173567,6.053279560700923,0.6435152600257478,110054.78087649403,5,12,2,2
2018-09-09,86.0,77.53854085273501,15.708688591721485,83.2542223727534,1134.1633466135459,99.05106662788504,3.346028423542557,0.4099273697592023,110062.25099601594,6,12,0,0
2018-09-10,92.0,66.53311446383319,15.646430128185493,71.8727462515519,1134.2629482071713,165.264579502645,7.267331010461952,2.3704052640137148,110069.72111553785,0,12,2,2
2018-09-11,91.0,79.49736942698256,15.586942293921867,77.70228840269286,1134.3625498007968,130.42747854203998,1.9686165178704305,1.8085689818591324,110077.19123505976,1,12,1,1
2018-09-12,96.0,72.33627252147845,15.530242709875052,73.08894944995309,1134.4621513944223,134.22227761912617,2.943931091339635,1.8799861329234129,110084.66135458167,2,12,3,1
2018-09-13,108.0,71.4951638984316,15.476348171079376,70.03740146994114,1134.5617529880478,193.77880656888166,2.8954149720717295,1.298570947312587,110092.13147410357,3,12,0,2
2018-09-14,113.0,68.85064094360433,15.425274641684242,81.85676435765546,1134.6613545816733,144.65506932901542,7.596454810870568,1.2393466846491603,110099.6015936255,4,12,3,1
2018-09-15,126.0,68.34201888554789,15.377037250225339,83.04170130106255,1134.7609561752988,166.4882577193606,1.8290315837269737,0.364050983179544,110107.07171314741,5,12,2,0
2018-09-16,124.0,70.55693734186684,15.331650285143409,76.45414742607959,1134.8605577689243,164.0755935026287,2.7135984986776682,1.4436186294015803,110114.54183266932,6,12,0,2
2018-09-17,135.0,73.81033161657163,15.289127190551836,66.46653415817178,1134.9601593625498,201.14257236601037,2.1902935238594696,0.692599588261097,110122.01195219123,0,12,0,0
2018-09-18,154.0,87.14155540650563,15.249480562254394,76.7698166342288,1135.0597609561753,239.63263259275195,10.009288515354996,2.445148798720974,110129.48207171314,1,12,2,1
2018-09-19,157.0,74.76424054851688,15.212722144014206,81.53357573898431,1135.1593625498008,250.29350936235667,7.225056768408144,2.0117942560363535,110136.95219123505,2,12,2,1
2018-09-20,173.0,78.2993191193026,15.178862824075116,72.24771650797912,1135.2589641434263,310.9399063498994,4.862130883593946,1.0911809444629301,110144.42231075697,3,12,1,1
2018-09-21,155.0,79.4284506165634,15.147912631936482,80.62097433502282,1135.3585657370518,187.51135091598474,6.012759051404965,0.46321902085967925,110151.89243027888,4,12,2,1
2018-09-22,76.0,78.09538556338809,15.119880735382301,79.68368928337041,1135.4581673306773,126.17471178248834,1.4264213967608972,1.9847960587330815,110159.36254980079,5,12,2,0
2018-09-23,69.0,77.0653949774872,15.094775437765659,82.70690662247412,1135.5577689243028,92.35738854855538,5.277028995659383,0.39292904099515835,110166.83266932271,6,12,2,2
2018-09-24,63.0,71.4872290942292,15.072604175549145,80.45269349097248,1135.6573705179283,82.77169702222453,4.4459837616759526,0.5544010083929691,110174.30278884462,0,12,0,0
2018-09-25,63.0,84.72795098334501,15.053373516102113,75.027908263388,1135.7569721115538,82.10455743492244,1.774447735314145,0.6076492425861457,110181.77290836653,1,12,1,2
2018-09-26,99.0,86.51743864031175,15.037089155755346,85.90867919681176,1135.8565737051792,130.32460658384053,0.7158681391605949,1.4365375318554265,110189.24302788846,2,12,0,1
2018-09-27,151.0,69.0748285703297,15.023755918113741,79.15984029863766,1135.9561752988047,260.190496692069,3.705379470605636,1.9889359695768791,110196.71314741037,3,12,2,1
2018-09-28,200.0,72.37316816925434,15.013377752627509,79.83672179719532,1136.0557768924302,316.8459465402781,3.454160423160259,0.8543557089392613,110204.18326693228,4,12,1,1
2018-09-29,229.0,76.09796942140382,15.005957733422305,75.3217447377894,1136.1553784860557,343.96391957114747,0.5967274403667944,0.30320755426069457,110211.65338645419,5,12,2,1
2018-09-30,176.0,72.67656199625473,15.001498058388634,77.78059262726518,1136.2549800796812,291.02031504974,4.185231749014224,1.2148923124586062,110219.1235059761,6,12,0,0
2018-10-01,148.0,80.02982774301393,15.000000048530811,75.57598633280388,1136.3545816733067,191.7494206940225,5.8132854563512675,1.8954645787838453,110226.59362549802,0,12,0,2
2018-10-02,186.0,73.8579069141791,15.001464147575676,79.13234140523153,1136.4541832669322,252.38589737338148,7.03720374804031,0.6319932234097319,110234.06374501993,1,12,2,2
2018-10-03,160.0,88.32233537811244,15.005889921841145,88.54676255702942,1136.5537848605577,196.44064535610624,3.1184353608927453,0.6278189152944981,110241.53386454184,2,12,1,1
2018-10-04,206.0,83.44610494153565,15.013276060364674,73.11394216461387,1136.6533864541832,295.01170919753423,4.071276386888244,2.373344865632106,110249.00398406375,3,12,0,0
2018-10-05,268.0,78.55105996551528,15.023620375291586,71.88495226003312,1136.7529880478087,405.2339705340951,6.9936482051545825,2.389968945086027,110256.47410358566,4,12,2,1
2018-10-06,237.0,82.6164714153371,15.036919802523132,87.28201203242179,1136.8525896414342,357.5571715586467,3.3371118350302384,2.4771177569477834,110263.94422310757,5,12,3,2
2018-10-07,189.0,83.00291692047449,15.053170402624113,78.84704080899245,1136.9521912350597,286.4868382211976,1.8789600061733507,2.038383043779472,110271.41434262949,6,12,2,2
2018-10-08,253.0,74.64407887871388,15.072367361989784,76.50990158272084,1137.0517928286852,351.27886337867835,1.890349791346153,0.5516420060030693,110278.8844621514,0,12,2,0
2018-10-09,269.0,73.37166128015433,15.094504994271686,85.01051344843701,1137.1513944223107,419.5630948522804,6.210698858858089,0.6087556499182272,110286.35458167331,1,12,1,2
2018-10-10,263.0,77.83092694381722,15.11957674206203,76.73276881719161,1137.2509960159362,399.29255036477997,4.021064743397197,0.9165405796537407,110293.82470119522,2,12,2,0
2018-10-11,219.0,81.7343930330717,15.147575178836043,88.83489821006259,1137.3505976095616,343.16108562932,2.6373124488787703,0.8635180752003779,110301.29482071713,3,12,3,1
2018-10-12,163.0,78.10605598769119,15.178492011151802,83.03264533439274,1137.4501992031874,206.64475644819896,1.7400392487285998,2.395666597787222,110308.76494023904,4,12,2,1
2018-10-13,264.0,69.50885854849159,15.212318081106837,77.13580679705781,1137.5498007968126,402.2298171759558,2.5974735436353793,1.9937775589160647,110316.23505976096,5,12,3,0
2018-10-14,237.0,73.36135609572038,15.249043369050796,90.28845432822592,1137.6494023904384,331.74469520164945,3.7689056169845023,1.8376211011877295,110323.70517928287,6,12,0,1
2018-10-15,253.0,76.9858071837514,15.288656996553403,76.3941113918765,1137.7490039840636,371.55353494897275,9.584595807068833,0.5463117377395164,110331.17529880478,0,12,2,0
2018-10-16,309.0,76.95609836355749,15.331147229626726,83.0481824007931,1137.8486055776893,474.18729797272766,7.756103647166519,2.282861342469591,110338.64541832669,1,12,1,1
2018-10-17,332.0,87.17446014284856,15.37650148220094,80.74345993763059,1137.9482071713146,499.82187212511826,10.503757877493557,2.086888910814817,110346.1155378486,2,12,2,1
2018-10-18,330.0,70.3577071280788,15.424706319852433,85.65929380728912,1138.0478087649403,477.96920040441364,2.2550981874085574,0.49274041918701683,110353.58565737051,3,12,3,2
2018-10-19,300.0,79.79007247728774,15.47574746378328,86.8560610560677,1138.1474103585658,450.12546312368835,0.4799283421599978,2.190808796706334,110361.05577689243,4,12,3,2
2018-10-20,344.0,84.68076064411609,15.529609795050716,79.1008011552274,1138.2470119521913,485.3692936951271,2.8875269382833197,0.753394087289131,110368.52589641434,5,12,1,0
2018-10-21,325.0,88.5641100475912,15.586277359045566,75.06035593017795,1138.3466135458168,510.50534791796593,5.215958880840898,0.2940873899970545,110375.99601593625,6,12,3,1
2018-10-22,296.0,75.1551461989711,15.645733370218167,81.00839397425925,1138.4462151394423,439.894319610075,4.294639711262606,1.676373535634104,110383.46613545816,0,12,2,1
2018-10-23,274.0,79.6031671550758,15.70796021705042,75.19550271713862,1138.5458167330678,433.37099888510653,14.888336712489687,1.6691311825223936,110390.93625498007,1,12,3,1
2018-10-24,354.0,79.96233205235696,15.772939467272563,88.52105730308799,1138.6454183266933,520.4693662580792,6.033130412750057,0.3278368229574834,110398.40637450198,2,12,2,2
2018-10-25,356.0,78.05708272110499,15.840651873322932,79.00137290876782,1138.7450199203188,523.5284802318683,2.0645360321238106,0.8652443414477977,110405.8764940239,3,12,2,0
2018-10-26,394.0,76.5502353047788,15.911077378049352,76.35123748734074,1138.8446215139443,575.7162642672431,7.817818731735139,2.4827547094132925,110413.34661354581,4,12,3,0
2018-10-27,396.0,79.18777938717511,15.984195120650254,78.95501128802402,1138.9442231075698,611.5234786338615,0.6926117535534161,1.7282240008209686,110420.81673306772,5,12,1,0
2018-10-28,403.0,64.3087778524746,16.05998344285393,71.14440166664365,1139.0438247011953,590.3113768534305,2.3875251377240154,1.85218039984799,110428.28685258963,6,12,0,1
2018-10-29,397.0,80.34113750264622,16.13841989533387,72.865090016779,1139.1434262948208,608.3919086483036,2.59260711964812,0.6110014854503336,110435.75697211154,0,12,1,0
2018-10-30,456.0,77.52114889613057,16.219481244358537,83.56310705100506,1139.2430278884462,676.3509520466142,8.188061063088695,0.2890769704093944,110443.22709163347,1,12,0,2
2018-10-31,422.0,75.73605377677194,16.303143478673455,74.10924164779611,1139.3426294820717,593.4807340021677,4.521300491652295,0.7645640553782503,110450.69721115539,2,12,1,2
2018-11-01,433.0,87.039620070291,16.38938181661358,71.98668145336315,1139.4422310756972,638.0937186442707,1.7635250848750714,0.6973561244636607,110458.1673306773,3,12,2,0
2018-11-02,391.0,73.38624454932526,16.478170713443966,79.7269223357485,1139.5418326693227,562.917835712743,1.1800638396496876,0.6629058417953274,110465.63745019921,4,12,2,1
2018-11-03,353.0,74.69987812021171,16.569483868926287,82.78955303546242,1139.6414342629482,530.1780544736467,5.053728971365776,0.5626103725288949,110473.10756972112,5,12,3,2
2018-11-04,238.0,86.626119393469,16.66329423510934,80.26817808310665,1139.7410358565737,333.1918452865102,14.59817132139919,1.4794136575729704,110480.57768924303,6,12,0,2
2018-11-05,424.0,72.45990646358027,16.7595740243409,81.46109038034729,1139.8406374501992,654.5195020142924,3.0599709406426423,0.8874483420203721,110488.04780876495,0,12,0,1
2018-11-06,411.0,73.82027622656794,16.85829471749873,72.49943512215523,1139.9402390438247,614.6784827929395,0.5995518833694878,2.068828036114073,110495.51792828686,1,12,3,1
2018-11-07,317.0,75.78515934662659,16.959427072438324,68.97209252141414,1140.0398406374502,471.94808010482524,6.293777764544631,0.5414738028337216,110502.98804780877,2,12,1,0
2018-11-08,452.0,80.67220184432044,17.062941132654615,83.3807859944682,1140.1394422310757,691.1178427557517,4.951428645531108,1.215104970084507,110510.45816733068,3,12,3,2
2018-11-09,487.0,77.4546094186888,17.168806236155525,74.04898833347828,1140.2390438247012,749.7781386815172,2.2696846705637173,0.13277880742259196,110517.92828685259,4,12,1,2
2018-11-10,430.0,69.89837775196654,17.27699102454433,74.1918528686361,1140.3386454183267,644.598024964607,1.0592788722349935,1.256037573892461,110525.3984063745,5,12,3,0
2018-11-11,454.0,73.64542545820984,17.387463452308427,81.86604380462845,1140.4382470119522,665.5759940090142,2.1189457842586426,0.23401173010353854,110532.86852589643,6,12,0,0
2018-11-12,437.0,73.21313243578321,17.500190796311465,77.78076845438036,1140.5378486055777,620.0206076777574,3.461982319808285,2.4465364284943445,110540.33864541833,0,12,0,2
2018-11-13,454.0,75.80632494114158,17.615139665486353,77.04915952943533,1140.6374501992032,667.2790048592964,2.859536907128561,1.9974211087609908,110547.80876494024,1,12,1,2
2018-11-14,361.0,78.26308028778612,17.732276010726054,85.36045970305331,1140.7370517928287,529.1557550670408,1.175582754406541,1.2762675439274929,110555.27888446215,2,12,0,1
2018-11-15,251.0,78.16524621195524,17.851565134969267,71.07927857816075,1140.8366533864541,378.64114905984593,1.0065743680955528,0.3078096596304406,110562.74900398406,3,12,0,1
2018-11-16,302.0,67.1334553780189,17.97297170347818,78.69325723344983,1140.9362549800796,446.09706237723947,1.7982412688853748,1.5218690578969942,110570.21912350597,4,12,0,2
2018-11-17,292.0,81.27147506065185,18.096459754304846,74.09214611587574,1141.0358565737051,451.75865944102856,5.512372180385498,1.921033001684506,110577.6892430279,5,12,0,2
2018-11-18,330.0,77.15184787551131,18.221992708943624,74.89897597642904,1141.1354581673306,482.7403345745862,2.6547752980225554,0.5577214072113886,110585.1593625498,6,12,2,1
2018-11-19,340.0,82.7478935463865,18.349533383166047,80.94327536573056,1141.2350597609561,508.85917666294114,6.857401203951769,1.463700017889978,110592.62948207172,0,12,3,0
2018-11-20,367.0,77.9814696374357,18.479043998035333,75.58109078537744,1141.3346613545816,574.1797488639378,2.3169184686496354,2.054106156118883,110600.09960159363,1,12,3,0
2018-11-21,396.0,81.20137169313044,18.61048619109674,75.47050801305468,1141.434262948207,600.8365042790994,6.0218076917354635,1.9437946663511592,110607.56972111553,2,12,2,2
2018-11-22,317.0,77.96081604338012,18.743821027741046,77.87489463106691,1141.5338645418326,474.2992491662287,5.832243983329104,2.027180842881167,110615.03984063744,3,12,0,2
2018-11-23,356.0,82.29162427464503,18.879009012737402,70.41721832681078,1141.633466135458,521.9611111612965,2.625310668901324,2.2103762196873276,110622.50996015937,4,12,3,1
2018-11-24,296.0,78.1032481291228,19.016010101932192,67.77193145944058,1141.7330677290836,431.3353720657005,10.698898883923686,2.3504370451827286,110629.98007968128,5,12,3,2
2018-11-25,266.0,74.93303191073014,19.15478371411068,66.46638660167348,1141.832669322709,381.98773494096105,6.233265276594876,1.0732507724884863,110637.45019920319,6,12,3,0
2018-11-26,349.0,86.7145292307257,19.295288743017423,61.57763956708514,1141.9322709163346,512.679862684342,7.47362571208735,1.4650458460549054,110644.9203187251,0,12,1,1
2018-11-27,396.0,79.7264438266332,19.437483569532525,81.40606851063656,1142.03187250996,609.1133167748862,6.001065506015972,1.997582862509466,110652.390438247,1,12,2,1
2018-11-28,363.0,78.07805906802227,19.581326073999595,65.3213060233924,1142.1314741035856,540.0622345741547,2.618028209448326,1.7731355534698796,110659.86055776892,2,12,1,0
2018-11-29,384.0,68.75509109295723,19.72677364870218,69.44018458466678,1142.231075697211,549.0045386123754,9.852489344449278,2.489248547834509,110667.33067729084,3,12,1,0
2018-11-30,365.0,68.6215703074401,19.873783210484454,68.86836707958649,1142.3306772908365,582.8633858611956,6.516853701575082,0.13282636265114595,110674.80079681275,4,12,2,1
2018-12-01,335.0,76.45242180395275,20.022311213513028,71.49241106201944,1142.430278884462,508.8993038229033,3.9808528604764835,0.9523197167578976,110682.27091633466,5,12,3,2
2018-12-02,329.0,75.64144915775337,20.172313662175682,73.73405873834511,1142.5298804780878,465.36113198973663,7.254982014448852,0.7744670230484858,110689.74103585657,6,12,1,0
2018-12-03,356.0,71.76751411290176,20.323746124113313,73.6548751935721,1142.629482071713,525.1630214551835,7.8221394978146765,0.729558040397283,110697.21115537848,0,12,3,1
2018-12-04,394.0,75.4666316263696,20.476563743381394,66.13148532039253,1142.7290836653387,593.2177276565684,7.01958226418959,0.6340714779973258,110704.68127490039,1,12,1,2
2018-12-05,374.0,82.62777401334966,20.630721253736624,67.90294892359469,1142.828685258964,595.0918418659476,3.185465506347632,1.8018972179565498,110712.15139442231,2,12,3,2
2018-12-06,385.0,78.08392587672878,20.786172992045397,69.84055376835072,1142.9282868525897,555.3377508348226,1.2815373885033674,0.30342273586077245,110719.62151394422,3,12,0,1
2018-12-07,376.0,68.82352099533148,20.942872911809662,66.87079854546295,1143.0278884462152,583.5208143871189,6.101052174988769,1.879861201464012,110727.09163346613,4,12,0,0
2018-12-08,366.0,73.89206856588203,21.100774596806517,75.83517868648693,1143.1274900398407,576.9897285394469,4.062583572449794,1.7642220208390562,110734.56175298804,5,12,0,2
2018-12-09,389.0,70.34525195831868,21.259831274837012,69.93521220851723,1143.2270916334662,570.9269138985086,1.293830072817429,0.7019299180021513,110742.03187250995,6,12,2,0
2018-12-10,431.0,72.35150250216682,21.419995831580724,70.83439726708764,1143.3266932270917,640.9497276227953,3.731641976328692,0.7068010795963869,110749.50199203187,0,12,0,1
2018-12-11,464.0,72.14131125957604,21.581220824551473,70.15196469423412,1143.4262948207172,675.2738150525246,4.702937388184106,1.6092654048268054,110756.97211155378,1,12,1,0
2018-12-12,443.0,71.74004283840482,21.743458497150293,72.38045229312604,1143.5258964143427,660.4307771783939,3.8695028618702385,1.9292106531608268,110764.44223107569,2,12,3,2
2018-12-13,264.0,67.77099274372723,21.906660792811586,67.09178620789537,1143.6254980079682,395.2682005131414,4.965538769746024,2.2035654714096773,110771.9123505976,3,12,3,1
2018-12-14,248.0,73.32633690779016,22.07077936923779,59.37428152174519,1143.7250996015937,385.1929999616474,2.484393007172059,2.145134953250742,110779.38247011951,4,12,3,2
2018-12-15,274.0,71.07907900940393,22.235765612719035,67.52690853332514,1143.8247011952192,432.80366942040894,2.9369466118454937,2.4157191859932476,110786.85258964142,5,12,3,2
2018-12-16,295.0,59.151971223722164,22.40157065253299,61.940074225974875,1143.9243027888447,427.5380787075671,5.400672419715866,1.4953237488076268,110794.32270916336,6,12,1,1
2018-12-17,338.0,83.9807874347978,22.568145375421025,62.22062584040916,1144.0239043824702,467.6534987154801,1.1662679061019592,2.280773347216863,110801.79282868527,0,12,3,1
2018-12-18,370.0,79.0761280510154,22.735440440135907,67.46093921350366,1144.1235059760957,554.5751044144752,7.812841246199049,2.040431855824986,110809.26294820718,1,12,1,0
2018-12-19,370.0,71.66679322934634,22.90340629205734,70.3846027730535,1144.2231075697212,560.8707505993729,3.0368396674773748,2.2472022983536326,110816.73306772909,2,12,1,1
2018-12-20,423.0,73.55809865976772,23.071993177870546,63.96237152793922,1144.3227091633466,639.4883537537008,6.038395432821661,0.12790384308487993,110824.203187251,3,12,3,0
2018-12-21,422.0,67.52115268326033,23.241151160303716,65.06186274238739,1144.4223107569721,626.4665350498191,5.3028994007653685,2.4181671804779463,110831.67330677291,4,12,3,1
2018-12-22,468.0,81.77319932259428,23.410830132920104,71.68941445733599,1144.5219123505976,704.4950419932787,4.009536416147025,1.236472390831548,110839.14342629483,5,12,3,2
2018-12-23,557.0,82.69595355638562,23.580979834959894,64.04180622752305,1144.6215139442231,865.808896167045,2.9792972329076806,2.015639174979623,110846.61354581674,6,12,1,0
2018-12-24,577.0,73.90769370811856,23.751549866228117,75.50531583844574,1144.7211155378486,873.1346833792502,4.7090225759337025,0.4052898864106741,110854.08366533865,0,12,2,1
2018-12-25,475.0,78.15640836991487,23.922489702023718,64.98256882411029,1144.820717131474,705.0326314999384,3.9284008263373367,1.0502586299535377,110861.55378486056,1,12,1,0
2018-12-26,405.0,73.82955954061688,24.09374870810547,53.00868878800998,1144.9203187250996,597.4960436580801,0.8603727233488747,0.7515055912503782,110869.02390438247,2,12,2,0
2018-12-27,458.0,66.18373472777508,24.265276155690536,65.2361557941416,1145.019920318725,683.6029528464454,0.5838088180064268,0.7999810492022488,110876.49402390438,3,12,3,0
2018-12-28,413.0,70.72237253694136,24.437021236480685,63.03174945145252,1145.1195219123506,652.2347992366128,4.387370302923595,0.39581348788211623,110883.9641434263,4,12,1,2
2018-12-29,420.0,73.3551732950036,24.608933077712386,67.23089761498896,1145.219123505976,626.3339858094761,1.5371767065561635,2.0338331981032165,110891.43426294821,5,12,3,1
2018-12-30,484.0,70.33678102766987,24.78096075722582,63.803985241898154,1145.3187250996016,725.6041131095858,7.010254080948131,0.12218155499458759,110898.90438247012,6,12,2,1
2018-12-31,509.0,71.43020695355047,24.95305331854871,59.40161344298371,1145.418326693227,753.8537285812739,0.6020664531081291,0.8500130967644859,110906.37450199203,0,12,2,0
2019-01-01,475.0,71.98042231945944,25.12515978598998,53.628189246573214,1145.5179282868526,734.4796671488393,6.48447250825826,0.518585303719396,110913.84462151394,1,12,1,1
2019-01-02,501.0,71.94699292080298,25.29722917973943,58.360425354091014,1145.617529880478,790.6967450948935,5.934190387034254,1.5136934574600172,110921.31474103585,2,12,1,2
2019-01-03,537.0,72.52668718700316,25.46921053096851,54.80897666701648,1145.7171314741036,814.5122609886278,3.6474287322943773,0.7102057662749052,110928.78486055777,3,12,1,0
2019-01-04,432.0,66.8764482195531,25.64105289692778,55.81527695712083,1145.816733067729,649.6554580757086,0.3200151710193966,0.7215962908674391,110936.25498007968,4,12,1,2
2019-01-05,440.0,68.50856656634188,25.812705376036853,61.31748127002934,1145.9163346613545,660.7356566634847,2.767671204155922,1.272011545588765,110943.7250996016,5,12,0,2
2019-01-06,371.0,65.58502011001926,25.984117122961795,66.38128827583344,1146.01593625498,508.8138642242851,5.58604178729471,1.6664536944182218,110951.1952191235,6,12,0,1
2019-01-07,331.0,76.8114590665929,26.155237363676203,59.662882921762495,1146.1155378486055,511.40301728569636,0.17371866211328918,0.39113129095639265,110958.66533864541,0,12,3,1
2019-01-08,340.0,61.308757585547895,26.32601541050095,51.368553868822175,1146.215139442231,512.6833283199169,5.939692860495929,0.5212274859171908,110966.13545816732,1,12,2,0
2019-01-09,321.0,77.51975137802535,26.496400677118572,59.23021198686356,1146.3147410358565,490.0668410132145,1.26388078188596,0.6932193870268422,110973.60557768925,2,12,2,2
2019-01-10,317.0,78.59857563953557,26.666342693557272,62.65047204611371,1146.414342629482,461.2707561183259,0.7281941549253607,2.436995713883105,110981.07569721116,3,12,3,1
2019-01-11,401.0,70.07120150451648,26.83579112114083,53.27950323612143,1146.5139442231075,593.8108624204582,5.900173470824991,1.0531659998630087,110988.54581673307,4,12,3,0
2019-01-12,482.0,58.48196667716381,27.004695767399404,55.3205226318366,1146.613545816733,714.7795012699365,2.8049742092489667,1.5375762175144636,110996.01593625497,5,12,3,0
2019-01-13,464.0,69.60694388969502,27.173006600937082,55.72742777177182,1146.7131474103585,716.4324596814607,4.5468934017105935,0.6797027505183468,111003.48605577688,6,12,0,1
2019-01-14,320.0,71.00874231042998,27.34067376625185,51.3941609020851,1146.812749003984,472.42480326793816,3.699142577288696,1.277102860377971,111010.95617529881,0,12,3,2
2019-01-15,248.0,66.19318510110386,27.507647598503123,58.226106972213046,1146.9123505976095,413.65320644219594,2.4893824970916807,0.27788601852629935,111018.42629482072,1,12,2,0
2019-01-16,383.0,68.5869687118472,27.673878638223158,54.047501980514774,1147.011952191235,583.1172483803008,0.3507315225672187,0.18338115021358464,111025.89641434263,2,12,3,1
2019-01-17,515.0,78.73131717133305,27.83931764596742,56.4190269276003,1147.1115537848605,746.9863468000854,4.953096064780226,1.2249604643715044,111033.36653386454,3,12,1,0
2019-01-18,437.0,74.32267800305871,28.00391561689996,49.55470787718958,1147.211155378486,652.9290741349608,5.746021333679023,1.056782290044189,111040.83665338645,4,12,2,1
2019-01-19,411.0,66.293367530455,28.167623795309012,51.47746090776492,1147.3107569721114,603.4664975568717,4.272706378493215,0.42851276726038645,111048.30677290836,5,12,2,0
2019-01-20,480.0,62.84680730749831,28.330393689049068,56.95111941104072,1147.4103585657372,676.1123506035996,4.700005983675633,1.750243429409761,111055.77689243028,6,12,2,2
2019-01-21,413.0,69.11882486999878,28.492177083904753,51.15148007173166,1147.5099601593624,651.4894188022757,3.7763733522295526,2.4829683781582346,111063.24701195219,0,12,0,0
2019-01-22,174.0,69.60625307431162,28.65292605787239,61.32896714042225,1147.6095617529882,275.0628508444001,2.7852408216110427,1.04955237087211,111070.71713147411,1,12,0,1
2019-01-23,186.0,73.07469943913902,28.812592995355118,50.37663308121675,1147.7091633466134,289.6641463579862,7.720202702265646,1.5989407262017468,111078.18725099602,2,12,2,1
2019-01-24,328.0,67.83785113652822,28.97113060126698,53.18116242622547,1147.8087649402391,495.3080732059941,8.299470436390866,2.4111422616747658,111085.65737051793,3,12,1,1
2019-01-25,188.0,72.99325191928813,29.12849191504236,56.40597032928073,1147.9083665338644,254.35964862615126,10.797182426932597,2.0956839338725004,111093.12749003984,4,12,2,2
2019-01-26,231.0,80.03345503802807,29.28463032454615,44.33891068624254,1148.0079681274901,336.82765720889125,9.554577910903518,1.2125253359264458,111100.59760956177,5,12,0,1
2019-01-27,275.0,74.35775532228087,29.43949957988091,42.3169567803343,1148.1075697211156,429.33561549568026,3.8337270615568015,1.8699747627038066,111108.06772908368,6,12,1,1
2019-01-28,301.0,69.96303055980295,29.593053807086378,43.18561081297677,1148.2071713147411,430.47559940434996,2.1420641978736166,0.40752409660125766,111115.53784860559,0,12,2,2
2019-01-29,297.0,69.21162388386952,29.745247521727997,56.822425473679914,1148.3067729083666,394.86461367498373,1.0771222710948087,1.3290492531131182,111123.0079681275,1,12,0,1
2019-01-30,342.0,68.26861650791572,29.896035642369842,47.44863798579808,1148.406374501992,508.45787984438147,5.765135789705426,0.7697446652318476,111130.4780876494,2,12,1,1
2019-01-31,397.0,75.88051781029662,30.0453735039282,62.70024942048486,1148.5059760956176,592.6648489194492,4.845975272319405,0.4867928509507866,111137.94820717131,3,12,3,2
2019-02-01,329.0,66.76682433479249,30.193216870902003,46.79232826490905,1148.605577689243,496.2112683282942,4.5245525613633895,1.1230741750108837,111145.41832669324,4,12,3,0
2019-02-02,338.0,70.0563525697621,30.33952195047565,50.243712615033886,1148.7051792828686,521.5703728702907,4.894828340153133,0.4144349306406746,111152.88844621515,5,12,2,1
2019-02-03,323.0,70.01386680665989,30.484245405491063,56.74205895185725,1148.804780876494,497.2521162446242,5.329741007275987,1.7775642596187653,111160.35856573706,6,12,3,0
2019-02-04,301.0,67.17740685230004,30.62734436728458,58.775775706226455,1148.9043824701196,456.6753961048784,10.791059016626772,1.1949761057280053,111167.82868525897,0,12,0,2
2019-02-05,398.0,62.753284036386944,30.768776448385093,58.7699649864118,1149.003984063745,620.9106277617342,4.166058398831309,1.3747471181551931,111175.29880478088,1,12,1,1
2019-02-06,380.0,71.16062264055344,30.90849975506981,54.224831642826096,1149.1035856573706,539.6206043837337,5.257289631455474,0.45130225280357683,111182.76892430279,2,12,2,1
2019-02-07,233.0,69.17174369083637,31.04647289977343,53.02736682951045,1149.203187250996,359.5916362895478,2.4784380100195307,0.4354519866243868,111190.23904382471,3,12,1,2
2019-02-08,136.0,71.90987484050899,31.18265501334773,50.59732471931046,1149.3027888446215,216.53076726673885,11.772605822543929,1.5001970446242978,111197.70916334662,4,12,1,1
2019-02-09,169.0,66.67349558922048,31.317005757167387,51.25779386649842,1149.402390438247,228.70875427839522,0.6805065348567478,2.464023394790671,111205.17928286853,5,12,1,0
2019-02-10,277.0,75.37936382652582,31.44948533507883,44.34510074819967,1149.5019920318725,385.4425878263522,8.032441451679457,0.33100139977054144,111212.64940239044,6,12,0,0
2019-02-11,332.0,64.82610384134672,31.580054505188123,42.748896572512216,1149.601593625498,483.081157470488,4.3229229227795765,0.785755428557875,111220.11952191235,0,12,2,2
2019-02-12,357.0,77.70586412434699,31.708674591484957,46.565778529975326,1149.7011952191235,522.2691711496942,2.959720380549222,2.18670187969093,111227.58964143426,1,12,3,1
2019-02-13,372.0,60.344163703209254,31.83530749529888,45.478461896777596,1149.800796812749,573.0683892700487,1.1362325953557915,0.27345282941256865,111235.05976095618,2,12,1,1
2019-02-14,350.0,71.1938924694922,31.95991570658451,43.814028340194604,1149.9003984063745,512.7092243261781,5.8958982406478295,2.2021257312806832,111242.52988047809,3,12,1,2
2019-02-15,275.0,71.33592225511686,32.08246231503252,49.31701260721853,1150.0,395.37302963437594,1.7491114791549978,1.3582863600994028,111250.0,4,12,1,0
2019-02-16,288.0,64.92075914979424,32.20291102100272,50.37070400084711,1150.0996015936255,419.7673252661088,7.2609875847645835,1.079840257423422,111257.47011952191,5,12,0,0
2019-02-17,247.0,70.96135661616681,32.3212261462765,45.79958213890623,1150.199203187251,392.8726466830842,3.15231981990918,0.843233354443494,111264.94023904382,6,12,3,2
2019-02-18,278.0,75.17890702648825,32.43737264462509,52.512905116026126,1150.2988047808765,417.26086748753903,0.7992279047313203,0.8130811795068205,111272.41035856574,0,12,1,1
2019-02-19,232.0,57.640247747134325,32.55131611219069,39.1889222049511,1150.398406374502,344.4149794928618,3.8543823363045493,0.833926197878749,111279.88047808765,1,12,0,0
2019-02-20,305.0,71.1822126386155,32.663022797677144,43.705657108247124,1150.4980079681275,455.299890025979,3.583081099271794,2.2235273943044698,111287.35059760956,2,12,0,1
2019-02-21,158.0,56.14741609217585,32.77245961234753,40.87096917229091,1150.597609561753,262.8412066865304,7.322387473809359,1.8371085524194852,111294.82071713147,3,12,1,0
2019-02-22,191.0,63.73187891247126,32.87959413982539,34.90812863498391,1150.6972111553785,271.51656546793515,6.0953199383469805,1.7073352187947615,111302.29083665338,4,12,1,1
2019-02-23,116.0,76.65363450165633,32.984394645696796,43.61780727939291,1150.796812749004,200.3101658188021,1.0605144565785385,2.0169979574848016,111309.76095617529,5,12,0,0
2019-02-24,169.0,65.54767478958449,33.08683008691048,43.21760228426262,1150.8964143426294,257.7099259784301,6.432873110227229,0.7170751912099479,111317.23107569721,6,12,0,1
2019-02-25,221.0,62.53716511746861,33.18687012097305,51.19350847426456,1150.996015936255,328.29161236049305,2.4004365844880544,1.5833027489962137,111324.70119521912,0,12,1,2
2019-02-26,144.0,67.3680687976082,33.2844851149368,46.58508819290029,1151.0956175298804,266.01800995868564,2.2522483291373687,1.2041589734990823,111332.17131474103,1,12,0,0
2019-02-27,112.0,78.64970861372912,33.37964615417731,38.11977356999936,1151.195219123506,146.88721020402807,5.606237468244959,1.9778599244804642,111339.64143426294,2,12,0,2
2019-02-28,198.0,59.10542623849071,33.47232505095832,52.325812729754304,1151.2948207171314,289.9262848086599,2.1758330932265384,0.8422146651358852,111347.11155378485,3,12,1,0
2019-03-01,222.0,62.96220326541268,33.56249435278117,48.98017977206442,1151.394422310757,308.35137521672,8.947003516987468,1.6436286804877498,111354.58167330676,4,12,1,0
2019-03-02,227.0,75.66209474063986,33.65012735051655,45.61023381630998,1151.4940239043824,359.5492394107234,0.7054288342991953,2.2173097883615522,111362.05179282869,5,12,2,0
2019-03-03,172.0,77.42091267453063,33.73519808631606,41.39718333311872,1151.593625498008,291.78377867303357,3.4530134280651366,1.065161142867829,111369.5219123506,6,12,3,1
2019-03-04,217.0,67.574003197898,33.817681361301176,37.567441093780246,1151.6932270916334,358.8984556280928,3.514140132761947,0.2598930096819075,111376.9920318725,0,12,1,0
2019-03-05,173.0,61.85596011585303,33.897552743027504,40.34386063358973,1151.7928286852589,283.9789750629201,1.3439635621061097,1.3385219736203027,111384.46215139441,1,12,1,2
2019-03-06,189.0,78.49182322268489,33.974788572721806,47.494165953077314,1151.8924302788844,279.5475906440807,2.555997883576627,0.9303339707368622,111391.93227091632,2,12,1,1
2019-03-07,228.0,75.94752897260094,34.04936597229011,51.32419958509282,1151.9920318725099,334.69518045020305,2.3603984482122757,1.71334091331322,111399.40239043823,3,12,3,1
2019-03-08,220.0,71.33410351326398,34.12126285109438,49.473691939172184,1152.0916334661354,296.5766045501187,0.709615404664373,2.3824790193966545,111406.87250996016,4,12,2,0
2019-03-09,194.0,63.84275929906488,34.19045791249604,39.17483706607654,1152.1912350597609,331.71747070363585,1.799949643628228,1.2654599631924328,111414.34262948207,5,12,0,1
2019-03-10,157.0,67.62638796572767,34.256930660164265,35.888051513226415,1152.2908366533864,244.87956156296934,3.088600874123792,1.2188565523732813,111421.81274900399,6,12,3,0
2019-03-11,190.0,67.03786889270225,34.320661404147174,42.06310842626167,1152.3904382470118,275.16086190261035,2.923930507748153,1.6710035204595046,111429.2828685259,0,12,1,2
2019-03-12,149.0,69.46344088972575,34.381631266704275,32.394540638777194,1152.4900398406376,250.06113777973934,5.834312814652862,0.34839400862456243,111436.75298804781,1,12,1,1
2019-03-13,168.0,75.03509609670759,34.43982218789819,42.73619419512753,1152.5896414342628,232.5447096648,8.374452646304634,0.7084148534200351,111444.22310756972,2,12,2,1
2019-03-14,281.0,72.14947674021487,34.495216930944295,40.271553206618066,1152.6892430278886,429.63244068445346,2.6579879784900537,2.3055503812009563,111451.69322709164,3,12,2,2
2019-03-15,183.0,62.33922007141805,34.547799087316335,38.57421931602612,1152.7888446215138,271.0474173141833,1.1488164172498307,1.707862272073039,111459.16334661355,4,12,2,2
2019-03-16,143.0,74.58370570929425,34.5975530816069,32.83137850045223,1152.8884462151395,227.273542797606,4.706625387848059,0.132265705560199,111466.63346613546,5,12,0,0
2019-03-17,198.0,69.2434286119953,34.64446417614094,43.2790721805667,1152.9880478087648,295.7285292162776,3.069753357833302,0.5911011341416477,111474.10358565737,6,12,3,1
2019-03-18,221.0,71.0910697416239,34.68851847534136,37.959458851007724,1153.0876494023905,302.48144217777553,6.855033290787794,1.7388094384693578,111481.57370517928,0,12,3,2
2019-03-19,239.0,74.96785283147058,34.72970292984488,34.691009961758795,1153.187250996016,360.01152745340073,3.138037978889067,1.934558086150178,111489.04382470119,1,12,2,1
2019-03-20,234.0,62.05809608224848,34.768005340367516,26.10267825285672,1153.2868525896415,371.97728283750723,3.5651592530296856,2.1156629744177007,111496.51394422312,2,12,0,2
2019-03-21,272.0,67.41916492580864,34.80341436131809,40.25559675211064,1153.386454183267,407.4156718829203,2.9737706977712173,0.8012243281169077,111503.98406374503,3,12,3,1
2019-03-22,141.0,64.92476749112446,34.83591950415893,49.18941897503086,1153.4860557768925,227.00230243178171,9.110172056950324,2.33446863106615,111511.45418326693,4,12,1,2
2019-03-23,131.0,59.72794730291638,34.865511140512695,48.57527379171396,1153.585657370518,175.58941028651893,3.8079055540987437,1.4270725445869419,111518.92430278884,5,12,1,1
2019-03-24,126.0,69.28745963551741,34.892180505014394,37.930157707039854,1153.6852589641435,188.47478413460297,7.275359006305701,1.771693653730943,111526.39442231075,6,12,1,0
2019-03-25,136.0,80.09982290896822,34.91591969790778,37.15710030237553,1153.784860557769,191.50979089822846,2.642301007611035,1.5321732706717792,111533.86454183268,0,12,3,1
2019-03-26,162.0,58.33125043377854,34.93672168738537,42.470427905604375,1153.8844621513945,257.9396168020942,5.401507084175296,0.3945761312190891,111541.33466135459,1,12,2,0
2019-03-27,177.0,67.361306788917,34.95458031167129,35.098912180715956,1153.98406374502,266.1298312452399,5.956622863758788,2.4114751825237115,111548.8047808765,2,12,1,0
2019-03-28,245.0,70.7179695349506,34.96949028084654,41.569978937404244,1154.0836653386455,381.30147352673225,2.7121212894076736,0.3949013917459664,111556.2749003984,3,12,2,0
2019-03-29,273.0,68.12466741907299,34.98144717841584,43.86750703509177,1154.183266932271,431.25420852315733,6.155930807346092,0.7117166953868406,111563.74501992032,4,12,0,1
2019-03-30,252.0,66.93913600611334,34.990447462615904,46.15377119418973,1154.2828685258964,391.83237150242775,0.7245829243571271,2.0527069125351525,111571.21513944223,5,12,1,1
2019-03-31,198.0,61.005673949038616,34.99648846746452,39.50625268267119,1154.382470119522,302.4623686858729,4.1981162876411755,1.5846327076026434,111578.68525896415,6,12,0,0
2019-04-01,153.0,68.66414951292569,34.99956840355026,38.98249444201464,1154.4820717131474,209.5357548297719,5.493230663170746,2.1115579969032567,111586.15537848606,0,12,2,2
2019-04-02,194.0,63.71633693563911,34.99968635856251,35.61071434909217,1154.581673306773,290.944277786662,1.8613455597285533,1.3377668520977077,111593.62549800797,1,12,3,1
2019-04-03,208.0,56.55197032632638,34.996842297561706,35.871913634677284,1154.6812749003984,301.33819195968334,2.2813050474597936,1.0047837648799236,111601.09561752988,2,12,2,1
2019-04-04,260.0,73.47744257107382,34.99103706298969,38.88553141451298,1154.780876494024,383.11872086591546,1.2667738927241246,2.3124291989146837,111608.56573705179,3,12,1,1
2019-04-05,284.0,72.30079291200012,34.98227237442019,41.87228278524051,1154.8804780876494,418.509316984995,1.3924450405799258,0.18700556203550767,111616.0358565737,4,12,1,1
2019-04-06,269.0,67.7730294702307,34.9705508280494,44.62682147506745,1154.980079681275,383.9014885043551,1.6761631586992836,2.15471252884731,111623.50597609562,5,12,2,0
2019-04-07,315.0,68.667435493065,34.95587589592703,36.07235345474422,1155.0796812749004,433.3532282173202,6.1327385447038925,0.6539626844506758,111630.97609561753,6,12,1,2
2019-04-08,284.0,72.9024641011139,34.93825192492781,47.58693899494199,1155.179282868526,412.63713903344467,1.7682728759386754,2.136967186609523,111638.44621513944,0,12,1,2
2019-04-09,240.0,68.66285621615846,34.917684135463915,38.80901372385932,1155.2788844621514,363.8675890384832,0.40774544305066207,0.43407187220052545,111645.91633466135,1,12,0,2
2019-04-10,263.0,72.07299846383727,34.894178619938586,40.10480628838065,1155.3784860557769,367.5364590914502,4.991762048634452,1.4925255128572972,111653.38645418326,2,12,3,2
2019-04-11,196.0,66.07871782515997,34.86774234094155,36.52845692237779,1155.4780876494024,294.3136447294325,0.4492081131786957,2.2314590056275327,111660.85657370517,3,12,2,0
2019-04-12,202.0,74.14072712827644,34.83838312918657,28.20203244026216,1155.5776892430279,341.0053684862193,3.2728827061570107,1.2364951525573373,111668.32669322709,4,12,0,1
2019-04-13,175.0,69.20087378906744,34.80610968119195,44.80800761942135,1155.6772908366534,282.9611311050448,2.673450250079819,1.891760017128143,111675.796812749,5,12,1,1
2019-04-14,150.0,68.58479393967711,34.770931556704504,44.14235637205316,1155.7768924302788,257.8708301824106,2.5443089794582736,2.03121188285334,111683.26693227091,6,12,0,0
2019-04-15,163.0,61.28326496850592,34.73285917586784,39.12764386267326,1155.8764940239043,252.32255753865454,0.8468014232136419,1.86758610092027,111690.73705179284,0,12,3,1
2019-04-16,206.0,69.08882736344063,34.691903816135834,40.95114595385269,1155.9760956175298,332.3501964597289,4.595120939765227,2.320791368499036,111698.20717131475,1,12,2,0
2019-04-17,102.0,63.51618660806169,34.64807760893213,43.283540870656246,1156.0756972111553,138.52070539064425,1.7467170469875082,1.1724021532478288,111705.67729083665,2,12,3,2
2019-04-18,104.0,64.50788959932922,34.601393536056634,32.98448364345402,1156.1752988047808,143.11319465956032,5.831537719710172,0.5155010539963738,111713.14741035858,3,12,3,0
2019-04-19,151.0,63.6471891454993,34.55186542584019,38.25100576158815,1156.2749003984063,171.71719587725056,4.778574964592469,0.21474655288595149,111720.61752988049,4,12,0,1
2019-04-20,199.0,62.41907136597962,34.49950794904851,44.97230750001212,1156.3745019920318,322.222909480846,8.189011346501244,0.6915036871300122,111728.0876494024,5,12,0,1
2019-04-21,225.0,78.40168870781658,34.44433661453647,34.83987965508082,1156.4741035856573,368.3064795963977,3.684780117440174,0.44367400931258105,111735.55776892431,6,12,3,1
2019-04-22,246.0,74.46351142761489,34.38636776465426,42.69505413152463,1156.5737051792828,357.9364550930546,5.038091627012382,1.4390769794427531,111743.02788844622,0,12,1,2
2019-04-23,257.0,77.439028225518,34.32561857040661,34.56585383606975,1156.6733067729083,380.4209658720553,2.0642386565546165,0.5438688093081568,111750.49800796813,1,12,2,0
2019-04-24,232.0,61.75447138903893,34.2621070263665,43.80793585943463,1156.7729083665338,332.92275772618075,0.47145885937233245,0.19344089749449084,111757.96812749005,2,12,1,0
2019-04-25,251.0,68.25834277688195,34.195851945345034,41.43008869782251,1156.8725099601593,384.15307102954984,1.746492513348149,0.18637558928480286,111765.43824701196,3,12,1,1
2019-04-26,223.0,61.4690253975701,34.126872952818836,33.67059501483478,1156.9721115537848,356.9986509060648,4.845647460392209,2.095766796075668,111772.90836653387,4,12,2,0
2019-04-27,248.0,64.49393037345627,34.05519048111681,47.71331581005224,1157.0717131474103,337.14456052237915,4.11985327470065,1.5194798354632597,111780.37848605578,5,12,0,1
2019-04-28,269.0,63.41895220123323,33.98082576336779,38.36539058927418,1157.1713147410358,411.688770612845,2.719896283504803,0.9594047245441075,111787.84860557769,6,12,1,0
2019-04-29,256.0,74.24601961860223,33.90380082721114,38.14113616050581,1157.2709163346613,378.4665645656171,2.4066860609107783,2.246147302576593,111795.31872509961,0,12,0,2
2019-04-30,257.0,66.10678236535526,33.824138488271885,43.35456900961095,1157.370517928287,387.7678878393338,1.190728045125913,0.26847186737851264,111802.78884462152,1,12,2,2
2019-05-01,285.0,73.47096549676884,33.74186234340249,48.2594620603386,1157.4701195219122,436.6798800334858,2.6769216052408407,2.4527729745467823,111810.25896414343,2,12,1,0
2019-05-02,275.0,71.19210606609599,33.65699676369319,37.60689737772163,1157.569721115538,408.73595122454356,2.616209850369772,1.5791002966107064,111817.72908366534,3,12,0,2
2019-05-03,202.0,79.73341031689743,33.56956688725301,43.169265474733834,1157.6693227091632,300.9282629318844,7.912143329263035,0.5403142095252363,111825.19920318725,4,12,0,2
2019-05-04,182.0,60.862979578419576,33.47959861176362,45.18488527812563,1157.768924302789,268.7224966489072,4.545756838149553,1.7297658375447245,111832.66932270916,5,12,1,2
2019-05-05,231.0,74.60260690552992,33.38711858680813,46.69129086269946,1157.8685258964142,365.90632403576564,3.6985954986046097,1.9321150234805504,111840.13944223108,6,12,2,1
2019-05-06,267.0,74.08612724901505,33.292154205977184,44.29789936443176,1157.96812749004,408.87519920254994,3.9618882561672373,1.1304226800898587,111847.609561753,0,12,3,0
2019-05-07,310.0,63.53573901048746,33.19473359875475,41.77539360707389,1158.0677290836654,469.4116707547472,9.011937556990997,2.167918254989314,111855.0796812749,1,12,0,0
2019-05-08,389.0,73.48822387127295,33.094885622185714,39.67227765238497,1158.167330677291,558.0809655781543,2.364125714550984,0.4617577775115287,111862.54980079681,2,12,2,1
2019-05-09,390.0,70.18440488896701,32.99263985232827,44.44543971057534,1158.2669322709164,577.428405135737,2.0811300151118934,0.76921020058626,111870.01992031872,3,12,1,1
2019-05-10,333.0,67.41860541248641,32.88802657549308,38.86325178908581,1158.366533864542,517.4733832067835,9.429565835512264,0.32438166780157546,111877.49003984063,4,12,0,2
2019-05-11,266.0,64.48978417550391,32.78107677927218,29.831094023982597,1158.4661354581674,399.7539314624785,5.61919659625045,0.6061068174576452,111884.96015936256,5,12,0,0
2019-05-12,352.0,65.06854167107406,32.671822143360046,46.839154734068245,1158.565737051793,541.1906293917827,1.943465653662233,0.672949148586748,111892.43027888447,6,12,0,1
2019-05-13,376.0,78.96891296384473,32.56029503016981,49.39908414509135,1158.6653386454184,599.3302360065527,9.585475532874382,2.302319658212104,111899.90039840637,0,12,2,2
2019-05-14,217.0,68.78014985716385,32.44652847524712,33.292280871796564,1158.7649402390439,346.27212138417633,2.5438259668178427,0.28746325300277487,111907.37051792828,1,12,0,0
2019-05-15,194.0,72.74537191891497,32.33055617748467,40.29023412148098,1158.8645418326694,292.86316675399485,2.5450054140555673,1.1257962884505026,111914.8406374502,2,12,0,2
2019-05-16,192.0,64.93929684709214,32.212412489140206,48.67094632674558,1158.9641434262949,277.78021659608544,0.9289195865447274,1.377756849344591,111922.3107569721,3,12,1,0
2019-05-17,257.0,65.05466906606134,32.092132405660955,56.10321253723659,1159.0637450199204,334.429008078882,1.1939230629284003,2.256863329125186,111929.78087649403,4,12,0,2
2019-05-18,176.0,74.42504826859086,31.96975155531773,46.16446542774158,1159.1633466135459,260.63230155054293,6.528444899148992,2.4944709247869126,111937.25099601594,5,12,2,0
2019-05-19,168.0,62.32946584791667,31.845306188651325,42.66937291655168,1159.2629482071713,245.47975008366302,3.0093647138990387,1.908131475807606,111944.72111553785,6,12,1,0
2019-05-20,216.0,67.06451457660624,31.71883316773481,45.647851459006176,1159.3625498007968,331.8073238879075,3.2699363728704327,2.429898377365671,111952.19123505976,0,12,3,0
2019-05-21,206.0,69.37495207773395,31.590369955254427,53.69364218523207,1159.4621513944223,305.9218954605062,7.911822741960325,1.989042718086097,111959.66135458167,1,12,1,0
2019-05-22,167.0,69.82688570749379,31.459954603412925,43.85026989755147,1159.5617529880478,244.0922988112641,4.809837742610078,2.4116863383314,111967.13147410357,2,12,0,2
2019-05-23,228.0,68.44072070359023,31.327625742657965,43.348788481432805,1159.6613545816733,306.41202138985557,1.2039919953992535,1.7974497422666924,111974.6015936255,3,12,3,1
2019-05-24,151.0,71.38238762035992,31.193422570239388,45.19943724861106,1159.7609561752988,207.70064341699867,7.414551955878041,0.29143222108257055,111982.07171314741,4,12,1,0
2019-05-25,125.0,72.93558635978977,31.057384838598594,43.11858728150925,1159.8605577689243,197.03302081601115,6.717314099373296,1.0646084487824237,111989.54183266932,5,12,0,0
2019-05-26,135.0,73.21341130549999,30.919552843593326,48.77424589278733,1159.9601593625498,236.81815262265388,3.0165342342886867,1.651833481125929,111997.01195219123,6,12,1,0
2019-05-27,163.0,64.68099725037999,30.779967412561753,56.563457467224296,1160.0597609561753,242.54949232508753,1.0033160481447978,0.9417244226902023,112004.48207171314,0,12,2,0
2019-05-28,175.0,68.25988956424158,30.638669892228876,50.338056581122395,1160.1593625498008,269.05622147148244,4.395785190040755,0.7561214034730686,112011.95219123505,1,12,0,2
2019-05-29,191.0,75.72596324115509,30.49570213645921,47.74682821645014,1160.2589641434263,305.5495631390561,1.4401217833063982,1.4857582411194183,112019.42231075697,2,12,2,1
2019-05-30,226.0,74.2976826909398,30.351106493859124,47.838730667704034,1160.3585657370518,322.782121275995,2.7244350036936447,2.3404045040858437,112026.89243027888,3,12,0,1
2019-05-31,266.0,63.03323984497825,30.204925795232878,41.774194366050956,1160.4581673306773,406.33628086570883,2.8832668021641013,0.18395649643876855,112034.36254980079,4,12,2,1
2019-06-01,300.0,71.72879783131323,30.057203340895562,54.30114220394467,1160.5577689243028,435.19019787335685,1.5502524908201316,1.9461548884994504,112041.83266932271,5,12,3,2
2019-06-02,222.0,60.15488230920241,29.907982887847098,49.794848239241794,1160.6573705179283,350.2964887698202,8.153996296165436,1.834545467307105,112049.30278884462,6,12,2,1
2019-06-03,232.0,70.35602019189635,29.757308636810976,49.58298315842492,1160.7569721115538,351.02806095903463,1.9235310005243027,2.413488220931889,112056.77290836653,0,12,1,2
2019-06-04,212.0,79.68622247415918,29.605225219141396,66.7550874009415,1160.8565737051792,323.96903627962877,7.811329723472957,2.3337069335981044,112064.24302788846,1,12,0,2
2019-06-05,190.0,65.5346475718535,29.451777683603144,52.590209174622146,1160.9561752988047,269.3480280516282,3.640407535317589,1.929358148906063,112071.71314741037,2,12,1,0
2019-06-06,209.0,66.17987903102832,29.297011483027553,47.64702178346897,1161.0557768924302,327.6406471922157,0.8817753920024589,1.3489810352382368,112079.18326693228,3,12,2,2
2019-06-07,192.0,74.24966267743983,29.140972460848936,49.586267097274416,1161.1553784860557,329.69425842462033,3.053568331197247,0.5902421277604476,112086.65338645419,4,12,0,1
2019-06-08,184.0,62.79413900518921,28.983706837525126,57.774814870933525,1161.2549800796812,255.8417660914359,8.082366397188723,1.4085657239813785,112094.1235059761,5,12,2,1
2019-06-09,237.0,67.42359425215147,28.82526119684668,52.91582965899546,1161.3545816733067,348.7048198470495,2.9629083898263398,1.936844785407169,112101.59362549802,6,12,3,1
2019-06-10,230.0,73.6493644518397,28.665682472138105,45.47724516413696,1161.4541832669322,349.63214948336184,1.8492509010337737,2.2496061103309435,112109.06374501993,0,12,3,0
2019-06-11,315.0,67.57606179537511,28.505017932355745,57.586108808164525,1161.5537848605577,488.2281242399163,6.512431117180684,1.9953088221053177,112116.53386454184,1,12,3,0
2019-06-12,280.0,69.64849247990202,28.34331516808623,49.97264923613257,1161.6533864541832,408.80907429421063,1.6739130496315195,0.5686406444585296,112124.00398406375,2,12,2,0
2019-06-13,189.0,74.63061751285042,28.180622077449488,63.00524472618875,1161.7529880478087,226.8393941971452,2.655144206735428,1.5392471541473427,112131.47410358566,3,12,2,2
2019-06-14,167.0,73.0992369917273,28.016986851911007,59.366266624751226,1161.8525896414342,277.6837898832805,3.2057289606102146,0.8972163028752568,112138.94422310757,4,12,3,1
2019-06-15,217.0,72.4078630004736,27.852457962006852,52.05847459769254,1161.9521912350597,340.71012239168283,2.684766317742729,0.12209360173754319,112146.41434262949,5,12,2,2
2019-06-16,205.0,69.46084653215671,27.68708414298622,61.03091352270313,1162.0517928286852,272.6410493902667,3.5150841609878465,0.5805302458927986,112153.8844621514,6,12,1,2
2019-06-17,126.0,73.08984838615702,27.520914380375533,55.29744879188595,1162.1513944223107,176.84862416440888,2.911549180943866,0.3717295598402782,112161.35458167331,0,12,2,1
2019-06-18,119.0,70.70433765176706,27.35399789546829,59.55587258467452,1162.2509960159362,209.86364859054652,1.5173913851318792,2.1225258964947247,112168.82470119522,1,12,1,0
2019-06-19,173.0,73.69583598425625,27.186384130745356,58.05089582498166,1162.3505976095616,288.45592836915733,2.4794221930405085,0.7204150051547487,112176.29482071713,2,12,3,1
2019-06-20,175.0,69.00627850679538,27.01812273522944,51.73197125458675,1162.4501992031874,281.2728004535789,4.838749565496169,0.7832751253301331,112183.76494023904,3,12,2,2
2019-06-21,178.0,70.662523353213,26.849263549778584,53.083723738855525,1162.5498007968126,263.4777513208027,7.717527488475408,2.4038477723173224,112191.23505976096,4,12,3,2
2019-06-22,185.0,66.71028274107863,26.679856592322615,61.79009090326058,1162.6494023904384,279.1597483762502,1.1091047714445337,1.0098081353172452,112198.70517928287,5,12,0,0
2019-06-23,153.0,71.56998592844508,26.509952043047495,55.306219253372305,1162.7490039840636,226.88148389747747,1.3164030318419515,0.12300553634654694,112206.17529880478,6,12,2,2
2019-06-24,118.0,67.77519556709014,26.33960022953127,55.30255722472747,1162.8486055776893,199.56479566537675,5.373944036598993,0.7812307560307277,112213.64541832669,0,12,2,2
2019-06-25,131.0,66.34534194327178,26.168851611836526,52.88668387958018,1162.9482071713146,178.9831518700978,10.207169988623741,0.38631899344434983,112221.1155378486,1,12,3,1
2019-06-26,161.0,73.29442735549515,25.9977567675636,60.122481792840105,1163.0478087649403,225.38400690231592,2.053704187531628,0.3467405481660495,112228.58565737051,2,12,3,0
2019-06-27,169.0,73.1505156908539,25.82636637686882,68.65989184247809,1163.1474103585658,273.7054917367203,1.4640449196938057,0.2859694963257988,112236.05577689243,3,12,3,1
2019-06-28,207.0,76.08700307101653,25.654731207452663,53.35287301382331,1163.2470119521913,309.61277088976874,7.194512286219217,1.5238227284209056,112243.52589641434,4,12,0,1
2019-06-29,223.0,70.10292110236365,25.482902099521723,59.15529308432034,1163.3466135458168,362.06934710907615,6.998434837369611,0.5544345367116607,112250.99601593625,5,12,0,1
2019-06-30,234.0,74.38479925881913,25.310929950729314,66.43924287561852,1163.4462151394423,337.5697558603891,0.3254713228210368,0.966982705698425,112258.46613545816,6,12,3,2
2019-07-01,195.0,75.18455501081887,25.138865701098904,59.324061641573614,1163.5458167330678,291.4044327932235,0.5910914541777548,2.16884251871204,112265.93625498007,0,12,2,2
2019-07-02,202.0,74.7404888801903,24.966760317935343,62.328338345377986,1163.6454183266933,284.55174030312094,1.2849268207880462,1.1184115355110615,112273.40637450198,1,12,2,0
2019-07-03,162.0,68.47439919562547,24.794664780727647,55.098702797810304,1163.7450199203188,243.14725362847133,5.524227726440416,2.2976592401239304,112280.8764940239,2,12,3,2
2019-07-04,111.0,73.43550237833178,24.62263006604835,62.89627535394154,1163.8446215139443,136.929061260024,3.2611308577712412,1.2950513281494551,112288.34661354581,3,12,1,0
2019-07-05,113.0,74.59534791404644,24.45070713245373,60.1628644100698,1163.9442231075698,159.74733158090075,3.972731978737045,1.0572078756154137,112295.81673306772,4,12,0,1
2019-07-06,99.0,72.89641888184512,24.278946905389176,66.37075616762097,1164.0438247011953,119.77492270143765,8.676288195265204,1.900933425017684,112303.28685258963,5,12,0,1
2019-07-07,101.0,62.513911577092195,24.107400262104747,67.72212973361427,1164.1434262948208,165.37846466382516,1.8815717818283062,0.27562023704320504,112310.75697211154,6,12,1,2
2019-07-08,129.0,73.8343891115751,23.93611801658461,75.07558217692385,1164.2430278884462,207.83178679519304,4.293225619657727,0.31474811915780176,112318.22709163347,0,12,3,2
2019-07-09,131.0,84.18007974473846,23.765150904495492,65.3678640570769,1164.3426294820717,161.8947453903131,5.645944239011055,1.6647369134151055,112325.69721115539,1,12,2,0
2019-07-10,150.0,71.40252887213606,23.59454956815804,64.43988244659475,1164.4422310756972,251.67771491001145,2.2872516181380176,1.268657711774196,112333.1673306773,2,12,2,2
2019-07-11,300.0,69.64743223995026,23.42436454154625,64.12319242479418,1164.5418326693227,499.9483025283971,1.4076516036728568,1.9969966007661046,112340.63745019921,3,12,0,2
2019-07-12,294.0,75.23941968089768,23.254646235318617,61.724876065309324,1164.6414342629482,441.9201277347268,6.914286422707301,2.2990500096244753,112348.10756972112,4,12,1,2
2019-07-13,312.0,75.01916859138987,23.08544492188596,65.52152937353654,1164.7410358565737,455.1777147955071,4.155218593874649,1.032080506411714,112355.57768924303,5,12,2,1
2019-07-14,243.0,79.50527046682195,22.916810720520246,62.68937150826436,1164.8406374501992,420.98661182006094,0.8499189163386593,1.531384063803151,112363.04780876495,6,12,0,2
2019-07-15,180.0,67.33626242920127,22.748793582508565,65.34471771633093,1164.9402390438247,243.6206300339498,8.67940123922272,1.3016719067087437,112370.51792828686,0,12,2,2
2019-07-16,117.0,77.36617962469636,22.581443276357223,71.42510112532536,1165.0398406374502,175.90212933738198,4.596395180382217,2.455865573541839,112377.98804780877,1,12,2,1
2019-07-17,92.0,76.74470561973249,22.414809373049636,60.137668427502526,1165.1394422310757,141.59244545263846,5.988505336418498,2.094602577655828,112385.45816733068,2,12,2,1
2019-07-18,98.0,73.1647966996158,22.24894123136292,71.20151034291939,1165.2390438247012,173.90295240904828,3.6506508119322145,2.2881704998656485,112392.92828685259,3,12,0,1
2019-07-19,142.0,75.65149259798487,22.083887983247166,72.41779937020499,1165.3386454183267,220.19477950253577,1.7830662155629056,0.71041621018625,112400.3984063745,4,12,1,1
2019-07-20,137.0,79.18743814835568,21.91969851927221,65.57026032650019,1165.4382470119522,195.52732208423097,3.8736821777373143,1.9540634155902263,112407.86852589643,5,12,3,2
2019-07-21,123.0,78.48336616306946,21.756421474145583,55.87788255666586,1165.5378486055777,165.47631259224087,7.545310080922678,0.7371357399943573,112415.33864541833,6,12,1,2
2019-07-22,124.0,68.48785083347815,21.594105212306417,63.772679639915005,1165.6374501992032,179.16356359507728,2.6704820304338477,0.6009820802281357,112422.80876494024,0,12,2,2
2019-07-23,156.0,78.38439202697772,21.432797813599407,73.61937710560673,1165.7370517928287,213.8614527810971,1.4127742836432635,2.366238783173322,112430.27888446215,1,12,1,0
2019-07-24,165.0,74.04028344532097,21.272547059032892,67.34056557043981,1165.8366533864541,248.45650639569365,15.396734148672405,0.14633060012287996,112437.74900398406,2,12,2,1
2019-07-25,98.0,74.80767028176467,21.113400416625815,62.77668800527382,1165.9362549800796,135.71607640279026,3.804462165924949,2.416932888792231,112445.21912350597,3,12,0,2
2019-07-26,94.0,74.88828244133495,20.955405027347034,65.56531533916484,1166.0358565737051,111.11924413420499,3.8386457905633975,0.4582285527731349,112452.6892430279,4,12,0,2
2019-07-27,85.0,73.84948121043284,20.798607691151723,72.60588475021932,1166.1354581673306,152.60291576749808,2.779201918876185,2.0666513963038433,112460.1593625498,5,12,0,2
2019-07-28,83.0,80.63701005897603,20.643054853118592,71.44755813476971,1166.2350597609561,114.54654953141922,4.257373969221456,0.7622141273634474,112467.62948207172,6,12,2,1
2019-07-29,82.0,74.33701390590767,20.488792589692537,67.82775432476646,1166.3346613545816,97.63726390049375,5.980949689915195,0.9416855858337456,112475.09960159363,0,12,1,1
2019-07-30,90.0,69.23433606056608,20.33586659503616,67.49414475085425,1166.434262948207,131.63481731024916,5.128569590650619,0.6202185071727638,112482.56972111553,1,12,3,1
2019-07-31,90.0,72.940189636404,20.1843221674947,67.6725649197915,1166.5338645418326,136.3674313193532,7.0400444776507065,1.5052337019545912,112490.03984063744,2,12,3,2
2019-08-01,98.0,75.87637148596326,20.03420419617821,65.31954068515107,1166.633466135458,112.07066548841934,3.8678157669865794,0.9354293140188977,112497.50996015937,3,12,0,1
2019-08-02,95.0,81.20329534765287,19.88555714766477,78.30576415201767,1166.7330677290836,149.13295334251526,2.6713998823546277,1.6777432947871918,112504.98007968128,4,12,3,2
2019-08-03,104.0,78.14626089832957,19.7384250528292,68.9115475482849,1166.832669322709,135.05684862619472,7.1316622230583615,0.13755356306095834,112512.45019920319,5,12,2,0
2019-08-04,101.0,70.95089785936453,19.59285149380051,76.90008961652646,1166.9322709163346,185.72057618381575,8.054115238778515,0.2544997204360951,112519.9203187251,6,12,1,1
2019-08-05,108.0,87.70150978786825,19.448879591052428,78.7088210775074,1167.03187250996,172.4792102415347,2.635074126944751,0.33918676655499674,112527.390438247,0,12,3,1
2019-08-06,99.0,76.67060055957455,19.30655199063068,76.37845050947844,1167.1314741035856,140.50200019781366,1.4391440079793887,1.1055848447445547,112534.86055776892,1,12,3,2
2019-08-07,104.0,81.79399826423476,19.165910851520643,69.51007673336848,1167.231075697211,141.096644593653,3.305673060891005,2.0555108143839425,112542.33067729084,2,12,1,1
2019-08-08,99.0,74.72792891553408,19.026997833159566,73.9646547853639,1167.3306772908365,146.40064584872752,1.5922685959708778,2.2316269849081185,112549.80079681275,3,12,3,1
2019-08-09,89.0,78.22186918197899,18.889854083096495,72.09931380185243,1167.430278884462,145.7558148316658,3.044235560061801,0.6875457761461617,112557.27091633466,4,12,1,2
2019-08-10,75.0,79.82008241019005,18.75452022480395,67.97245024674145,1167.5298804780878,111.990117428296,4.5115817395128035,1.4784873381736336,112564.74103585657,5,12,2,2
2019-08-11,83.0,81.78045538594893,18.621036345644725,74.37972371731857,1167.629482071713,120.15682385726286,1.398755301890548,1.9440759824622411,112572.21115537848,6,12,2,2
2019-08-12,80.0,81.04212053439227,18.489441984997715,67.12591707420556,1167.7290836653387,121.16740581635791,3.2256812765316836,0.7931906318070608,112579.68127490039,0,12,2,0
2019-08-13,85.0,80.18109693909197,18.359776122545835,79.21884469721614,1167.828685258964,115.42282137526091,3.4206493388890675,1.0816185681670558,112587.15139442231,1,12,0,2
2019-08-14,93.0,74.30852776066455,18.232077166729823,71.2127591800484,1167.9282868525897,132.63588146313924,6.198076591355418,1.3575380864457134,112594.62151394422,2,12,2,1
2019-08-15,93.0,73.08807831853406,18.10638294337128,74.79303239262164,1168.0278884462152,97.78415122189992,8.274862980603402,0.42369963137931443,112602.09163346613,3,12,3,0
2019-08-16,73.0,77.67167220938691,17.982730684468137,75.45097798879443,1168.1274900398407,128.97452461704736,2.6095306651524495,0.16235750494187276,112609.56175298804,4,12,0,2
2019-08-17,67.0,80.7350618531222,17.86115701716629,72.98316109714703,1168.2270916334662,106.47595560643524,11.589455277200809,0.4667339423638798,112617.03187250995,5,12,0,0
2019-08-18,66.0,75.0155475196619,17.741697952910137,77.4500731015561,1168.3266932270917,83.53088311933139,5.494313436364038,1.60444869100848,112624.50199203187,6,12,0,0
2019-08-19,99.0,81.51366539018412,17.624388876775647,72.37670396333608,1168.4262948207172,186.47469962710477,2.4299723859447697,0.276683827680836,112631.97211155378,0,12,2,1
2019-08-20,103.0,83.50845145893648,17.509264536988827,79.33795741330857,1168.5258964143427,156.24032960784774,2.5687439671307972,0.5552712756403079,112639.44223107569,1,12,0,0
2019-08-21,107.0,71.72021588731639,17.396359034633036,68.47738352950019,1168.6254980079682,139.77712856049607,2.367286928397491,0.9108493256687289,112646.9123505976,2,12,2,2
2019-08-22,125.0,72.17254357424468,17.285705813547814,76.06048627063643,1168.7250996015937,204.63474842940917,2.2396946470672696,0.2868881543352792,112654.38247011951,3,12,2,0
2019-08-23,130.0,75.7094558802621,17.17733765042244,85.33996969444654,1168.8247011952192,202.96096433018525,7.490780752586105,0.5600782507879226,112661.85258964142,4,12,0,0
2019-08-24,149.0,78.00242001840239,17.071286645087177,70.85577008679778,1168.9243027888447,231.39159970968439,5.879974211286823,2.2870474935604266,112669.32270916336,5,12,0,1
2019-08-25,107.0,73.89337282566233,16.967584211004834,72.67610672536608,1169.0239043824702,151.9848879069682,2.7776281467749233,0.14631791734476343,112676.79282868527,6,12,3,1
2019-08-26,77.0,83.32788286135278,16.8662610659659,78.83701711636277,1169.1235059760957,124.50991447556069,1.8928372488821636,1.6682366180184691,112684.26294820718,0,12,0,2
2019-08-27,114.0,78.73666069609749,16.767347222989528,77.36321446371893,1169.2231075697212,165.76483419557812,6.909379553158899,1.0225814341964439,112691.73306772909,1,12,2,1
2019-08-28,119.0,76.86179925048702,16.670871981433358,78.41140653350108,1169.3227091633466,189.61882903291684,3.764398237251939,1.7143569746376908,112699.203187251,2,12,3,2
2019-08-29,103.0,69.53202042150002,16.57686391831468,79.29220781410896,1169.4223107569721,116.40111091978721,1.2035355860197452,1.512860128872171,112706.67330677291,3,12,3,2
2019-08-30,110.0,70.1782454779396,16.485350879845726,80.2029055831174,1169.5219123505976,156.32253074041623,0.2991472177054299,0.6363970104511463,112714.14342629483,4,12,2,1
2019-08-31,123.0,78.20686626481643,16.396359973185213,82.75577926341069,1169.6215139442231,218.9431019561639,2.8512486269754045,2.1333027701761327,112721.61354581674,5,12,0,0
2019-09-01,123.0,66.18206309002134,16.309917558408966,79.42925816782463,1169.7211155378486,169.158650891994,4.034302418028707,1.280656918262456,112729.08366533865,6,12,0,1
2019-09-02,105.0,81.95016242786947,16.22604924070176,76.34161324550378,1169.820717131474,145.42323405013627,4.747369012188616,2.0740864453923322,112736.55378486056,0,12,1,0
2019-09-03,131.0,76.13684084675204,16.144779862772733,81.07330878046818,1169.9203187250996,187.5407732310005,8.690360474439728,1.074430086851726,112744.02390438247,1,12,0,0
2019-09-04,165.0,93.18239809922525,16.066133497496807,87.36714267948247,1170.019920318725,223.20387728222713,0.7438066818929251,2.4632453293965737,112751.49402390438,2,12,1,2
2019-09-05,118.0,88.54451453268857,15.990133440783975,77.35656438651918,1170.1195219123506,132.83438447543494,3.793411010116458,1.9491744604031112,112758.9641434263,3,12,3,2
2019-09-06,96.0,76.134353551423,15.916802204678817,73.29374906728916,1170.219123505976,139.38827202952774,3.2441533274369156,2.4182804922701764,112766.43426294821,4,12,3,1
2019-09-07,95.0,76.54523423199736,15.846161510692138,83.84308032505058,1170.3187250996016,145.21718848163314,1.4491649155570543,1.3343835493836613,112773.90438247012,5,12,3,0
2019-09-08,99.0,82.08879142832669,15.778232283366913,77.84162961349818,1170.418326693227,147.44989862922696,6.342156679015901,1.2368587174976813,112781.37450199203,6,12,1,1
2019-09-09,107.0,85.65934572755012,15.713034644080139,67.71058298176953,1170.5179282868526,157.60242876104226,2.7715262773951768,1.913089142380619,112788.84462151394,0,12,2,2
2019-09-10,139.0,68.98456076027857,15.650587905082686,82.93593257558673,1170.617529880478,209.36081741700775,3.215007808689005,2.2126990312322325,112796.31474103585,1,12,2,0
2019-09-11,166.0,68.27266739133717,15.59091056377881,76.14153794267277,1170.7171314741036,269.4568294310153,1.7609585557324237,2.4139499100773394,112803.78486055777,2,12,3,1
2019-09-12,158.0,74.12281582360461,15.534020297246967,78.47929299398525,1170.816733067729,233.19107628141566,3.7082433742034793,0.8789245744779993,112811.25498007968,3,12,1,1
2019-09-13,103.0,80.17372093736745,15.47993395700375,80.70003373883758,1170.9163346613545,143.0183484582546,4.922440816745768,2.0168909772223333,112818.7250996016,4,12,1,2
2019-09-14,85.0,79.77003417053186,15.42866756401223,80.09516327087087,1171.01593625498,121.87749030223827,3.6796207721746463,0.6055494343252881,112826.1952191235,5,12,3,2
2019-09-15,83.0,82.65873912295106,15.380236303936393,82.78678647782242,1171.1155378486055,136.0869351951355,2.334518036319261,1.4093784321890686,112833.66533864541,6,12,0,2
2019-09-16,111.0,71.33418509685197,15.334654522642976,77.15325910186483,1171.215139442231,194.740537570865,5.213241626348523,0.531635556182078,112841.13545816732,0,12,3,2
2019-09-17,143.0,65.77331282417958,15.291935721952047,81.98165754697632,1171.3147410358565,201.93712521661644,5.316900296733508,0.9337536682008132,112848.60557768925,1,12,1,1
2019-09-18,117.0,81.66402469869189,15.25209255563766,78.19808150080509,1171.414342629482,177.47867574057767,4.828005353271234,2.335260081295502,112856.07569721116,2,12,0,2
2019-09-19,80.0,73.251450222334,15.215136825679638,83.26377875307824,1171.5139442231075,126.7671488387192,6.243932181023046,0.45061767945540665,112863.54581673307,3,12,2,2
2019-09-20,96.0,67.31702093867295,15.18107947876771,82.71467846252983,1171.613545816733,124.14843986542354,2.379820313419499,1.6177621483244715,112871.01593625497,4,12,0,1
2019-09-21,112.0,78.15035342826742,15.149930603058962,75.0229452836591,1171.7131474103585,168.40834334425836,2.109503509919661,1.5230902550257681,112878.48605577688,5,12,2,1
2019-09-22,86.0,81.40502872849855,15.12169942518965,85.18651173049587,1171.812749003984,99.6865228531581,1.8305409244074127,0.3897720465015675,112885.95617529881,6,12,1,0
2019-09-23,89.0,76.84151718562255,15.096394307542143,77.12739415934547,1171.9123505976095,98.11899392521202,1.3156650147766262,0.8823497050451491,112893.42629482072,0,12,3,1
2019-09-24,103.0,75.17374669620361,15.074022745767907,83.89224349986992,1172.011952191235,161.83492815784513,2.0939382259064327,1.451155610836638,112900.89641434263,1,12,3,0
2019-09-25,100.0,76.67589315598687,15.054591366567207,81.72725383387228,1172.1115537848605,142.32250517338434,2.2679952335403493,0.5492286615723766,112908.36653386454,2,12,3,2
2019-09-26,87.0,75.62803322513298,15.038105925726192,89.11470653252323,1172.211155378486,134.5456081524244,1.840652846091326,2.021496775390757,112915.83665338645,3,12,3,0
2019-09-27,78.0,70.74747878709316,15.024571306412003,78.83352747531674,1172.3107569721114,116.642100459833,3.1884013651068517,2.4331756228834,112923.30677290836,4,12,3,0
2019-09-28,78.0,73.9196008561847,15.013991517726293,78.22543298395642,1172.4103585657372,97.47199902672405,0.9844184220207799,0.6154225599099329,112930.77689243028,5,12,1,2
2019-09-29,68.0,80.10321467831022,15.006369693517703,79.89016258352592,1172.5099601593624,101.09491396071327,6.242894686323875,0.5485887154973822,112938.2470119522,6,12,1,2
2019-09-30,75.0,79.10753866115571,15.001708091453578,78.48068490292147,1172.6095617529882,87.83797389970289,2.990883626741096,1.191844172313867,112945.71713147411,0,12,3,2
2019-10-01,98.0,78.3402949836585,15.000008092351221,83.9996933250078,1172.7091633466134,174.819447160028,4.010523842257681,1.8946366651360773,112953.18725099602,1,12,0,0
2019-10-02,105.0,72.52362249084865,15.001270199768884,71.91590655827929,1172.8087649402391,130.38059310280073,1.3903250034294445,0.7758414645646033,112960.65737051793,2,12,3,1
2019-10-03,140.0,76.58973716939336,15.005494039856604,74.72059982455502,1172.9083665338644,206.08429458062838,3.304552216206606,0.14771178087347298,112968.12749003984,3,12,2,1
2019-10-04,113.0,66.60833558705225,15.01267836146694,74.63562866917016,1173.0079681274901,148.65456823905504,4.729956711592164,1.3989295072789456,112975.59760956177,4,12,2,1
2019-10-05,108.0,78.38097280116416,15.022821036525581,84.7058958868167,1173.1075697211156,173.40842346721593,3.7219804869957036,2.3958413626415385,112983.06772908368,5,12,2,2
2019-10-06,127.0,84.62632900873697,15.035919060661707,88.48122874158622,1173.2071713147411,183.87137257436996,6.881258995573669,1.0390644529766693,112990.53784860559,6,12,2,2
2019-10-07,133.0,70.10335506274052,15.051968554097906,79.37381679911684,1173.3067729083666,189.1266656075758,4.1520209265629555,1.108322930039441,112998.0079681275,0,12,3,1
2019-10-08,123.0,74.53487925201152,15.070964762799413,79.01396185845113,1173.406374501992,201.5640309010311,0.9423355555421977,2.425364121073691,113005.4780876494,1,12,2,2
2019-10-09,165.0,79.0990828636095,15.092902059882318,80.16445669580126,1173.5059760956176,248.08861183355106,2.3768030633823263,1.767058267904148,113012.94820717131,2,12,0,0
2019-10-10,208.0,83.70532619849727,15.117773947280286,85.57384361848038,1173.605577689243,322.33288891871933,1.2689472183894774,1.8260126148211004,113020.41832669324,3,12,3,0
2019-10-11,243.0,75.18609038966457,15.145573057669372,75.07208821370838,1173.7051792828686,344.8734812696507,6.016132476609621,1.4504848128905623,113027.88844621515,4,12,2,2
2019-10-12,235.0,73.95060277534536,15.176291156650299,80.83926260037333,1173.804780876494,324.4036611214499,3.281468889278893,2.4390621060717796,113035.35856573706,5,12,3,1
2019-10-13,282.0,67.5504247153258,15.20991914518757,84.456149858537,1173.9043824701196,425.14415924080265,7.155680598779825,1.7532795626213347,113042.82868525897,6,12,3,1
2019-10-14,285.0,77.89396711538816,15.246447062304728,82.01257672508977,1174.003984063745,421.1230728901054,0.9982480950728508,2.2480786038524068,113050.29880478088,0,12,3,0
2019-10-15,291.0,87.56744815670129,15.285864088034863,80.376179906924,1174.1035856573706,449.0286934490789,2.459730330728557,1.7785092777597309,113057.76892430279,1,12,1,2
2019-10-16,320.0,78.72271303651056,15.328158546625637,84.34891336958444,1174.203187250996,478.401830946749,4.197365561112022,1.8642779796169504,113065.23904382471,2,12,2,1
2019-10-17,300.0,77.20194614908256,15.373317909997748,65.73720271500831,1174.3027888446215,454.1015067846926,2.043253367838011,0.7969862131413916,113072.70916334662,3,12,1,1
2019-10-18,265.0,78.89974715310696,15.421328801455918,82.5467189947427,1174.402390438247,365.0323494011751,0.9794491135158375,0.8283488752331656,113080.17928286853,4,12,0,2
2019-10-19,170.0,77.2084514804314,15.47217699965117,75.78526758506054,1174.5019920318725,292.76873879228515,8.165132585217158,1.97916315898247,113087.64940239044,5,12,0,2
2019-10-20,242.0,73.17200441730266,15.525847442793374,69.79514063013096,1174.601593625498,359.71516029935935,6.27523179083863,0.812095094007759,113095.11952191235,6,12,1,1
2019-10-21,254.0,81.32523746183217,15.58232423311271,81.39136453139949,1174.7011952191235,394.951739406784,2.0428894966672906,1.450648169923676,113102.58964143426,0,12,2,2
2019-10-22,243.0,78.3080122947744,15.641590641568742,85.5851114426773,1174.800796812749,347.77816659560744,3.563336875278744,0.6984455461760847,113110.05976095618,1,12,3,2
2019-10-23,248.0,77.23625170326538,15.7036291128058,77.90549920124994,1174.9003984063745,378.1601980443468,1.3496037092927846,2.0607601139417664,113117.52988047809,2,12,0,2
2019-10-24,335.0,72.23895922843226,15.768421270352983,83.22753019530873,1175.0,476.4431047295051,2.252168905476548,0.365203242946456,113125.0,3,12,0,1
2019-10-25,331.0,83.59956569864003,15.83594792206753,86.38949544580817,1175.0996015936255,505.5413567651934,0.9324589917626049,2.0906719354279946,113132.47011952191,4,12,0,0
2019-10-26,315.0,80.3704191937557,15.906189065819728,84.76219413628077,1175.199203187251,465.38051831228336,11.277410043325338,1.5465515212182444,113139.94023904382,5,12,2,2
2019-10-27,354.0,74.24583386545463,15.979123895417729,86.24157485602151,1175.2988047808765,531.5838100787114,3.5775897767852367,0.5485828835849855,113147.41035856574,6,12,1,1
2019-10-28,417.0,81.98175886502435,16.054730806770657,81.60117584181815,1175.398406374502,639.459480602602,2.3549822985527276,1.4008849252146838,113154.88047808765,0,12,1,0
2019-10-29,419.0,74.44565210593004,16.13298740428786,78.11119338593224,1175.4980079681275,603.8491937755944,0.7111047657168104,0.7779972084336171,113162.35059760956,1,12,2,1
2019-10-30,452.0,72.9830472836884,16.21387050751281,69.56242992548854,1175.597609561753,664.3101653877441,2.65564701698592,0.8763216033531918,113169.82071713147,2,12,0,1
2019-10-31,460.0,73.05280633360388,16.297356157989356,76.17497524337155,1175.6972111553785,699.1464856217353,2.3567959948594974,0.9436672998325127,113177.29083665338,3,12,2,1
2019-11-01,591.0,67.95294742138026,16.383419626358567,73.01692777070191,1175.796812749004,928.4644294909349,1.7637578317635727,0.25196619273357024,113184.76095617529,4,12,2,0
2019-11-02,473.0,79.12169419224917,16.47203541968371,87.91064274812166,1175.8964143426294,706.7383533067704,2.4337133709937535,2.466308042563402,113192.23107569721,5,12,1,1
2019-11-03,659.0,67.56268696380744,16.56317728900163,75.99421635983506,1175.996015936255,1000.0,1.1205614061693563,0.17568310751493782,113199.70119521912,6,12,2,0
2019-11-04,532.0,70.52937172512223,16.656818237097937,77.30238755972655,1176.0956175298804,795.8605706028304,6.7643385060194845,1.6899924956422683,113207.17131474103,0,12,2,2
2019-11-05,385.0,66.2455946913554,16.752930526503885,79.25156582719455,1176.195219123506,616.344911895126,6.204859143694431,0.9909463546178333,113214.64143426294,1,12,0,0
2019-11-06,265.0,76.14390869218926,16.85148568771256,76.51504085643715,1176.2948207171314,362.55556666069486,7.58331148197177,1.6504246982720774,113222.11155378485,2,12,3,1
2019-11-07,296.0,75.77217043483476,16.952454527611756,84.57034614693025,1176.394422310757,445.89242089338717,0.6247030122924296,0.9549958074102011,113229.58167330676,3,12,0,0
2019-11-08,346.0,74.8386153650025,17.055807138131375,72.775138915065,1176.4940239043824,486.48911932875876,10.835626434266377,1.717001551021261,113237.05179282869,4,12,1,1
2019-11-09,321.0,71.20635507409588,17.16151290510247,76.65001146598128,1176.593625498008,431.3685685892657,3.0197758700485617,1.850165222724066,113244.5219123506,5,12,3,2
2019-11-10,339.0,70.504060974154,17.269540517325595,71.74856603685856,1176.6932270916334,514.4492410623564,0.9355273726923049,1.7573263369591476,113251.9920318725,6,12,0,0
2019-11-11,376.0,78.63192032981017,17.379857975845386,68.64017149220571,1176.7928286852589,566.7899559229492,1.2176830190017323,0.3735087552595655,113259.46215139441,0,12,2,2
2019-11-12,475.0,73.50102403974302,17.492432603429076,71.95628933861542,1176.8924302788844,706.803261245156,3.1564703161040737,1.6765437631712432,113266.93227091632,1,12,2,0
2019-11-13,532.0,77.7781760805578,17.60723105424585,74.60035390626624,1176.9920318725099,795.8761181992049,4.290804569179026,0.7719701186898336,113274.40239043823,2,12,3,1
2019-11-14,537.0,71.71164690750679,17.724219323744197,72.40505022992531,1177.0916334661354,867.4659886814252,2.0493039599720313,0.16912328936640045,113281.87250996016,3,12,3,0
2019-11-15,595.0,76.98363233449314,17.843362758724542,70.85116958318164,1177.1912350597609,887.3364972393713,2.2297778138207907,1.0955936125334895,113289.34262948208,4,12,2,2
2019-11-16,438.0,82.53407715277845,17.964626067603746,67.03916054643334,1177.2908366533864,667.2024872250015,1.9507058251421647,1.1405034467291226,113296.81274900399,5,12,1,0
2019-11-17,273.0,78.88684233652944,18.087973330868948,73.40852547511864,1177.3904382470118,396.51270360772236,5.540315846032001,1.2212179200458717,113304.2828685259,6,12,0,2
2019-11-18,245.0,73.83124690305895,18.213368011717286,66.04966210641042,1177.4900398406376,373.40465150081207,1.7053138686290967,1.791577996937719,113311.75298804781,0,12,2,2
2019-11-19,251.0,77.11560836834035,18.340772966878575,77.11873388469087,1177.5896414342628,371.7353264988877,1.692078966906889,0.8412251419419019,113319.22310756972,1,12,0,1
2019-11-20,315.0,74.56159889854023,18.470150457617425,73.47189784943767,1177.6892430278886,464.2896303454054,11.207063046117838,0.8566732314494141,113326.69322709164,2,12,0,0
2019-11-21,375.0,75.73866984301768,18.601462160911932,65.50931818085148,1177.7888446215138,598.8779706440065,1.401190531060472,0.24532541497902544,113334.16334661355,3,12,0,2
2019-11-22,377.0,74.0046101488548,18.73466918080537,70.98461625313995,1177.8884462151395,589.0436992636868,1.0116989225348185,1.7483709183815104,113341.63346613546,4,12,0,1
2019-11-23,334.0,74.74345794060926,18.869732059927564,68.49975385219196,1177.9880478087648,503.7349329479846,3.186933253304422,1.4627826193590014,113349.10358565737,5,12,1,1
2019-11-24,264.0,76.55716136977952,19.00661079118272,73.58265096973045,1178.0876494023905,349.9157612811207,2.0609817317764274,0.9386202704650913,113356.57370517928,6,12,1,1
2019-11-25,269.0,70.46057408729037,19.145264829599757,78.41172257091621,1178.187250996016,396.2798155349486,3.505338622607624,1.7924535494016511,113364.04382470119,0,12,1,2
2019-11-26,284.0,70.27777931287895,19.285653104342323,62.05283144308663,1178.2868525896415,480.0605512881017,5.959756252331184,1.3896585981445053,113371.51394422312,1,12,2,0
2019-11-27,166.0,68.34342021540677,19.42773403087434,71.71966233398841,1178.386454183267,244.38676666720585,2.847151548324656,1.2261878700892952,113378.98406374503,2,12,2,2
2019-11-28,106.0,67.21291171584248,19.571465523277926,70.05640497561096,1178.4860557768925,181.06435144107317,3.6962203306057337,1.3271789047867035,113386.45418326693,3,12,2,1
2019-11-29,89.0,69.05518403553785,19.71680500671952,73.92309036881328,1178.585657370518,162.338848039052,6.353067541407639,1.6272355006409358,113393.92430278884,4,12,1,2
2019-11-30,175.0,75.86545781899008,19.86370943006113,71.33856428106617,1178.6852589641435,266.8792783171195,3.9485423087759264,1.6840062509790388,113401.39442231075,5,12,0,2
2019-12-01,257.0,70.52999478323432,20.012135278612526,66.21588278408085,1178.784860557769,368.66356736263697,2.0648508289507523,0.7934987659377212,113408.86454183268,6,12,1,1
2019-12-02,299.0,77.48705302764512,20.162038587020724,68.08065314762545,1178.8844621513945,399.79375336434225,6.5020508541341036,0.4377840721387678,113416.33466135459,0,12,2,0
2019-12-03,302.0,75.01688126761626,20.313374952293128,65.39312081139629,1178.98406374502,466.68326417217907,4.416257953622122,0.47592203485724505,113423.8047808765,1,12,3,1
2019-12-04,313.0,64.92442915933472,20.46609954695001,74.44783659909298,1179.0836653386455,453.204879943529,9.12886652720851,1.634538126167204,113431.2749003984,2,12,2,1
2019-12-05,389.0,77.96479435495696,20.620167132302992,68.86622397875372,1179.183266932271,587.0230090377538,7.3893522569954895,2.1948958858411025,113438.74501992032,3,12,0,2
2019-12-06,423.0,78.66622719203095,20.77553207185521,77.95488928505462,1179.2828685258964,609.5035932082127,2.054848966235572,1.0827910680293242,113446.21513944223,4,12,1,1
2019-12-07,382.0,69.56461245341602,20.93214834481944,67.83239924128802,1179.382470119522,567.695249190596,3.452541231572096,0.5068483847907097,113453.68525896415,5,12,3,2
2019-12-08,404.0,76.55597293460006,21.08996955974978,64.27802704594814,1179.4820717131474,606.6743810980211,2.913804931383731,1.9158459959052512,113461.15537848606,6,12,3,1
2019-12-09,371.0,70.0930343288123,21.248948968283422,59.93353010036902,1179.581673306773,561.8718716208859,0.6284825281821841,2.0979747386066765,113468.62549800797,0,12,0,1
2019-12-10,377.0,74.78383214424767,21.409039478988007,58.16622266074426,1179.6812749003984,543.2035562529517,1.3576465287948398,2.2133978634903198,113476.09561752988,1,12,1,0
2019-12-11,430.0,67.8924111295699,21.570193671310566,58.93893294235143,1179.780876494024,668.9382189752271,11.092751913589984,1.5563954293929598,113483.56573705179,2,12,3,1
2019-12-12,471.0,65.16828583251504,21.73236380962416,67.8709056358091,1179.8804780876494,694.5621043053605,1.3077629873828276,2.165748542531403,113491.0358565737,3,12,2,0
2019-12-13,322.0,72.13816312325142,21.895501857367478,68.75262140141471,1179.980079681275,449.5106107909351,2.075426757742665,0.13699590027617842,113498.50597609562,4,12,0,1
2019-12-14,179.0,73.35157552298887,22.059559491273927,57.974927507291476,1180.0796812749004,266.3195316007307,2.23061438766256,0.3573659242468564,113505.97609561753,5,12,3,1
2019-12-15,205.0,71.89935747408425,22.224488115685475,70.02621533900962,1180.179282868526,308.1875061805292,2.631850288487061,0.322182560925037,113513.44621513944,6,12,0,1
2019-12-16,202.0,67.8847277704136,22.39023887694718,62.80421698768844,1180.2788844621514,306.2117886634352,2.3106053398228616,1.8102512422113592,113520.91633466135,0,12,1,0
2019-12-17,178.0,71.72212335040516,22.556762677878318,65.6204397041711,1180.3784860557769,294.24264807370156,9.628218841595782,0.2669962805045897,113528.38645418326,1,12,1,2
2019-12-18,273.0,74.98446866674603,22.724010192315294,72.61308275664655,1180.4780876494024,404.7710232652828,1.4187518353688144,1.291274493919137,113535.85657370517,2,12,1,0
2019-12-19,354.0,73.32956890952596,22.891931879722716,68.70033281988222,1180.5776892430279,528.6076075126246,0.3105815418674989,1.234496556727094,113543.32669322709,3,12,2,1
2019-12-20,452.0,74.38226615306216,23.06047799986779,62.53639076073526,1180.6772908366534,655.9363123753382,3.306965157099785,0.8456884565397782,113550.796812749,4,12,3,2
2019-12-21,441.0,70.03462468395182,23.22959862755404,59.084841617815485,1180.7768924302788,677.9110700577579,4.207290968245045,2.1889724078610397,113558.26693227091,5,12,1,1
2019-12-22,351.0,79.15896773987605,23.399243667409504,52.442435658534464,1180.8764940239043,530.1861812815621,5.2909050110575935,0.5090396845119904,113565.73705179284,6,12,2,0
2019-12-23,321.0,67.33445188286328,23.569362868725644,59.26550766633661,1180.9760956175298,473.09944545411673,9.860084283506328,0.9459106825581756,113573.20717131475,0,12,1,0
2019-12-24,376.0,75.56784856526252,23.73990584034215,61.46453712517723,1181.0756972111553,525.9065061306908,1.850066357188502,1.9580116000550298,113580.67729083665,1,12,1,2
2019-12-25,384.0,78.95404443201316,23.910822065573285,57.24245823309751,1181.1752988047808,604.8882439011018,0.10734530378336514,0.17301355454388218,113588.14741035858,2,12,3,0
2019-12-26,340.0,75.36351000515866,24.082060917171642,61.17959333019519,1181.2749003984063,485.44640071087883,1.6116552596333358,1.715080960591285,113595.61752988049,3,12,2,1
2019-12-27,372.0,71.86059302851372,24.253571672324252,61.877116070145334,1181.3745019920318,546.1744398126059,0.9922676208613345,2.0593545432677693,113603.0876494024,4,12,1,2
2019-12-28,425.0,70.14586300284641,24.4253035276774,60.025113035604804,1181.4741035856573,644.66689022152,4.628681819143067,2.3374428132116014,113610.55776892431,5,12,2,1
2019-12-29,455.0,77.88183544803876,24.597205614385036,57.55557586711263,1181.5737051792828,658.5688414276663,4.283892511977276,2.203111937179564,113618.02788844622,6,12,2,2
2019-12-30,506.0,65.50051186710321,24.76922701317685,61.30481933347994,1181.6733067729083,729.1298044349371,4.345537881765714,0.8665218804008443,113625.49800796813,0,12,1,2
2019-12-31,417.0,67.67872031338135,24.941316769440867,62.32706970896531,1181.7729083665338,583.0210483459867,3.2600813833386644,1.5072739391750862,113632.96812749005,1,12,1,1
2020-01-01,492.0,70.45549921838293,25.11342390831694,54.32115679615189,1181.8725099601593,752.4199390581127,2.4012216496483902,0.28550438356111807,113640.43824701196,2,12,0,0
2020-01-02,485.0,78.54552006266199,25.285497449795987,66.48366699913937,1181.9721115537848,716.5962751054735,1.6947682076529207,0.7188880085152206,113647.90836653387,3,12,3,1
2020-01-03,426.0,74.17009496829407,25.457486423820814,58.592086490937064,1182.0717131474103,697.5454018494665,3.6564929359274823,0.3261337089940177,113655.37848605578,4,12,1,0
2020-01-04,366.0,67.3451012647567,25.629339885384137,58.83556834395596,1182.1713147410358,529.1128986873825,4.904023932238677,0.8564494963695132,113662.84860557769,5,12,0,0
2020-01-05,354.0,70.54795800826606,25.801006929618822,61.93905825704514,1182.2709163346613,512.5709795314216,2.0632812278848776,2.2004493123009494,113670.31872509961,6,12,3,1
2020-01-06,335.0,68.94216592608021,25.97243670687662,59.22120724256427,1182.3705179282867,491.19214059429197,1.5180087675742453,0.9332004152183022,113677.78884462152,0,12,1,2
2020-01-07,285.0,68.37926581993716,26.143578437790314,62.478526293985595,1182.4701195219122,432.36269310276975,3.245854139178241,1.4485554472034234,113685.25896414343,1,12,2,1
2020-01-08,281.0,76.73725707862627,26.314381428315247,58.806857969378626,1182.569721115538,412.0959332242938,2.1894532692644297,1.140114035475858,113692.72908366534,2,12,3,2
2020-01-09,231.0,64.89888681130984,26.484795084745258,53.9682229573073,1182.6693227091632,358.74664428005025,6.6214597321462225,1.2013996583169648,113700.19920318725,3,12,2,0
2020-01-10,255.0,79.71651981432225,26.654768928699216,58.49797976863208,1182.768924302789,362.9282322002269,6.172470931268442,2.42697292440774,113707.66932270916,4,12,0,2
2020-01-11,309.0,75.7290221448865,26.824252612073234,50.632863739250226,1182.8685258964142,435.86816563072836,4.852873889028329,0.810770723833259,113715.13944223108,5,12,1,1
2020-01-12,352.0,76.95771038704135,26.9931959319543,56.55640666497401,1182.96812749004,492.03570521181786,3.3722915179201163,1.6055787268556112,113722.609561753,6,12,0,2
2020-01-13,381.0,69.10452801712819,27.16154884549105,55.510752355795596,1183.0677290836654,527.028516641256,5.204398572887199,1.108150406990673,113730.0796812749,0,12,1,0
2020-01-14,314.0,70.58566566224604,27.329261484716813,54.30089274420367,1183.167330677291,460.63861961049884,2.2721453594579595,0.2467508345144469,113737.54980079681,1,12,1,0
2020-01-15,241.0,64.08609884171585,27.49628417132117,54.364744100163,1183.2669322709164,355.48039375213557,6.035641474970392,1.2743939958981663,113745.01992031872,2,12,2,2
2020-01-16,286.0,68.54540424898342,27.662567431365154,45.26561990978149,1183.366533864542,416.3712594503363,6.789201562751818,2.05202398970826,113752.49003984063,3,12,0,0
2020-01-17,287.0,73.5542432332477,27.828062009936097,51.600251441423,1183.4661354581674,455.36811594374325,3.0114576682385064,0.3370071248360521,113759.96015936256,4,12,2,0
2020-01-18,262.0,77.48395586603834,27.99271888573728,54.478786734231015,1183.565737051793,417.5606041921627,2.467702185220012,0.26702043375114154,113767.43027888447,5,12,2,2
2020-01-19,290.0,65.38597127318339,28.15648928560869,54.48630338876962,1183.6653386454184,428.30394025110996,3.9620988828704493,0.46871564894384,113774.90039840637,6,12,2,0
2020-01-20,282.0,69.01280796558659,28.31932469897415,48.222974897421906,1183.7649402390439,387.12157773616076,1.271081512704026,1.9345602673343345,113782.37051792828,0,12,0,2
2020-01-21,359.0,70.00291545273207,28.48117689221063,59.366185419902244,1183.8645418326694,527.1658978388989,4.419254909945862,1.8375889219473711,113789.8406374502,1,12,1,2
2020-01-22,378.0,63.70005502756971,28.64199792293572,48.38512991305606,1183.9641434262949,555.0035721216587,3.1685227927391315,1.4560426453746653,113797.3107569721,2,12,1,0
2020-01-23,273.0,73.55587613168777,28.801740154208456,57.243805694216775,1184.0637450199204,396.3573007544388,6.016225756726305,1.2237433698223177,113804.78087649403,3,12,0,2
2020-01-24,155.0,66.89987020696691,28.960356268640087,54.21525927207825,1184.1633466135459,218.5456219220351,3.3579851260022138,2.231981955286293,113812.25099601594,4,12,1,0
2020-01-25,251.0,69.46414860290992,29.117799282409905,48.533264885961174,1184.2629482071713,363.4307420855039,2.9680597108955924,1.940074777200358,113819.72111553785,5,12,0,0
2020-01-26,349.0,68.10324186084942,29.274022559182384,60.32850934468279,1184.3625498007968,515.7691676820448,0.6867210175224668,2.048661403124332,113827.19123505976,6,12,0,0
2020-01-27,365.0,66.3388175594409,29.428979823921466,45.17385619337467,1184.4621513944223,534.7891780236889,5.2424823689948,2.05182952324157,113834.66135458167,0,12,1,1
2020-01-28,302.0,70.17346248429844,29.582625176597553,55.430520514854905,1184.5617529880478,457.1664501725118,4.410429773435849,1.6425211713893393,113842.13147410357,1,12,3,0
2020-01-29,218.0,69.05449555426802,29.734913105783725,55.53308537864744,1184.6613545816733,334.2073743180972,2.9217765178488326,1.19923509835827,113849.6015936255,2,12,2,2
2020-01-30,195.0,68.19781133753834,29.885798502136655,46.87530195034346,1184.7609561752988,274.2870982563502,3.016716930468404,2.1752266062055607,113857.07171314741,3,12,0,2
2020-01-31,203.0,66.34007355571899,30.035236671758597,56.89185315680445,1184.8605577689243,329.92130652014066,2.8279674057369575,2.3224178022478017,113864.54183266932,4,12,0,2
2020-02-01,244.0,71.50603167919675,30.18318334943605,48.38340072813314,1184.9601593625498,346.3987539631877,3.0239922818855027,0.15713450382002322,113872.01195219123,5,12,3,1
2020-02-02,254.0,78.10328898658558,30.329594711751685,50.78427872289591,1185.0597609561753,348.6439877236933,5.64380323830387,0.22373169583900313,113879.48207171314,6,12,0,1
2020-02-03,297.0,70.46222246916297,30.474427390065323,50.35275441372546,1185.1593625498008,453.11556142730103,5.679516088938019,2.4009839125802497,113886.95219123505,0,12,0,2
2020-02-04,336.0,74.67177183287556,30.617638483360167,48.093179325926926,1185.2589641434263,487.6518373117132,2.5446588988455376,0.7651854732260674,113894.42231075697,1,12,1,2
2020-02-05,344.0,62.669297588757416,30.759185570950542,52.535670223897824,1185.3585657370518,522.4258294151477,1.9112998570562765,2.196086655158605,113901.89243027888,2,12,1,1
2020-02-06,277.0,70.33929383394512,30.89902672504745,52.16939015266617,1185.4581673306773,367.42662797798937,3.850169266289398,1.0331082855073663,113909.36254980079,3,12,3,2
2020-02-07,307.0,63.99459814355568,31.037120523177983,39.18309908745313,1185.5577689243028,488.34911882966134,2.9346326494679493,0.38584013826245345,113916.83266932271,4,12,0,0
2020-02-08,315.0,62.02866233211302,31.173426060454954,54.17484909348086,1185.6573705179283,485.94586816080806,1.8458141864202693,0.2930636805024022,113924.30278884462,5,12,2,0
2020-02-09,310.0,65.64919148185794,31.307902961693735,39.07173413643416,1185.7569721115538,434.99046901673995,3.1968819224519525,0.4756189577930956,113931.77290836653,6,12,1,2
2020-02-10,328.0,75.23924097538219,31.440511393371374,52.28170823496554,1185.8565737051792,462.4244575230743,4.53958395275229,0.6997436676816753,113939.24302788846,0,12,2,0
2020-02-11,347.0,73.96447310563515,31.571212075426146,52.49110153328562,1185.9561752988047,553.9453180819505,0.6124534702915262,1.272444049433983,113946.71314741037,1,12,2,2
2020-02-12,343.0,70.36504046382574,31.699966292892515,41.14523526313898,1186.0557768924302,499.75240193004083,12.166706417828962,1.7835949613578805,113954.18326693228,2,12,3,1
2020-02-13,279.0,61.42312924686595,31.826735907368814,44.292456745489446,1186.1553784860557,401.8163030253475,7.478004912715423,2.4673565835647198,113961.65338645419,3,12,3,2
2020-02-14,186.0,68.04285505890302,31.951483368314598,40.568509920941125,1186.2549800796812,233.67895811701436,1.7453055135368298,1.1596161838940107,113969.1235059761,4,12,0,1
2020-02-15,174.0,70.47141418242211,32.07417172417313,44.77705140021007,1186.3545816733067,253.9844358879689,0.7004538810515928,1.3436438616234636,113976.59362549802,5,12,3,0
2020-02-16,254.0,69.7802988312344,32.19476463331715,44.070299312436994,1186.4541832669322,376.44560770328496,4.054436504835377,1.3523576833198134,113984.06374501993,6,12,1,0
2020-02-17,323.0,59.62441889518948,32.313226374813574,49.27184991171955,1186.5537848605577,498.8098619353897,4.871493597205293,1.3946424531710466,113991.53386454184,0,12,0,0
2020-02-18,292.0,64.33364983039854,32.42952185900422,51.692500012589605,1186.6533864541832,410.0184314363105,1.0480386435063922,1.3425775770507096,113999.00398406375,1,12,0,2
2020-02-19,300.0,68.40780286030636,32.5436166379001,51.89118577814958,1186.7529880478087,419.59426415518783,10.040012125820077,0.12105941214860279,114006.47410358566,2,12,2,1
2020-02-20,253.0,71.35371608989347,32.65547691538494,41.87820603633861,1186.8525896414342,388.51925269552953,2.4986458812169503,0.10413957306361771,114013.94422310757,3,12,2,1
2020-02-21,170.0,57.636826115887146,32.76506955722623,43.42375151682491,1186.9521912350597,275.1346014245413,2.2045800455915514,0.334399163502695,114021.41434262949,4,12,2,0
2020-02-22,104.0,67.75319907215578,32.87236210088986,35.83808483711553,1187.0517928286852,124.57695297764234,1.7260004180399202,0.3437358482300292,114028.8844621514,5,12,0,0
2020-02-23,221.0,69.22658246681692,32.977322765155705,40.016004137207645,1187.1513944223107,353.13028172599485,5.872199317893083,1.7917525814915105,114036.35458167331,6,12,3,1
2020-02-24,169.0,72.70809971281513,33.07992045953186,48.66441724642356,1187.2509960159362,254.25083682973644,5.963358728571974,0.5917984780383995,114043.82470119522,0,12,3,2
2020-02-25,244.0,71.87422552445527,33.180124793463825,51.71766453081351,1187.3505976095616,387.8361067814929,1.3230586883375153,2.247313851413471,114051.29482071713,1,12,3,0
2020-02-26,303.0,71.27390355137582,33.27790608533641,37.272443469927566,1187.4501992031874,453.0955927696477,2.9092324476840896,2.328655190984847,114058.76494023904,2,12,0,2
2020-02-27,270.0,64.3136797808573,33.373235371266034,40.29120796170346,1187.5498007968126,354.55444165024096,4.372709727685449,2.442144010950157,114066.23505976096,3,12,0,0
2020-02-28,214.0,58.72694710754355,33.46608441367984,42.93580238784569,1187.6494023904384,317.9606523536792,8.247177985883345,2.353795131728848,114073.70517928287,4,12,0,0
2020-02-29,144.0,66.2565233598529,33.5564257096802,44.28795437473764,1187.7490039840636,237.2028763734254,1.6914204487836653,0.752531972604459,114081.17529880478,5,12,0,2
2020-03-01,105.0,73.18604287644715,33.64423249919131,38.66351740200915,1187.8486055776893,139.6250796183257,2.3938388740755823,1.32346442728843,114088.64541832669,6,12,0,2
2020-03-02,192.0,75.10253325117931,33.72947877288569,44.66134767654906,1187.9482071713146,280.240700621851,0.39099178665460216,0.5210919284726584,114096.1155378486,0,12,3,2
2020-03-03,226.0,71.64667587154459,33.81213927988866,40.0065247048681,1188.0478087649403,335.47732992898045,3.067753640813251,2.0349031724138396,114103.58565737051,1,12,0,2
2020-03-04,200.0,70.20060934637984,33.89218953525766,42.14335957509329,1188.1474103585658,242.00972240263036,4.817317648860469,2.2322360923458304,114111.05577689243,2,12,3,1
2020-03-05,112.0,69.91339532831223,33.9696058272352,44.7922095855481,1188.2470119521913,201.42695150874954,2.366786745915398,2.1430932143140358,114118.52589641434,3,12,0,1
2020-03-06,82.0,65.19722365405988,34.04436522427243,41.94338090050982,1188.3466135458168,104.97248640205652,3.4429920215638408,1.1400806768724039,114125.99601593625,4,12,3,0
2020-03-07,77.0,67.29147574132108,34.11644558182164,39.58517938372388,1188.4462151394423,125.61470864945598,2.1732818453175704,1.9208173232482744,114133.46613545816,5,12,1,0
2020-03-08,156.0,76.25243485468371,34.18582554889589,41.08029988257906,1188.5458167330678,232.26597727703583,3.719640577875898,0.3341900069830467,114140.93625498007,6,12,1,0
2020-03-09,138.0,63.160967683844014,34.252484574393215,41.053216055186894,1188.6454183266933,232.1523811271872,6.118669155140319,0.19658744948620166,114148.40637450198,0,12,3,1
2020-03-10,186.0,75.91569249695712,34.31640291318426,39.51713902422084,1188.7450199203188,287.1211224485616,0.8267550828007435,1.907767394341026,114155.8764940239,1,12,1,2
2020-03-11,128.0,66.20107841155924,34.37756163196093,39.95089642274263,1188.8446215139443,187.30151456958052,0.5794346717088735,1.120852658388841,114163.34661354581,2,12,1,0
2020-03-12,125.0,74.40918923805312,34.43594261484454,49.1213506228345,1188.9442231075698,169.6296981496144,4.387125802134183,2.489318235374966,114170.81673306772,3,12,3,1
2020-03-13,170.0,60.720160668136245,34.491528568752116,43.821540102201965,1189.0438247011953,270.9570140276428,4.32269582434503,0.33341011805327775,114178.28685258963,4,12,0,0
2020-03-14,131.0,70.6573694915639,34.54430302851871,39.43399235281677,1189.1434262948208,159.03117392090766,6.8475102451498895,2.153506435684561,114185.75697211154,5,12,0,1
2020-03-15,124.0,64.01902413937464,34.5942503617745,44.29627129900468,1189.2430278884462,198.91780840551786,4.3895602177704935,1.2519593572695802,114193.22709163347,6,12,3,2
2020-03-16,148.0,60.602986153591374,34.641355773575384,39.04819100406918,1189.3426294820717,200.01910496890255,5.0389432647406025,2.085160469209305,114200.69721115539,0,12,2,1
2020-03-17,164.0,68.74986755666207,34.685605310785306,46.4944125663626,1189.4422310756972,271.0456732391328,1.9329290326562225,2.0611054772083475,114208.1673306773,1,12,2,2
2020-03-18,162.0,72.68386600987513,34.72698586620941,42.39423922857165,1189.5418326693227,246.2259908532539,6.496018195161005,2.298380803268986,114215.63745019921,2,12,1,0
2020-03-19,191.0,63.39255021579428,34.76548518247649,39.93251891502588,1189.6414342629482,299.3824753570022,1.9679034854379451,0.8148400270866466,114223.10756972112,3,12,2,2
2020-03-20,209.0,60.10437426987314,34.8010918556697,42.63640091771198,1189.7410358565737,315.1397762764944,0.5695499425510379,2.3795184483088074,114230.57768924303,4,12,1,1
2020-03-21,205.0,67.1238785089729,34.83379533870467,32.47802856224817,1189.8406374501992,272.45245809718006,1.4211512405171522,0.4640007048582887,114238.04780876495,5,12,0,0
2020-03-22,198.0,67.13103038388735,34.86358594445349,34.63899076654399,1189.9402390438247,279.7854167320932,6.309579132779912,0.2967250662243773,114245.51792828686,6,12,3,0
2020-03-23,127.0,70.29637071346535,34.89045484861428,34.249465270776156,1190.0398406374502,203.94778675222764,3.2020472340150077,1.135877241693638,114252.98804780877,0,12,0,1
2020-03-24,124.0,72.29077581065995,34.914394092325,40.88592728916854,1190.1394422310757,189.3331163471969,1.650327588845987,2.087975124740422,114260.45816733068,1,12,3,2
2020-03-25,92.0,67.23522580137708,34.93539658452089,48.791781828383684,1190.2390438247012,161.61979810611345,1.8047420084212793,1.2362107135202696,114267.92828685259,2,12,2,1
2020-03-26,93.0,76.8007885219538,34.95345610403503,51.249588522893106,1190.3386454183267,147.56549126074344,7.639765765575727,2.090288026073234,114275.3984063745,3,12,0,2
2020-03-27,76.0,68.63689007195595,34.96856730144103,43.25312090432173,1190.4382470119522,94.6659621859468,2.881177547426587,1.8512483339063326,114282.86852589643,4,12,0,2
2020-03-28,51.0,65.77750461964669,34.98072570063764,42.542770973447,1190.5378486055777,60.57871724558732,4.281402155871404,0.6026281267334405,114290.33864541833,5,12,1,0
2020-03-29,64.0,59.44719935439857,34.98992770017459,31.014855928887123,1190.6374501992032,98.05834781046474,13.367622655832408,2.377315899758713,114297.80876494024,6,12,3,2
2020-03-30,74.0,66.18861711125946,34.99617057431939,37.29428985269111,1190.7370517928287,64.71911867999789,1.7750121506976628,0.2458748047105682,114305.27888446215,0,12,2,0
2020-03-31,81.0,65.81833903601196,34.999452473864736,36.06217629272933,1190.8366533864541,154.9688377124597,7.586173248704301,2.2558712981051077,114312.74900398406,1,12,0,1
2020-04-01,80.0,72.30163776806926,34.99977242667621,36.896217155392,1190.9362549800796,128.83493472755114,1.8193891379448157,0.8306642775768975,114320.21912350597,2,12,3,1
2020-04-02,78.0,69.81385295134412,34.99713033798032,39.165020231115406,1191.0358565737051,141.54069194097744,4.194171001981068,1.3003553995945583,114327.6892430279,3,12,2,0
2020-04-03,84.0,61.60739089664066,34.99152699039252,37.65649313072932,1191.1354581673306,94.38792118381662,6.9339107795268395,1.1136444944817627,114335.1593625498,4,12,0,0
2020-04-04,90.0,68.36978991021249,34.98296404368539,30.137572860750275,1191.2350597609561,159.89130320710512,3.068846771127493,0.5124029366005989,114342.62948207172,5,12,3,2
2020-04-05,103.0,70.87193384149677,34.97144403429701,43.79666321199365,1191.3346613545816,199.12997822055496,0.9724562122313256,0.9595524793640635,114350.09960159363,6,12,1,0
2020-04-06,134.0,75.16167160964936,34.956970374579626,34.72234412214171,1191.434262948207,174.58243289245365,2.31368938208841,0.5630426471027087,114357.56972111553,0,12,0,1
2020-04-07,100.0,71.96774616117584,34.9395473517889,41.31713961697794,1191.5338645418326,165.42803589807534,0.705907934367634,0.5893275411052572,114365.03984063744,1,12,3,0
2020-04-08,91.0,71.34464320815042,34.91918012681394,50.53205309512198,1191.633466135458,136.52219889374587,6.368273470271768,0.5489364064633129,114372.50996015937,2,12,2,0
2020-04-09,89.0,67.85249260675151,34.895874732648636,35.61132757677061,1191.7330677290836,102.61132303503511,9.836866367642585,1.2736417128318263,114379.98007968128,3,12,2,0
2020-04-10,111.0,69.50674099081498,34.86963807260455,27.609286241059248,1191.832669322709,176.3576794370374,2.880857490300844,2.0150352820271573,114387.45019920319,4,12,1,2
2020-04-11,126.0,73.82728554439771,34.84047791826616,38.889023054067124,1191.9322709163346,205.67206409674696,1.803839400856989,1.4655280810269784,114394.9203187251,5,12,0,0
2020-04-12,102.0,60.931911559007354,34.80840290718879,45.88799236061527,1192.03187250996,140.97746894662305,5.809026792754727,2.2436958125220205,114402.390438247,6,12,1,2
2020-04-13,119.0,65.8660920937452,34.77342254034006,50.24489219042285,1192.1314741035856,201.81833040510446,12.459317373429228,1.627706772584138,114409.86055776892,0,12,3,2
2020-04-14,134.0,63.76938266657597,34.735547179285646,34.381157669166626,1192.231075697211,167.66473186421604,6.665902020332621,1.7544162775182508,114417.33067729084,1,12,2,0
2020-04-15,152.0,69.54837157207061,34.694788043120006,43.093920029942595,1192.3306772908365,198.1048770710071,4.223822769238667,1.7022573513448076,114424.80079681275,2,12,1,2
2020-04-16,172.0,73.82553227568235,34.6511572051432,38.37113330581333,1192.430278884462,260.731947911775,0.9035317899603148,1.1787020636409788,114432.27091633466,3,12,0,0
2020-04-17,123.0,64.7127947717523,34.604667589284674,40.26092304990998,1192.5298804780878,185.00770555944544,0.8736625723614335,1.7544131732801989,114439.74103585657,4,12,3,1
2020-04-18,102.0,55.77081167951533,34.55533296627497,54.11105080253524,1192.629482071713,138.6685302315179,2.932980457205313,0.2672985915255068,114447.21115537848,5,12,0,1
2020-04-19,95.0,65.68731230009425,34.503167949566794,33.478812458890644,1192.7290836653387,158.6918887194377,3.499735122420742,2.1636435325975913,114454.68127490039,6,12,1,2
2020-04-20,115.0,72.3432746645839,34.44818799100624,42.37232232546038,1192.828685258964,183.11788628431898,2.5947451987459544,1.9667491442654017,114462.15139442231,0,12,2,1
2020-04-21,102.0,70.49294482662148,34.390409376255846,43.55764710631547,1192.9282868525897,170.1627814186803,2.103981657892446,0.6885518997560292,114469.62151394422,1,12,2,0
2020-04-22,122.0,69.97600662906756,34.32984921997065,46.76923318475544,1193.027888446215,180.53727129295464,1.7892131824436572,1.9432778902097978,114477.09163346613,2,12,1,2
2020-04-23,129.0,66.46677076026333,34.266525460728516,41.95686484589744,1193.1274900398407,205.55160535956682,2.968036606686591,0.13034224336004438,114484.56175298804,3,12,0,0
2020-04-24,143.0,61.504617891042756,34.200456855716624,43.13933898608727,1193.2270916334662,205.58699393940012,3.9274127390235036,0.6213917739541129,114492.03187250995,4,12,0,2
2020-04-25,121.0,70.51064012053463,34.131662975175416,39.77843121254021,1193.3266932270917,222.5763738017319,14.288231683775175,0.2563293728101502,114499.50199203187,5,12,0,2
2020-04-26,119.0,63.79850885152611,34.06016419660154,43.22530631302246,1193.4262948207172,162.24908459756028,0.5952810687951814,1.9725445998829472,114506.97211155378,6,12,0,2
2020-04-27,98.0,78.92749281754628,33.985981698712024,40.3120752250889,1193.5258964143427,189.10594858916625,5.838874561545786,1.9140979628281292,114514.44223107569,0,12,2,2
2020-04-28,105.0,70.89796731418726,33.909137455170665,45.289584538938925,1193.6254980079682,158.19775894178818,2.1975360181065735,2.0527264571243933,114521.9123505976,1,12,0,1
2020-04-29,123.0,65.18193137319057,33.829654228079356,40.49263986362312,1193.7250996015937,156.98978220862514,1.632266785764888,0.1107560639812692,114529.38247011951,2,12,1,1
2020-04-30,128.0,65.069295982439,33.747555561235714,44.390390847039505,1193.8247011952192,219.36158700977202,2.4425771587907477,1.3029585440281792,114536.85258964142,3,12,1,1
2020-05-01,140.0,67.70384608035255,33.662865773159005,42.5279543852571,1193.9243027888447,212.51802776789918,4.174879260140639,1.7916068740416076,114544.32270916336,4,12,1,2
2020-05-02,127.0,67.01468541494778,33.575609949886925,48.47903135408699,1194.0239043824702,207.52248196760476,0.4922757269107239,0.4729627089736371,114551.79282868527,5,12,1,1
2020-05-03,110.0,73.84126190887744,33.48581393754467,42.77140350696823,1194.1235059760957,189.47711837085185,6.648653511119898,1.6594977460302993,114559.26294820718,6,12,0,2
2020-05-04,92.0,69.23532868137569,33.393504334689084,34.34782898958743,1194.2231075697212,144.75911108290052,4.047870703622261,0.3018642383432457,114566.73306772909,0,12,2,1
2020-05-05,117.0,64.69248706324237,33.29870848443001,49.71219053470994,1194.3227091633466,163.6551831037437,3.3455956407335252,0.5351820546503516,114574.203187251,1,12,3,2
2020-05-06,139.0,77.85147619261356,33.20145446633072,39.06842956302546,1194.4223107569721,228.014267553385,2.300897366668553,1.2419123559870424,114581.67330677291,2,12,0,1
2020-05-07,140.0,68.69565611355576,33.101771088090715,40.527626130574475,1194.5219123505976,210.01511014909192,0.05237599759632473,1.668556366434645,114589.14342629483,3,12,3,1
2020-05-08,138.0,72.34435444133834,32.9996878770123,41.02231777575794,1194.6215139442231,220.71715637216838,2.108088733094812,0.4500859046893506,114596.61354581674,4,12,2,1
2020-05-09,142.0,65.51124992714898,32.895235071254426,51.08172032334524,1194.7211155378486,169.92538852417078,2.7930598159256865,0.5445359939942509,114604.08366533865,5,12,0,2
2020-05-10,127.0,70.42135633328466,32.78844361087591,33.7447417083547,1194.820717131474,199.43963434019705,8.883859111065481,0.5906712809575911,114611.55378486056,6,12,3,2
2020-05-11,113.0,70.21587739138077,32.679345128670406,60.330052410959155,1194.9203187250996,156.7282834970994,3.137186786988886,0.6728819312775483,114619.02390438247,0,12,2,1
2020-05-12,122.0,59.26776756912095,32.56797194079658,50.1443401637371,1195.019920318725,216.0661927435706,3.596610233283475,0.6437292364630989,114626.49402390438,1,12,3,2
2020-05-13,132.0,78.8491970337003,32.45435703720581,46.207480496234176,1195.1195219123506,210.4617469577819,1.624157030207348,1.0483578603943282,114633.9641434263,2,12,1,0
2020-05-14,154.0,75.28395526867779,32.33853407186991,45.04846185317875,1195.219123505976,235.79715491698593,2.99018580658154,1.6690951620081351,114641.43426294821,3,12,1,1
2020-05-15,125.0,66.90375474286365,32.220537352812805,46.986695668662676,1195.3187250996016,197.22619986700442,0.7924182874570617,1.1512762795227272,114648.90438247012,4,12,2,1
2020-05-16,175.0,63.438450381746804,32.10040183194783,48.40480847800104,1195.418326693227,242.53118294246565,2.626675070483952,1.9623373809997315,114656.37450199203,5,12,2,0
2020-05-17,202.0,70.74872652165541,31.978163094724685,49.26975174030091,1195.5179282868526,335.4651338105611,5.516389571406513,1.8262444142766756,114663.84462151394,6,12,3,2
2020-05-18,222.0,69.50655982227755,31.853857349588836,49.07030763083957,1195.617529880478,372.82740836833807,2.933061989774895,0.40366459371778163,114671.31474103585,0,12,2,2
2020-05-19,238.0,70.91458403418825,31.727521417255787,46.99286057176467,1195.7171314741036,364.85827021096435,2.7968285826803325,0.21721989596978544,114678.78486055777,1,12,1,2
2020-05-20,196.0,70.15829062106803,31.59919271980481,45.814922458853744,1195.816733067729,325.80807137147275,5.46461243080414,2.207059753599055,114686.25498007968,2,12,1,1
2020-05-21,149.0,71.79675031173274,31.468909269593766,46.30581504254491,1195.9163346613545,212.11703602654933,5.486409412617088,0.2915945597508962,114693.7250996016,3,12,0,1
2020-05-22,199.0,76.56817366795926,31.33670965799955,46.3520392822375,1196.01593625498,282.55772867550036,0.6212260814409325,0.4560140337273114,114701.1952191235,4,12,3,1
2020-05-23,202.0,72.23919950364967,31.20263304398711,53.263584396361104,1196.1155378486055,303.81849497457847,6.075499074980972,0.15311986133948335,114708.66533864541,5,12,2,1
2020-05-24,174.0,64.21836293419543,31.06671914250973,50.83434532638485,1196.215139442231,269.698820767358,8.662129118191807,1.608007276716769,114716.13545816732,6,12,2,1
2020-05-25,157.0,76.34831015718953,30.92900821274547,33.44004040118766,1196.3147410358565,227.6202663751376,2.2208872193235303,1.4976893515800367,114723.60557768925,0,12,2,2
2020-05-26,153.0,77.80830229435566,30.78954104617158,51.70042179030565,1196.414342629482,240.2553638073697,2.3900065495034113,2.4685687994446135,114731.07569721116,1,12,3,0
2020-05-27,156.0,85.43610419531953,30.64835895448178,49.676963064630314,1196.5139442231075,240.12778964146827,3.048817408796599,2.2286377511612128,114738.54581673307,2,12,1,2
2020-05-28,174.0,64.12977795512728,30.505503757349448,48.895448703071615,1196.613545816733,241.03386449417889,1.3570199708766584,1.0860236259541833,114746.01593625497,3,12,2,2
2020-05-29,129.0,71.03390118073148,30.361017770039805,47.33537219447596,1196.7131474103585,203.87586034903444,7.57755197314047,0.991806018190084,114753.48605577688,4,12,2,1
2020-05-30,84.0,59.48203458861701,30.214943790876106,55.190676018177854,1196.812749003984,143.27056485043042,9.670291859765568,0.8124448822719641,114760.95617529881,5,12,1,0
2020-05-31,80.0,72.73208323761509,30.067325088561912,54.602982133490464,1196.9123505976095,123.42938635180782,6.541272636304392,0.46577660809091526,114768.42629482072,6,12,2,0
2020-06-01,100.0,67.29989581448383,29.91820538936461,46.29920088215274,1197.011952191235,173.05296206523386,0.6151044225690268,0.4314007758448217,114775.89641434263,0,12,0,2
2020-06-02,123.0,79.73341454204308,29.76762886416339,52.50000370729589,1197.1115537848605,160.15192413006096,1.9063666604632146,0.417480899223053,114783.36653386454,1,12,1,0
2020-06-03,123.0,66.31910509222459,29.615640115364997,45.91043609656358,1197.211155378486,193.85900844263705,2.2681934890544864,0.37387541724826856,114790.83665338645,2,12,1,2
2020-06-04,144.0,61.82294272831761,29.462284163692168,44.17734084867101,1197.3107569721114,192.5943858720645,2.771134491727765,0.6772289017732885,114798.30677290836,3,12,1,2
2020-06-05,126.0,67.98987807906329,29.307606434848232,48.251201007353714,1197.410358565737,166.71837283533824,3.773935964089513,0.8360047127514794,114805.77689243028,4,12,0,2
2020-06-06,102.0,60.54673477088379,29.151652746061046,56.0086618697917,1197.5099601593624,140.3813833252442,3.2563674919634877,2.4077895304933983,114813.2470119522,5,12,1,2
2020-06-07,104.0,74.25826262628057,28.99446929251196,56.776686641856514,1197.6095617529882,137.1587963285151,3.2753257585482527,1.488335802404526,114820.71713147411,6,12,3,1
2020-06-08,112.0,60.25653345189247,28.836102633651848,54.89322183318277,1197.7091633466134,157.04008362517723,6.597758934796602,2.4702298588318743,114828.18725099602,0,12,3,0
2020-06-09,138.0,70.80398806621085,28.676599679409875,56.272279575420235,1197.8087649402391,202.71699378577622,5.008003025698482,0.9939206747816157,114835.65737051793,1,12,3,1
2020-06-10,154.0,60.352937062569765,28.516007676298486,55.54887608297782,1197.9083665338644,247.7430897266277,2.9647865035592744,1.1983039182146584,114843.12749003984,2,12,1,1
2020-06-11,142.0,69.2213238806078,28.35437419341799,50.08384363704926,1198.0079681274901,206.57681922588594,5.658520780292134,0.87898878199667,114850.59760956177,3,12,1,1
2020-06-12,152.0,79.12101722483936,28.19174710836661,55.776118506636486,1198.1075697211156,196.28748586460816,3.959602169374675,0.5389303621517264,114858.06772908368,4,12,1,2
2020-06-13,132.0,72.78915216064989,28.02817459305816,57.94569844002209,1198.2071713147411,220.8013569299032,5.760222962714882,0.44359529866618996,114865.53784860559,5,12,0,2
2020-06-14,147.0,66.75067942544874,27.863705099453192,58.04404645016149,1198.3067729083666,203.7581973276992,8.832534896883402,2.3681900747387967,114873.0079681275,6,12,3,1
2020-06-15,130.0,70.99478888270097,27.6983873452072,60.547792166958814,1198.406374501992,193.82559145790742,7.191319996995948,2.468345636317014,114880.4780876494,0,12,2,1
2020-06-16,126.0,71.32394921060252,27.532270299239443,58.476978637526436,1198.5059760956176,197.93073013881423,1.1671552516676913,0.20778279162095573,114887.94820717131,1,12,2,0
2020-06-17,110.0,73.68045014560283,27.36540316722838,57.026434703251155,1198.605577689243,168.99220836805566,3.1679596840777826,0.46083009935623964,114895.41832669324,2,12,1,1
2020-06-18,107.0,64.56679049507791,27.197835377035904,60.95508043751033,1198.7051792828686,182.38359095042952,4.630046828618712,1.1164578215224543,114902.88844621515,3,12,0,2
2020-06-19,132.0,74.4480280872034,27.029616564066508,55.808160575621685,1198.804780876494,207.5800628678552,0.954216397474022,0.5472003432265776,114910.35856573706,4,12,1,1
2020-06-20,158.0,58.04764356370367,26.860796556564914,51.869033630731586,1198.9043824701196,219.77380840605784,4.431995869922791,0.9733129447045199,114917.82868525897,5,12,2,0
2020-06-21,105.0,68.50486455775294,26.69142536085602,55.80181445856914,1199.003984063745,201.07124347983324,4.649956035606082,0.4098312396631201,114925.29880478088,6,12,3,0
2020-06-22,104.0,69.29785421447595,26.521553146532657,53.23238048290244,1199.1035856573706,159.88666926676467,1.0611308951901752,1.1956282161322966,114932.76892430279,0,12,2,1
2020-06-23,85.0,74.99101901455866,26.351230231595057,53.92164816193798,1199.203187250996,124.55319546756988,3.0294232104602834,0.7520670788062223,114940.23904382471,1,12,3,0
2020-06-24,71.0,72.02290072961155,26.18050706754558,56.91639251133125,1199.3027888446215,125.77850846111141,4.328380569461508,0.944572133820786,114947.70916334662,2,12,3,0
2020-06-25,86.0,64.96746761849604,26.009434224445034,54.019031946110125,1199.402390438247,133.98901891860143,8.707692445423566,0.3263503635105942,114955.17928286853,3,12,0,2
2020-06-26,104.0,67.15600318294855,25.838062375932747,56.784067599939306,1199.5019920318725,163.98456385878654,3.3397041320968035,1.12750732170434,114962.64940239044,4,12,2,0
2020-06-27,112.0,73.16017890562868,25.666442284216707,49.199042096797655,1199.601593625498,217.84367997201375,1.1522136722345115,2.4598182663077677,114970.11952191235,5,12,1,0
2020-06-28,196.0,71.8573508981585,25.49462478503746,60.07721896678977,1199.7011952191235,288.49757143489904,0.9967736679853536,0.8891993125148567,114977.58964143426,6,12,0,1
2020-06-29,233.0,69.44304906551652,25.322660772609506,59.36070583159211,1199.800796812749,343.14478211965206,2.399224132435642,2.203430259621844,114985.05976095618,0,12,3,2
2020-06-30,114.0,70.02053046016688,25.15060118454645,55.61335447556615,1199.9003984063745,173.33157024024928,4.366210994152333,2.123677939896844,114992.52988047809,1,12,2,0
2020-07-01,101.0,75.99159149241034,24.978496986772228,63.33923436861757,1200.0,172.93031871162077,4.988580069242399,2.3849402039133056,115000.0,2,12,1,1
